source_image,column,index_column,raw_entry,entry_no
"..\He 6481 (2,2_3_0014.jpg",left,,Abraham Johannis 37 542 963.,1
"..\He 6481 (2,2_3_0014.jpg",left,,— prep. eccl. Lancicien. 1157.,2
"..\He 6481 (2,2_3_0014.jpg",left,,— de Monaco 1432.,3
"..\He 6481 (2,2_3_0014.jpg",left,,— d. Nemersze de Novacuria 156 229 542.,4
"..\He 6481 (2,2_3_0014.jpg",left,,Achacius (Achatius) Frederici de Fyernaw al. de Zydendorf 37.,5
"..\He 6481 (2,2_3_0014.jpg",left,,— de Lichtensteyn 132.,6
"..\He 6481 (2,2_3_0014.jpg",left,,— de Radmansdorf 37.,7
"..\He 6481 (2,2_3_0014.jpg",left,,— de Walestein 1.,8
"..\He 6481 (2,2_3_0014.jpg",left,,Adalbertus Henrici 37.,9
"..\He 6481 (2,2_3_0014.jpg",left,,Adam Bess de Kuya 37.,10
"..\He 6481 (2,2_3_0014.jpg",left,,— tit. s. Cecilie presb. card. 37 345 347 527 630 729 1030.,11
"..\He 6481 (2,2_3_0014.jpg",left,,— de Colonia 1307.,12
"..\He 6481 (2,2_3_0014.jpg",left,,— de Geystorp (Gerstorp) 348 1224.,13
"..\He 6481 (2,2_3_0014.jpg",left,,— de Gladebach 1116.,14
"..\He 6481 (2,2_3_0014.jpg",left,,— Hebbonis (Hobbonis) de Catwyc 65 1024.,15
"..\He 6481 (2,2_3_0014.jpg",left,,— Herfurter 37.,16
"..\He 6481 (2,2_3_0014.jpg",left,,— Hugonis 38.,17
"..\He 6481 (2,2_3_0014.jpg",left,,— de Leyns 38.,18
"..\He 6481 (2,2_3_0014.jpg",left,,— Manhart de superiori Heymbach 38.,19
"..\He 6481 (2,2_3_0014.jpg",left,,— de Nezetitz 38.,20
"..\He 6481 (2,2_3_0014.jpg",left,,— Nicolai de Banchow 38 1311.,21
"..\He 6481 (2,2_3_0014.jpg",left,,— de Ponte 1222.,22
"..\He 6481 (2,2_3_0014.jpg",left,,— Teucher 1044.,23
"..\He 6481 (2,2_3_0014.jpg",left,,— Zas 1333.,24
"..\He 6481 (2,2_3_0014.jpg",left,,Adeko 39.,25
"..\He 6481 (2,2_3_0014.jpg",left,,Adelheid v. Alheyd.,26
"..\He 6481 (2,2_3_0014.jpg",left,,Adericus de Smalfrede 40.,27
"..\He 6481 (2,2_3_0014.jpg",left,,"Adolphus (Adulfus, Atholphus) de Angeren 331 366.",28
"..\He 6481 (2,2_3_0014.jpg",left,,— de Aspach 40.,29
"..\He 6481 (2,2_3_0014.jpg",left,,— de Brantlicht 40.,30
"..\He 6481 (2,2_3_0014.jpg",left,,— Bruwer 40.,31
"..\He 6481 (2,2_3_0014.jpg",left,,— Klabelench 970.,32
"..\He 6481 (2,2_3_0014.jpg",left,,— Cliven. et de Marka com. 40 728.,33
"..\He 6481 (2,2_3_0014.jpg",left,,— aep. Colon. 1358.,34
"..\He 6481 (2,2_3_0014.jpg",left,,— Fridach 89.,35
"..\He 6481 (2,2_3_0014.jpg",left,,— Grantzyn 40.,36
"..\He 6481 (2,2_3_0015.jpg",right,8,Albertus Alberti 46.,1
"..\He 6481 (2,2_3_0015.jpg",right,8,— Alberti de Blani 1185.,2
"..\He 6481 (2,2_3_0015.jpg",right,8,— Alberti Sartoris de Novacivitate 46.,3
"..\He 6481 (2,2_3_0015.jpg",right,8,— de Apeldornebeke 819.,4
"..\He 6481 (2,2_3_0015.jpg",right,8,— de Alpinis 1117.,5
"..\He 6481 (2,2_3_0015.jpg",right,8,— [III.] dux Austrie 1 46 83 112 607 996.,6
"..\He 6481 (2,2_3_0015.jpg",right,8,— [IV.] dux Austrie 291 597 1185 1225.,7
"..\He 6481 (2,2_3_0015.jpg",right,8,— de Backenstayn 795.,8
"..\He 6481 (2,2_3_0015.jpg",right,8,— Bandelowo v. A. Vincentii de B.,9
"..\He 6481 (2,2_3_0015.jpg",right,8,— Banner 1333.,10
"..\He 6481 (2,2_3_0015.jpg",right,8,— dux Bavarie et comes Hollandie 46 379 809.,11
"..\He 6481 (2,2_3_0015.jpg",right,8,— de Berka 1339.,12
"..\He 6481 (2,2_3_0015.jpg",right,8,— Bere 46.,13
"..\He 6481 (2,2_3_0015.jpg",right,8,— Bergherdorpe 515.,14
"..\He 6481 (2,2_3_0015.jpg",right,8,— de Berninchusen 501.,15
"..\He 6481 (2,2_3_0015.jpg",right,8,— de Biutelspach 46.,16
"..\He 6481 (2,2_3_0015.jpg",right,8,— Blarer 46 846 1002 1028.,17
"..\He 6481 (2,2_3_0015.jpg",right,8,— de Blomberghe 514.,18
"..\He 6481 (2,2_3_0015.jpg",right,8,— Bluecher 1400.,19
"..\He 6481 (2,2_3_0015.jpg",right,8,— Boppe 1212.,20
"..\He 6481 (2,2_3_0015.jpg",right,8,— de Borwangen 203.,21
"..\He 6481 (2,2_3_0015.jpg",right,8,— Botelstete 1186.,22
"..\He 6481 (2,2_3_0015.jpg",right,8,— aep. Bremen. 1 8 47 220 224 642 929 1008 1020.,23
"..\He 6481 (2,2_3_0015.jpg",right,8,— de Bussnang 584.,24
"..\He 6481 (2,2_3_0015.jpg",right,8,— de Kalba 47.,25
"..\He 6481 (2,2_3_0015.jpg",right,8,— Chastner de Intzing 1186.,26
"..\He 6481 (2,2_3_0015.jpg",right,8,— de Kauffungen (Kouffungen) 47 878 1105.,27
"..\He 6481 (2,2_3_0015.jpg",right,8,— d. Cellerarius 1149 1434.,28
"..\He 6481 (2,2_3_0015.jpg",right,8,— Kerkhoff 1039.,29
"..\He 6481 (2,2_3_0015.jpg",right,8,— Cerretyn 771.,30
"..\He 6481 (2,2_3_0015.jpg",right,8,— Kinling 47.,31
"..\He 6481 (2,2_3_0015.jpg",right,8,— de Cinnia 1359.,32
"..\He 6481 (2,2_3_0015.jpg",right,8,— burggravius de Kirchberg 47 1070.,33
"..\He 6481 (2,2_3_0015.jpg",right,8,— Kirchob 47.,34
"..\He 6481 (2,2_3_0015.jpg",right,8,— Knoche 47.,35
"..\He 6481 (2,2_3_0015.jpg",right,8,— Knopemaker 47 177.,36
"..\He 6481 (2,2_3_0015.jpg",right,8,— Chodel 1333.,37
"..\He 6481 (2,2_3_0015.jpg",right,8,— de Kolditz 48.,38
"..\He 6481 (2,2_3_0015.jpg",right,8,— Comitis 48.,39
"..\He 6481 (2,2_3_0015.jpg",right,8,— Conradi Legelin de Phortzhem 48.,40
"..\He 6481 (2,2_3_0015.jpg",right,8,— ep. Constant. 1334 1394 1415.,41
"..\He 6481 (2,2_3_0015.jpg",right,8,— de Constorff 1192 1339.,42
"..\He 6481 (2,2_3_0015.jpg",right,8,— Coper 48 809.,43
"..\He 6481 (2,2_3_0015.jpg",right,8,— de Creyenberch 49 144 807 1152 1186.,44
"..\He 6481 (2,2_3_0015.jpg",right,8,— Cremer 136.,45
"..\He 6481 (2,2_3_0015.jpg",right,8,— Crest 581.,46
"..\He 6481 (2,2_3_0015.jpg",right,8,— Crevet 853.,47
"..\He 6481 (2,2_3_0015.jpg",right,8,— de Chuden 48.,48
"..\He 6481 (2,2_3_0016.jpg",right,10,Albertus Hese 54.,1
"..\He 6481 (2,2_3_0016.jpg",right,10,— de Hespurg (Hesseburg) 256 723 882 996.,2
"..\He 6481 (2,2_3_0016.jpg",right,10,— Heumader 1334.,3
"..\He 6481 (2,2_3_0016.jpg",right,10,— Hirsinger 54.,4
"..\He 6481 (2,2_3_0016.jpg",right,10,— de Hoenloch 54 795.,5
"..\He 6481 (2,2_3_0016.jpg",right,10,— Hofart 361.,6
"..\He 6481 (2,2_3_0016.jpg",right,10,— Hofhenke 54.,7
"..\He 6481 (2,2_3_0016.jpg",right,10,— Hofmaier 1126.,8
"..\He 6481 (2,2_3_0016.jpg",right,10,— com. Holtzacie 55.,9
"..\He 6481 (2,2_3_0016.jpg",right,10,— de Horne 55 136 858.,10
"..\He 6481 (2,2_3_0016.jpg",right,10,— Jaghote 1334.,11
"..\He 6481 (2,2_3_0016.jpg",right,10,"— Jastrabetz, ep. (el.) Poznan. 55 73 79 229 905 915 963 1004 1168 1186 1196 1252 1287 1291 1300 1334.",12
"..\He 6481 (2,2_3_0016.jpg",right,10,— precept. dom. hosp. Jerus. Poznan. 1196.,13
"..\He 6481 (2,2_3_0016.jpg",right,10,— Johannis 55.,14
"..\He 6481 (2,2_3_0016.jpg",right,10,— Johannis de Wynnagora 55.,15
"..\He 6481 (2,2_3_0016.jpg",right,10,— de Imminchusen 55.,16
"..\He 6481 (2,2_3_0016.jpg",right,10,— de Landesrost 311.,17
"..\He 6481 (2,2_3_0016.jpg",right,10,— Laurentii de Lagewniki 762 1186.,18
"..\He 6481 (2,2_3_0016.jpg",right,10,— Liebhardi 1186.,19
"..\He 6481 (2,2_3_0016.jpg",right,10,— de Lindowe 55.,20
"..\He 6481 (2,2_3_0016.jpg",right,10,"— com. de Lyssenik (Lisnig) 662 1186 1249 (v. A. in Mutzow, A. in Penik).",21
"..\He 6481 (2,2_3_0016.jpg",right,10,— baro de Litaw al. de Sterenberg 943.,22
"..\He 6481 (2,2_3_0016.jpg",right,10,— de Loden al. ten Antbade 56.,23
"..\He 6481 (2,2_3_0016.jpg",right,10,— Loebli 56.,24
"..\He 6481 (2,2_3_0016.jpg",right,10,— Lower 47 56.,25
"..\He 6481 (2,2_3_0016.jpg",right,10,— aep. Magdeburg. 1 8 56 114 383 438 577 608 652 735 873 1078.,26
"..\He 6481 (2,2_3_0016.jpg",right,10,— Meckmulen 58.,27
"..\He 6481 (2,2_3_0016.jpg",right,10,— Meyser 1397.,28
"..\He 6481 (2,2_3_0016.jpg",right,10,— abb. mon. in Mulnbrunne 1186.,29
"..\He 6481 (2,2_3_0016.jpg",right,10,— Muntzo de Rotenburg 58.,30
"..\He 6481 (2,2_3_0016.jpg",right,10,"— in Mutzow dominus, burggravius in Lissnik 58.",31
"..\He 6481 (2,2_3_0016.jpg",right,10,— Naon 58.,32
"..\He 6481 (2,2_3_0016.jpg",right,10,— Nisszelrit 58.,33
"..\He 6481 (2,2_3_0016.jpg",right,10,— Nusperger 1429.,34
"..\He 6481 (2,2_3_0016.jpg",right,10,— Ottensheyn 75.,35
"..\He 6481 (2,2_3_0016.jpg",right,10,— Otwecke 59.,36
"..\He 6481 (2,2_3_0016.jpg",right,10,— de Pachenstayn 901.,37
"..\He 6481 (2,2_3_0016.jpg",right,10,— ep. Patav. 8 26 155 340 529 615 800.,38
"..\He 6481 (2,2_3_0016.jpg",right,10,"— in Penik dominus, burggravius in Lissnik 58.",39
"..\He 6481 (2,2_3_0016.jpg",right,10,— Perner 59.,40
"..\He 6481 (2,2_3_0016.jpg",right,10,— dec. eccl. s. Petri Argent. 1307.,41
"..\He 6481 (2,2_3_0016.jpg",right,10,— Pincerna de Landisberg 48.,42
"..\He 6481 (2,2_3_0016.jpg",right,10,— Pynnonis (Pinonis) 59 914.,43
"..\He 6481 (2,2_3_0016.jpg",right,10,— de Potenstete (Putenstete) 1192 1339.,44
"..\He 6481 (2,2_3_0014.jpg",right,,Adolphus de Lynepe 197.,1
"..\He 6481 (2,2_3_0014.jpg",right,,— aep. Magunt. v. A. ep. Spiren.,2
"..\He 6481 (2,2_3_0014.jpg",right,,— de Medeman 122 123 324.,3
"..\He 6481 (2,2_3_0014.jpg",right,,"— de Monte, com. Ravensberg. 40 239.",4
"..\He 6481 (2,2_3_0014.jpg",right,,— com. Palatini Reni et dux Bavarie 816.,5
"..\He 6481 (2,2_3_0014.jpg",right,,— Ruwen 1238.,6
"..\He 6481 (2,2_3_0014.jpg",right,,"— ep. Spiren., aep. Magunt. 13 56 57 104 168 174 188 409 557 558 582 650 829 840 894 1121.",7
"..\He 6481 (2,2_3_0014.jpg",right,,— de Sulramen 367.,8
"..\He 6481 (2,2_3_0014.jpg",right,,— com. de Waldegge 946.,9
"..\He 6481 (2,2_3_0014.jpg",right,,— de Wylak 1185.,10
"..\He 6481 (2,2_3_0014.jpg",right,,— Wolteri de Bomel (Boemel) 40 103 373 557 1185 1211 1333.,11
"..\He 6481 (2,2_3_0014.jpg",right,,Adrianus 335.,12
"..\He 6481 (2,2_3_0014.jpg",right,,— Wilelmi Stugg hen 41.,13
"..\He 6481 (2,2_3_0014.jpg",right,,— de Heenvliet 41 1169.,14
"..\He 6481 (2,2_3_0014.jpg",right,,— Johannis de Biselinghen 41.,15
"..\He 6481 (2,2_3_0014.jpg",right,,Adulphus v. Adolphus.,16
"..\He 6481 (2,2_3_0014.jpg",right,,Affra 913 (v. Nicolaus Meltzer).,17
"..\He 6481 (2,2_3_0014.jpg",right,,— abba etc. mon. in Owensky 141.,18
"..\He 6481 (2,2_3_0014.jpg",right,,Agatha Heinyne 1171.,19
"..\He 6481 (2,2_3_0014.jpg",right,,— Jacobi 70 (v. Andreas Guilelmi Voppen).,20
"..\He 6481 (2,2_3_0014.jpg",right,,Agnes 55 (v. Albertus com. Holtzacie).,21
"..\He 6481 (2,2_3_0014.jpg",right,,— de Andlaw 42.,22
"..\He 6481 (2,2_3_0014.jpg",right,,— 69 (v. Andreas Essmayster).,23
"..\He 6481 (2,2_3_0014.jpg",right,,— Angerfelderin de Wyenna 1023 1185 (v. Rudolfus Angerfelder).,24
"..\He 6481 (2,2_3_0014.jpg",right,,— 121 (v. Bernhardus de Hantistain).,25
"..\He 6481 (2,2_3_0014.jpg",right,,— Chapfenbergerin 42.,26
"..\He 6481 (2,2_3_0014.jpg",right,,"— Colnerinn, abba mon. in Hohenwart 946.",27
"..\He 6481 (2,2_3_0014.jpg",right,,— 180 (v. Conradus Gruenwalder).,28
"..\He 6481 (2,2_3_0014.jpg",right,,— Emerici de Landenburg 618 (v. Johannes Faber de Muwer).,29
"..\He 6481 (2,2_3_0014.jpg",right,,— 42 (v. Folpardus de Hyen).,30
"..\He 6481 (2,2_3_0014.jpg",right,,— 285 (v. Fredericus com. de Bichelingen).,31
"..\He 6481 (2,2_3_0014.jpg",right,,— (v. Fridericus baro de Gundelfragen) 292.,32
"..\He 6481 (2,2_3_0014.jpg",right,,— 293 (v. Fridericus Hasler).,33
"..\He 6481 (2,2_3_0016.jpg",left,9,Albertus Kunow 1409.,1
"..\He 6481 (2,2_3_0016.jpg",left,9,— de Kuntz 50.,2
"..\He 6481 (2,2_3_0016.jpg",left,9,— de Curia 421 553 969.,3
"..\He 6481 (2,2_3_0016.jpg",left,9,— Derslai 51.,4
"..\He 6481 (2,2_3_0016.jpg",left,9,"— Dinslich de Saxonía, el. Argien. 1334.",5
"..\He 6481 (2,2_3_0016.jpg",left,9,— d. Dufel 227.,6
"..\He 6481 (2,2_3_0016.jpg",left,9,— Dureghe 51.,7
"..\He 6481 (2,2_3_0016.jpg",left,9,— Ebhing 1335.,8
"..\He 6481 (2,2_3_0016.jpg",left,9,— de Egmonda 629 793 1107.,9
"..\He 6481 (2,2_3_0016.jpg",left,9,— Einbecke 51.,10
"..\He 6481 (2,2_3_0016.jpg",left,9,— Eldagesim 51.,11
"..\He 6481 (2,2_3_0016.jpg",left,9,— de Eldingen 51 245.,12
"..\He 6481 (2,2_3_0016.jpg",left,9,— abb. mon. Elwangen. 52 689 1044.,13
"..\He 6481 (2,2_3_0016.jpg",left,9,— de Engla 52.,14
"..\He 6481 (2,2_3_0016.jpg",left,9,— de Erenberg 70 216 623.,15
"..\He 6481 (2,2_3_0016.jpg",left,9,— de Esschenweghe 767.,16
"..\He 6481 (2,2_3_0016.jpg",left,9,— Fabri 52.,17
"..\He 6481 (2,2_3_0016.jpg",left,9,— de Veltaw (Vettaw) 52 950.,18
"..\He 6481 (2,2_3_0016.jpg",left,9,— de Fischborn 13.,19
"..\He 6481 (2,2_3_0016.jpg",left,9,— Fischer 52.,20
"..\He 6481 (2,2_3_0016.jpg",left,9,— Fleischman 52 604 956 1044 1186 1200.,21
"..\He 6481 (2,2_3_0016.jpg",left,9,— Vogel 650.,22
"..\He 6481 (2,2_3_0016.jpg",left,9,— Volkenstorfer de Chiewczen 53.,23
"..\He 6481 (2,2_3_0016.jpg",left,9,— Vorkouffer 53.,24
"..\He 6481 (2,2_3_0016.jpg",left,9,— Vryensten 53.,25
"..\He 6481 (2,2_3_0016.jpg",left,9,— de Ganguli 774.,26
"..\He 6481 (2,2_3_0016.jpg",left,9,— Geffekeu v. A. Seffekeu.,27
"..\He 6481 (2,2_3_0016.jpg",left,9,— Gerardi de Oyta (Oyca) 53.,28
"..\He 6481 (2,2_3_0016.jpg",left,9,— Gotghemak (Gotgemark) 60 173 839.,29
"..\He 6481 (2,2_3_0016.jpg",left,9,— Gotherum et Suevorum rex v. A. Suecie rex.,30
"..\He 6481 (2,2_3_0016.jpg",left,9,— abb. mon. in Gotzaw 54.,31
"..\He 6481 (2,2_3_0016.jpg",left,9,— Grerupelcover 54.,32
"..\He 6481 (2,2_3_0016.jpg",left,9,"— Grippetan, abb. mon. s. Michaelis Hildesem. 54 58.",33
"..\He 6481 (2,2_3_0016.jpg",left,9,— Gryssten 404.,34
"..\He 6481 (2,2_3_0016.jpg",left,9,— Guldenkrone 1334.,35
"..\He 6481 (2,2_3_0016.jpg",left,9,— Gultzowe 853,36
"..\He 6481 (2,2_3_0016.jpg",left,9,— Gumperti 54.,37
"..\He 6481 (2,2_3_0016.jpg",left,9,— prep. Gure. 1114.,38
"..\He 6481 (2,2_3_0016.jpg",left,9,— de Haer 328 329.,39
"..\He 6481 (2,2_3_0016.jpg",left,9,— ep. Halberstad. 162 263 731 872 1098.,40
"..\He 6481 (2,2_3_0016.jpg",left,9,— Hamman 54 306.,41
"..\He 6481 (2,2_3_0016.jpg",left,9,— Hardi 54.,42
"..\He 6481 (2,2_3_0016.jpg",left,9,— de Haxthusen 1334.,43
"..\He 6481 (2,2_3_0016.jpg",left,9,— Heblinger 54.,44
"..\He 6481 (2,2_3_0016.jpg",left,9,— Heket 681.,45
"..\He 6481 (2,2_3_0016.jpg",left,9,— Hellinck (Helling) 236 836.,46
"..\He 6481 (2,2_3_0016.jpg",left,9,— ep. Herbipol. 494.,47
"..\He 6481 (2,2_3_0015.jpg",left,7,Agnes 295 (v. Fridericus Judex).,1
"..\He 6481 (2,2_3_0015.jpg",left,7,— 302 (v. Fredericus vom Staynhus).,2
"..\He 6481 (2,2_3_0015.jpg",left,7,— comitissa de Henneberg 999.,3
"..\He 6481 (2,2_3_0015.jpg",left,7,"— 1217 (v. Georgius Aron de Monte, Gerardus Schaup).",4
"..\He 6481 (2,2_3_0015.jpg",left,7,— 1253 (v. Johannes de Kircheim).,5
"..\He 6481 (2,2_3_0015.jpg",left,7,"— 715 (v. Johannes Oltman, Conradus Brem).",6
"..\He 6481 (2,2_3_0015.jpg",left,7,— 1028 (v. Johannes Stasser).,7
"..\He 6481 (2,2_3_0015.jpg",left,7,— 786 (v. Johannes Wernheri d. Frewler).,8
"..\He 6481 (2,2_3_0015.jpg",left,7,— 795 (v. Johannes de Wonde).,9
"..\He 6481 (2,2_3_0015.jpg",left,7,— 844 (v. Marquardus Archer).,10
"..\He 6481 (2,2_3_0015.jpg",left,7,— 876 (v. Nicolaus Altenach).,11
"..\He 6481 (2,2_3_0015.jpg",left,7,— 914 (v. Nicolaus Merebot).,12
"..\He 6481 (2,2_3_0015.jpg",left,7,— 928 (v. Nicolaus Stayner).,13
"..\He 6481 (2,2_3_0015.jpg",left,7,— 954 (v. Otto de Rielitz).,14
"..\He 6481 (2,2_3_0015.jpg",left,7,— 999 (v. Petrus d. Wolko de Antiqua Volavia).,15
"..\He 6481 (2,2_3_0015.jpg",left,7,— magistra in Pulgarn 42.,16
"..\He 6481 (2,2_3_0015.jpg",left,7,— Schifrin 69 (v. Andreas Vischel).,17
"..\He 6481 (2,2_3_0015.jpg",left,7,— Schiltyne 42.,18
"..\He 6481 (2,2_3_0015.jpg",left,7,— Schlichtingin 42.,19
"..\He 6481 (2,2_3_0015.jpg",left,7,— abba etc. mon. s. Servatii Traiect. 42.,20
"..\He 6481 (2,2_3_0015.jpg",left,7,— 1050 (v. Symon d. Wisker).,21
"..\He 6481 (2,2_3_0015.jpg",left,7,— Tydemanni de Monghelaer 267 (v. Philippus Arnesti).,22
"..\He 6481 (2,2_3_0015.jpg",left,7,— 1124 (v. Ulricus Bog al. d. Kleinuolrich).,23
"..\He 6481 (2,2_3_0015.jpg",left,7,— 42 (v. Ulricus Neydekker).,24
"..\He 6481 (2,2_3_0015.jpg",left,7,— de Wyssche 42.,25
"..\He 6481 (2,2_3_0015.jpg",left,7,Ayo de Pilsim 42.,26
"..\He 6481 (2,2_3_0015.jpg",left,7,Alanus Avis (d. Vogel) 43 87.,27
"..\He 6481 (2,2_3_0015.jpg",left,7,Alardus de Bastonia 741.,28
"..\He 6481 (2,2_3_0015.jpg",left,7,— Bremer 43 1086.,29
"..\He 6481 (2,2_3_0015.jpg",left,7,— de Dryel 43.,30
"..\He 6481 (2,2_3_0015.jpg",left,7,— Henconis 44.,31
"..\He 6481 (2,2_3_0015.jpg",left,7,— Jarici de Scauria 44.,32
"..\He 6481 (2,2_3_0015.jpg",left,7,— Johannis Alardi de Molendino 44 284 1223 1258 1313.,33
"..\He 6481 (2,2_3_0015.jpg",left,7,— de Quernhem 1333.,34
"..\He 6481 (2,2_3_0015.jpg",left,7,— Utenweerde 45.,35
"..\He 6481 (2,2_3_0015.jpg",left,7,Albericus Stanislai de Modlna 45.,36
"..\He 6481 (2,2_3_0015.jpg",left,7,Albero 221.,37
"..\He 6481 (2,2_3_0015.jpg",left,7,Albertus 631.,38
"..\He 6481 (2,2_3_0015.jpg",left,7,— 698.,39
"..\He 6481 (2,2_3_0015.jpg",left,7,— 1186.,40
"..\He 6481 (2,2_3_0015.jpg",left,7,— Adalberti de Cobilinc 45.,41
"..\He 6481 (2,2_3_0015.jpg",left,7,— Ade 45.,42
"..\He 6481 (2,2_3_0015.jpg",left,7,— abb. mon. Admont. 1170.,43
"..\He 6481 (2,2_3_0015.jpg",left,7,— de Adoltzheim 45.,44
"..\He 6481 (2,2_3_0015.jpg",left,7,— Alardi de Bartensten 11.,45
"..\He 6481 (2,2_3_0018.jpg",left,13,"Alheyd 1133 (v. Hentzo de Gerarstorff, Ulricus de Talewitz).",1
"..\He 6481 (2,2_3_0018.jpg",left,13,— 615 (v. Johannes de Elver).,2
"..\He 6481 (2,2_3_0018.jpg",left,13,— 625 (v. Johannes Vock).,3
"..\He 6481 (2,2_3_0018.jpg",left,13,— 39 (v. Johannes Holthusen).,4
"..\He 6481 (2,2_3_0018.jpg",left,13,— 688 (v. Johannes com. de Magdburch).,5
"..\He 6481 (2,2_3_0018.jpg",left,13,— 715 (v. Johannes de Oldendorpe al. d. Benekingk).,6
"..\He 6481 (2,2_3_0018.jpg",left,13,— 766 (v. Johannes van Stralen).,7
"..\He 6481 (2,2_3_0018.jpg",left,13,— de Ysenborg 1185.,8
"..\He 6481 (2,2_3_0018.jpg",left,13,— 805 (v. Lambertus Jacobi de Dryel).,9
"..\He 6481 (2,2_3_0018.jpg",left,13,— de Langenawe 39.,10
"..\He 6481 (2,2_3_0018.jpg",left,13,"— de Lossow, abba mon. e. m. Gubin. 39.",11
"..\He 6481 (2,2_3_0018.jpg",left,13,— Mathie vom Hain 39.,12
"..\He 6481 (2,2_3_0018.jpg",left,13,— de Mauwenheym 39.,13
"..\He 6481 (2,2_3_0018.jpg",left,13,— Mertyns 39.,14
"..\He 6481 (2,2_3_0018.jpg",left,13,— de Mulberg 1333.,15
"..\He 6481 (2,2_3_0018.jpg",left,13,— 1007 (v. Raveno de Calenberge).,16
"..\He 6481 (2,2_3_0018.jpg",left,13,— 1080 (v. Thiedericus Knebel).,17
"..\He 6481 (2,2_3_0018.jpg",left,13,— 1107 (v. Tidemanns Malchow).,18
"..\He 6481 (2,2_3_0018.jpg",left,13,— Thome Murkerken 39.,19
"..\He 6481 (2,2_3_0018.jpg",left,13,— Wernheri Tand 253 (v. Emericus Gotzonis Hont de Freymersheim).,20
"..\He 6481 (2,2_3_0018.jpg",left,13,Alexander papa III. 218.,21
"..\He 6481 (2,2_3_0018.jpg",left,13,— Boneti 1335.,22
"..\He 6481 (2,2_3_0018.jpg",left,13,— de Goch 64.,23
"..\He 6481 (2,2_3_0018.jpg",left,13,— Nicolai 64.,24
"..\He 6481 (2,2_3_0018.jpg",left,13,— al. d. Witoldus supremus dux Litwanie 64 1187.,25
"..\He 6481 (2,2_3_0018.jpg",left,13,Alexandra 65 1042 (v. Semovicus dux Mazovie et Cuiavie et Russie).,26
"..\He 6481 (2,2_3_0018.jpg",left,13,Alexius Drutzin 931.,27
"..\He 6481 (2,2_3_0018.jpg",left,13,— de Velbach 749.,28
"..\He 6481 (2,2_3_0018.jpg",left,13,— Fye de Namslavia 1187.,29
"..\He 6481 (2,2_3_0018.jpg",left,13,— Henlimseye de Namslavia 65.,30
"..\He 6481 (2,2_3_0018.jpg",left,13,Alph de Schide 65.,31
"..\He 6481 (2,2_3_0018.jpg",left,13,Alve 70 (v. Andreas de Gryszma).,32
"..\He 6481 (2,2_3_0018.jpg",left,13,Alfardus de A. 65 1025.,33
"..\He 6481 (2,2_3_0018.jpg",left,13,— de Lichtenberg 65 273 403 336 1011 1018 1022 1072 1304.,34
"..\He 6481 (2,2_3_0018.jpg",left,13,Alicia 982 (v. Petrus Leyendecker).,35
"..\He 6481 (2,2_3_0018.jpg",left,13,Alnerus ep. Garden. 132.,36
"..\He 6481 (2,2_3_0018.jpg",left,13,Aloch de Helfenberg (d. Helfenberger) 275 807 1187.,37
"..\He 6481 (2,2_3_0018.jpg",left,13,Alofus de Eppenstein 1335.,38
"..\He 6481 (2,2_3_0018.jpg",left,13,Althelmus 221.,39
"..\He 6481 (2,2_3_0018.jpg",left,13,Altermannus 392.,40
"..\He 6481 (2,2_3_0018.jpg",left,13,Alveke Rennegarve 66.,41
"..\He 6481 (2,2_3_0018.jpg",left,13,Alvericus de Hove 40.,42
"..\He 6481 (2,2_3_0018.jpg",left,13,Ambrosius de Keerlo 530.,43
"..\He 6481 (2,2_3_0018.jpg",left,13,— Kungil de Frankensteyn 1389.,44
"..\He 6481 (2,2_3_0018.jpg",left,13,— Hunthoupt de Hunttenberg 66 768.,45
"..\He 6481 (2,2_3_0019.jpg",left,15,Andreas Fronawer 69 1131.,1
"..\He 6481 (2,2_3_0019.jpg",left,15,— de Gauroni (Gawronsikij) 69 1281.,2
"..\He 6481 (2,2_3_0019.jpg",left,15,— Gneskonis de Nowantzitz 70.,3
"..\He 6481 (2,2_3_0019.jpg",left,15,— Graw (Grawen) 70 1095.,4
"..\He 6481 (2,2_3_0019.jpg",left,15,— de Gretzins 555.,5
"..\He 6481 (2,2_3_0019.jpg",left,15,— de Grysma 70.,6
"..\He 6481 (2,2_3_0019.jpg",left,15,— de Groenninghem 699.,7
"..\He 6481 (2,2_3_0019.jpg",left,15,— Grotkowe 70 1300.,8
"..\He 6481 (2,2_3_0019.jpg",left,15,— Grüner 70.,9
"..\He 6481 (2,2_3_0019.jpg",left,15,— Guandel de Brechtach 70.,10
"..\He 6481 (2,2_3_0019.jpg",left,15,— Wilhelmi Voppen 70.,11
"..\He 6481 (2,2_3_0019.jpg",left,15,— de Helderit 482.,12
"..\He 6481 (2,2_3_0019.jpg",left,15,— d. Helmet 562.,13
"..\He 6481 (2,2_3_0019.jpg",left,15,— de Hergeshem 70.,14
"..\He 6481 (2,2_3_0019.jpg",left,15,— Herndel 1335.,15
"..\He 6481 (2,2_3_0019.jpg",left,15,— de Hornsperg 71 304.,16
"..\He 6481 (2,2_3_0019.jpg",left,15,— Huvener (Hunener) 1187.,17
"..\He 6481 (2,2_3_0019.jpg",left,15,— Hute 281.,18
"..\He 6481 (2,2_3_0019.jpg",left,15,— Jacobi de Scoerle (Stoerle) 71 531 564 975 989 1214.,19
"..\He 6481 (2,2_3_0019.jpg",left,15,— de Jawor 72.,20
"..\He 6481 (2,2_3_0019.jpg",left,15,— Johannis de Klonka 36 68.,21
"..\He 6481 (2,2_3_0019.jpg",left,15,— Johannis Grazarii 72.,22
"..\He 6481 (2,2_3_0019.jpg",left,15,— Johannis de Sweiza 361.,23
"..\He 6481 (2,2_3_0019.jpg",left,15,— Johannis Zorn 72.,24
"..\He 6481 (2,2_3_0019.jpg",left,15,— Langendorff 1187.,25
"..\He 6481 (2,2_3_0019.jpg",left,15,— de Langenstayn 72.,26
"..\He 6481 (2,2_3_0019.jpg",left,15,— Laskari 73 1187 1319 1335.,27
"..\He 6481 (2,2_3_0019.jpg",left,15,— Laurentii de Wynetz 73 1188.,28
"..\He 6481 (2,2_3_0019.jpg",left,15,— de Lewyn 474.,29
"..\He 6481 (2,2_3_0019.jpg",left,15,— de Lichtenstayn 131.,30
"..\He 6481 (2,2_3_0019.jpg",left,15,— Lupi 1349.,31
"..\He 6481 (2,2_3_0019.jpg",left,15,— de Madela 1061.,32
"..\He 6481 (2,2_3_0019.jpg",left,15,— Margenrat 73.,33
"..\He 6481 (2,2_3_0019.jpg",left,15,— abb. mon. s. Marie in Wadeg 73.,34
"..\He 6481 (2,2_3_0019.jpg",left,15,— de Mergenfeld 885.,35
"..\He 6481 (2,2_3_0019.jpg",left,15,— el. Merseburg. 73 455.,36
"..\He 6481 (2,2_3_0019.jpg",left,15,— de Michelhoven 73.,37
"..\He 6481 (2,2_3_0019.jpg",left,15,— de Mitterhofen 1188.,38
"..\He 6481 (2,2_3_0019.jpg",left,15,— Mulich 916.,39
"..\He 6481 (2,2_3_0019.jpg",left,15,— Mulzow 73.,40
"..\He 6481 (2,2_3_0019.jpg",left,15,— Mutzow (Mutzin) 1336.,41
"..\He 6481 (2,2_3_0019.jpg",left,15,— Navogii de Magnarudna 73 967 1064 1364.,42
"..\He 6481 (2,2_3_0019.jpg",left,15,— Neydekker 716.,43
"..\He 6481 (2,2_3_0019.jpg",left,15,— de Nemadow 1188.,44
"..\He 6481 (2,2_3_0019.jpg",left,15,— Newman 709.,45
"..\He 6481 (2,2_3_0019.jpg",left,15,— Nicolai Pheschin 74.,46
"..\He 6481 (2,2_3_0019.jpg",left,15,— Nithaymmer 74.,47
"..\He 6481 (2,2_3_0019.jpg",left,15,— de Novacivitate 552 898 1248.,48
"..\He 6481 (2,2_3_0019.jpg",left,15,— Oym 66.,49
"..\He 6481 (2,2_3_0017.jpg",left,11,Albertus Pustolcze de Bellawi 59 1004.,1
"..\He 6481 (2,2_3_0017.jpg",left,11,— Rabe 59.,2
"..\He 6481 (2,2_3_0017.jpg",left,11,— Rand 524.,3
"..\He 6481 (2,2_3_0017.jpg",left,11,— Rasoris 1386.,4
"..\He 6481 (2,2_3_0017.jpg",left,11,— Reborch 59.,5
"..\He 6481 (2,2_3_0017.jpg",left,11,— Rechner 921.,6
"..\He 6481 (2,2_3_0017.jpg",left,11,— Rente 1334.,7
"..\He 6481 (2,2_3_0017.jpg",left,11,— Rike 60.,8
"..\He 6481 (2,2_3_0017.jpg",left,11,— Richen 692.,9
"..\He 6481 (2,2_3_0017.jpg",left,11,— Rikmerstorp (Rikimestorp) 60 1104.,10
"..\He 6481 (2,2_3_0017.jpg",left,11,— de Righa 59 89 123 294 676 998.,11
"..\He 6481 (2,2_3_0017.jpg",left,11,— Rokesberghe 392.,12
"..\He 6481 (2,2_3_0017.jpg",left,11,— Rode 60.,13
"..\He 6481 (2,2_3_0017.jpg",left,11,— Roden 905.,14
"..\He 6481 (2,2_3_0017.jpg",left,11,— Rodenberg 129.,15
"..\He 6481 (2,2_3_0017.jpg",left,11,— de Rodis 60.,16
"..\He 6481 (2,2_3_0017.jpg",left,11,— de Roede 60.,17
"..\He 6481 (2,2_3_0017.jpg",left,11,— Schaden 1243.,18
"..\He 6481 (2,2_3_0017.jpg",left,11,"— Schencke, baro de Landisberg 1229.",19
"..\He 6481 (2,2_3_0017.jpg",left,11,— Schenken 60.,20
"..\He 6481 (2,2_3_0017.jpg",left,11,— Schmidl de Tuswigen 60.,21
"..\He 6481 (2,2_3_0017.jpg",left,11,— Schrecken 178.,22
"..\He 6481 (2,2_3_0017.jpg",left,11,— Schrufer 60.,23
"..\He 6481 (2,2_3_0017.jpg",left,11,— de Sechendorff 317.,24
"..\He 6481 (2,2_3_0017.jpg",left,11,— Sefner 60 849.,25
"..\He 6481 (2,2_3_0017.jpg",left,11,"— Seffecken (Seffelen, Geffecken, Tzeffen) 62 253 652 1098.",26
"..\He 6481 (2,2_3_0017.jpg",left,11,— Sidentor 547.,27
"..\He 6481 (2,2_3_0017.jpg",left,11,— abb. mon. in Sitich 772 775 1277.,28
"..\He 6481 (2,2_3_0017.jpg",left,11,— Sophie 195.,29
"..\He 6481 (2,2_3_0017.jpg",left,11,— Stauffer 61 256 1070.,30
"..\He 6481 (2,2_3_0017.jpg",left,11,— Stephani de Novavilla 61.,31
"..\He 6481 (2,2_3_0017.jpg",left,11,— Steynbuch 61.,32
"..\He 6481 (2,2_3_0017.jpg",left,11,— Stelwaghe 165 1170.,33
"..\He 6481 (2,2_3_0017.jpg",left,11,— Sterkenrode 68.,34
"..\He 6481 (2,2_3_0017.jpg",left,11,— Steube 544.,35
"..\He 6481 (2,2_3_0017.jpg",left,11,— Stieger (Stich) 61.,36
"..\He 6481 (2,2_3_0017.jpg",left,11,— Strecke 832.,37
"..\He 6481 (2,2_3_0017.jpg",left,11,— Stritberg 390.,38
"..\He 6481 (2,2_3_0017.jpg",left,11,— Strote 1187.,39
"..\He 6481 (2,2_3_0017.jpg",left,11,— Stuchs baro baronie de Trawtmansdorf 62.,40
"..\He 6481 (2,2_3_0017.jpg",left,11,— Suecie (Gothorum et Suevorum) rex 854 1014 1071 1152 1237.,41
"..\He 6481 (2,2_3_0017.jpg",left,11,— Sutoris 127.,42
"..\He 6481 (2,2_3_0017.jpg",left,11,— Swarte (Zwarten) de Swollis 651 1192 1198 1315 1335.,43
"..\He 6481 (2,2_3_0017.jpg",left,11,— de Swartzburgh 1016.,44
"..\He 6481 (2,2_3_0017.jpg",left,11,— d. Swemmer 1142.,45
"..\He 6481 (2,2_3_0017.jpg",left,11,— de Tanhan 1 16 642.,46
"..\He 6481 (2,2_3_0017.jpg",left,11,— Tede de Groninghen 62 461 849 950 1053.,47
"..\He 6481 (2,2_3_0017.jpg",right,12,Albertus Tettikover 843.,1
"..\He 6481 (2,2_3_0017.jpg",right,12,— Tilemanni de Arnstete 61.,2
"..\He 6481 (2,2_3_0017.jpg",right,12,— prep. eccl. s. Thome Argent. 878.,3
"..\He 6481 (2,2_3_0017.jpg",right,12,— Traiber 61.,4
"..\He 6481 (2,2_3_0017.jpg",right,12,— ep. Trident. 867.,5
"..\He 6481 (2,2_3_0017.jpg",right,12,— Troyan 1149 1433.,6
"..\He 6481 (2,2_3_0017.jpg",right,12,— Truchtlinger 893.,7
"..\He 6481 (2,2_3_0017.jpg",right,12,— Tunsel 475.,8
"..\He 6481 (2,2_3_0017.jpg",right,12,— Tuten 1234.,9
"..\He 6481 (2,2_3_0017.jpg",right,12,— Tzeffken v. A. Seffeken.,10
"..\He 6481 (2,2_3_0017.jpg",right,12,— de Urbach 127.,11
"..\He 6481 (2,2_3_0017.jpg",right,12,— abb. mon. in Ursperg 61.,12
"..\He 6481 (2,2_3_0017.jpg",right,12,— Weyle 1335.,13
"..\He 6481 (2,2_3_0017.jpg",right,12,— de Welachow 62.,14
"..\He 6481 (2,2_3_0017.jpg",right,12,— Welle (Well) 87 454.,15
"..\He 6481 (2,2_3_0017.jpg",right,12,— Wenck 62.,16
"..\He 6481 (2,2_3_0017.jpg",right,12,— de Werningeroede 50 62.,17
"..\He 6481 (2,2_3_0017.jpg",right,12,"— de Wertheim, ep. (el.) Bamber g. 53 63 314 401 430 589 737 804 850 869 1130 1186 1202 1218 1333 1347.",18
"..\He 6481 (2,2_3_0017.jpg",right,12,— Wygandi Ursi 63.,19
"..\He 6481 (2,2_3_0017.jpg",right,12,— Wiler 1335.,20
"..\He 6481 (2,2_3_0017.jpg",right,12,— Vincentii de Bandlewo 63 1004.,21
"..\He 6481 (2,2_3_0017.jpg",right,12,— Witboldi 64.,22
"..\He 6481 (2,2_3_0017.jpg",right,12,— de Witzeleyben 1122.,23
"..\He 6481 (2,2_3_0017.jpg",right,12,— de Wolffskeln 64.,24
"..\He 6481 (2,2_3_0017.jpg",right,12,— Wulf 820.,25
"..\He 6481 (2,2_3_0017.jpg",right,12,— Zalghen 64.,26
"..\He 6481 (2,2_3_0017.jpg",right,12,— Czamborii (Czamborn) 5 984.,27
"..\He 6481 (2,2_3_0017.jpg",right,12,— Zwarten v. A. Swarte.,28
"..\He 6481 (2,2_3_0017.jpg",right,12,"Alheyd (Adalheyd, Adelheyd, Adel-heyde, Adelheydis, Adilheidis, Al-hed, Alheyde, Alheydis, Aleyd, Aleidis) 40 (v. Adolphus Bruwer).",29
"..\He 6481 (2,2_3_0017.jpg",right,12,— Andree de Creyencampo 1175.,30
"..\He 6481 (2,2_3_0017.jpg",right,12,— de Anfleville 39.,31
"..\He 6481 (2,2_3_0017.jpg",right,12,— Bellinick 923 (v. Nicolaus Sartoris de Erlbach).,32
"..\He 6481 (2,2_3_0017.jpg",right,12,— Bertoldi 542 (v. Jacobus Johannis).,33
"..\He 6481 (2,2_3_0017.jpg",right,12,— abba mon. Bursic. 39.,34
"..\He 6481 (2,2_3_0017.jpg",right,12,— Koelbergeryn 39.,35
"..\He 6481 (2,2_3_0017.jpg",right,12,— Colne 39.,36
"..\He 6481 (2,2_3_0017.jpg",right,12,— comitissa in Crayborch 142.,37
"..\He 6481 (2,2_3_0017.jpg",right,12,— Elizabeth 39.,38
"..\He 6481 (2,2_3_0017.jpg",right,12,— 286 (v. Fredericus de Kempen).,39
"..\He 6481 (2,2_3_0017.jpg",right,12,— 320 (v. Gerhardus Cristianis de Hengel).,40
"..\He 6481 (2,2_3_0017.jpg",right,12,— 324 (v. Gerardus Marschal g).,41
"..\He 6481 (2,2_3_0017.jpg",right,12,— 333 (v. Gerardus de Westerhusen).,42
"..\He 6481 (2,2_3_0017.jpg",right,12,— abba eccl. Gerenroden. 137 745.,43
"..\He 6481 (2,2_3_0017.jpg",right,12,— Gotzonis Brunonis 1192 1229 1273 1339.,44
"..\He 6481 (2,2_3_0017.jpg",right,12,— 474 (v. Henricus de Schutzeberg).,45
"..\He 6481 (2,2_3_0019.jpg",right,16,Andreas de Oysterade 452.,1
"..\He 6481 (2,2_3_0019.jpg",right,16,— Opprinmann 74.,2
"..\He 6481 (2,2_3_0019.jpg",right,16,— Partoris 898.,3
"..\He 6481 (2,2_3_0019.jpg",right,16,— Pauli de Hederstorff 70 74.,4
"..\He 6481 (2,2_3_0019.jpg",right,16,— Petri de Charsnitza 74.,5
"..\He 6481 (2,2_3_0019.jpg",right,16,— Petri de Heng 75.,6
"..\He 6481 (2,2_3_0019.jpg",right,16,— Petrimanni 786.,7
"..\He 6481 (2,2_3_0019.jpg",right,16,— Pyerot 1339.,8
"..\He 6481 (2,2_3_0019.jpg",right,16,— Pop de Zantbomel 75.,9
"..\He 6481 (2,2_3_0019.jpg",right,16,— de Porstai 690.,10
"..\He 6481 (2,2_3_0019.jpg",right,16,— abb. mon. Porteceli 1230.,11
"..\He 6481 (2,2_3_0019.jpg",right,16,— Potenbrunner 75.,12
"..\He 6481 (2,2_3_0019.jpg",right,16,— Prandester 195 (v. Conradus d. Prandester).,13
"..\He 6481 (2,2_3_0019.jpg",right,16,— Preysinger (Prisinger) 1336 1357.,14
"..\He 6481 (2,2_3_0019.jpg",right,16,— d. Rapti de Magnarudna 923.,15
"..\He 6481 (2,2_3_0019.jpg",right,16,— Reibestorffer 1188.,16
"..\He 6481 (2,2_3_0019.jpg",right,16,— Renfte 75.,17
"..\He 6481 (2,2_3_0019.jpg",right,16,— Reute 75.,18
"..\He 6481 (2,2_3_0019.jpg",right,16,— Robrill al. Prunner 1336.,19
"..\He 6481 (2,2_3_0019.jpg",right,16,— Rochel 75.,20
"..\He 6481 (2,2_3_0019.jpg",right,16,— Rol v. A. Kol.,21
"..\He 6481 (2,2_3_0019.jpg",right,16,— Saladinis de Carraria 75.,22
"..\He 6481 (2,2_3_0019.jpg",right,16,— Salzburger de Novacivitate 75 552.,23
"..\He 6481 (2,2_3_0019.jpg",right,16,— de Scopingen 76.,24
"..\He 6481 (2,2_3_0019.jpg",right,16,"— Scriver (Schriver, Scriptoris) de Doesborch 76 201 1112.",25
"..\He 6481 (2,2_3_0019.jpg",right,16,— Siardi 76.,26
"..\He 6481 (2,2_3_0019.jpg",right,16,— Symonis 1 76.,27
"..\He 6481 (2,2_3_0019.jpg",right,16,— abb. mon. in Sytych 1225.,28
"..\He 6481 (2,2_3_0019.jpg",right,16,— Stekk 76.,29
"..\He 6481 (2,2_3_0019.jpg",right,16,— Steynkeler 1012.,30
"..\He 6481 (2,2_3_0019.jpg",right,16,— Stempel 1342.,31
"..\He 6481 (2,2_3_0019.jpg",right,16,— de Stynaw 76.,32
"..\He 6481 (2,2_3_0019.jpg",right,16,— de Strazburg 76.,33
"..\He 6481 (2,2_3_0019.jpg",right,16,— Suderman de Tremonia 77.,34
"..\He 6481 (2,2_3_0019.jpg",right,16,— Tamcher (d. Temker) 77 1030.,35
"..\He 6481 (2,2_3_0019.jpg",right,16,— ep. Traiect. 221.,36
"..\He 6481 (2,2_3_0019.jpg",right,16,— de Tunfelt 77 784.,37
"..\He 6481 (2,2_3_0019.jpg",right,16,— Turkonis de Villaco 1025.,38
"..\He 6481 (2,2_3_0019.jpg",right,16,— de Turkow 943.,39
"..\He 6481 (2,2_3_0019.jpg",right,16,— Tzawhinger 341.,40
"..\He 6481 (2,2_3_0019.jpg",right,16,— Waltzel 78 619 1062.,41
"..\He 6481 (2,2_3_0019.jpg",right,16,— de Weitz 74 77 876 1169.,42
"..\He 6481 (2,2_3_0019.jpg",right,16,— de Werdena 77.,43
"..\He 6481 (2,2_3_0019.jpg",right,16,— Wygandi 77.,44
"..\He 6481 (2,2_3_0019.jpg",right,16,— Wirsing de inferiori Holabrunn 66 78 132 1062 1188 1336.,45
"..\He 6481 (2,2_3_0019.jpg",right,16,— Wolframii 1422.,46
"..\He 6481 (2,2_3_0019.jpg",right,16,Angela de Crovaria 78.,47
"..\He 6481 (2,2_3_0019.jpg",right,16,Angelus de Balionibus de Perusio 67.,48
"..\He 6481 (2,2_3_0019.jpg",right,16,"— ep. Castellan., patr. Constantinop. 1 568.",49
"..\He 6481 (2,2_3_0020.jpg",left,17,"Angelus tit. s. Laurentii in Damaso diac. card., Ostien. ep. card. 45 78 134 224 312 327 369 410 411 435 436 443 467 517 551 637 775 1193 1255 1275 1336 1352 1393 1394 1401 1417 1425.",1
"..\He 6481 (2,2_3_0020.jpg",left,17,"— tit. s. Lucie in septem solii diac. card., tit. s. Potentiane presb. card. 79 169 294 335 512 757 760 761 833 869 1198 1221 1373.",2
"..\He 6481 (2,2_3_0020.jpg",left,17,— Ostien. ep. card. v. A. tit. s. Laurentii.,3
"..\He 6481 (2,2_3_0020.jpg",left,17,— tit. s. Potentiane presb. card. v. A. tit. s. Lucie.,4
"..\He 6481 (2,2_3_0020.jpg",left,17,— Schepper 1139.,5
"..\He 6481 (2,2_3_0020.jpg",left,17,— Stayer 377.,6
"..\He 6481 (2,2_3_0020.jpg",left,17,— ep. Tergest. 1398.,7
"..\He 6481 (2,2_3_0020.jpg",left,17,— ep. Veron. 1336.,8
"..\He 6481 (2,2_3_0020.jpg",left,17,Anginer abb. mon. s. Nicolai in Combergh (Erkinger ?) 1.,9
"..\He 6481 (2,2_3_0020.jpg",left,17,Anitia 653 (v. Johannes Haubryg).,10
"..\He 6481 (2,2_3_0020.jpg",left,17,Anna 48 (v. Albertus de Kolditz).,11
"..\He 6481 (2,2_3_0020.jpg",left,17,— 64 1187 (v. Alexander al. d. Witoldus).,12
"..\He 6481 (2,2_3_0020.jpg",left,17,— ducissa Bavarie 2.,13
"..\He 6481 (2,2_3_0020.jpg",left,17,— 1420 (v. Burkardus de Stoffel).,14
"..\He 6481 (2,2_3_0020.jpg",left,17,— Conradi Reyger 118.,15
"..\He 6481 (2,2_3_0020.jpg",left,17,— 194 (v. Conradus Pirkheimer).,16
"..\He 6481 (2,2_3_0020.jpg",left,17,— 211 (v. Creslaus de Cosczol).,17
"..\He 6481 (2,2_3_0020.jpg",left,17,— 1336 (v. Kustrana).,18
"..\He 6481 (2,2_3_0020.jpg",left,17,— 1206 (v. Danckhardus Haugeperger).,19
"..\He 6481 (2,2_3_0020.jpg",left,17,— 1210 (v. Erenfridus de Seckendorf).,20
"..\He 6481 (2,2_3_0020.jpg",left,17,— 268 (v. Philippus com. de Nassow).,21
"..\He 6481 (2,2_3_0020.jpg",left,17,— de Fryberg 79.,22
"..\He 6481 (2,2_3_0020.jpg",left,17,— 79 (v. Fridericus Satelpoger).,23
"..\He 6481 (2,2_3_0020.jpg",left,17,— 132 (v. Fridericus de Waltse).,24
"..\He 6481 (2,2_3_0020.jpg",left,17,— 374 (v. Wilhelmus Mawter baro de Catzenperig).,25
"..\He 6481 (2,2_3_0020.jpg",left,17,— 397 (v. Heyneka de Biberstein).,26
"..\He 6481 (2,2_3_0020.jpg",left,17,— 400 (v. Henricus Advocatus de Opul).,27
"..\He 6481 (2,2_3_0020.jpg",left,17,"— 1229 (v. Henricus de Albershusen, Conradus Humel).",28
"..\He 6481 (2,2_3_0020.jpg",left,17,— 477 (v. Henricus dux Slezie).,29
"..\He 6481 (2,2_3_0020.jpg",left,17,— 259 1211 (v. Henricus Spygel).,30
"..\He 6481 (2,2_3_0020.jpg",left,17,"— 486 (v. Heynricus baro de Waltse, Johannes de Churring).",31
"..\He 6481 (2,2_3_0020.jpg",left,17,— de Hohenloch 79.,32
"..\He 6481 (2,2_3_0020.jpg",left,17,— comitissa Holczacie 1188.,33
"..\He 6481 (2,2_3_0020.jpg",left,17,— 539 (v. Jacobus Grolant).,34
"..\He 6481 (2,2_3_0020.jpg",left,17,— 1248 (v. Jacobus Surzz).,35
"..\He 6481 (2,2_3_0020.jpg",left,17,— 79 (v. Johannes Pebringer).,36
"..\He 6481 (2,2_3_0020.jpg",left,17,— 79 (v. Johannes de Rona).,37
"..\He 6481 (2,2_3_0021.jpg",left,19,Anselmus prep. Traiect. 221.,1
"..\He 6481 (2,2_3_0021.jpg",left,19,— ep. Warmien. 1263.,2
"..\He 6481 (2,2_3_0021.jpg",left,19,— de Wolfsteyn 1200.,3
"..\He 6481 (2,2_3_0021.jpg",left,19,Antonellus de Surracha de Salerno 1256.,4
"..\He 6481 (2,2_3_0021.jpg",left,19,Antonius (Anthonius) 291.,5
"..\He 6481 (2,2_3_0021.jpg",left,19,"— patr. Aquileg. v. A. Gayetanus, A. de Portugruario.",6
"..\He 6481 (2,2_3_0021.jpg",left,19,— Baldasaris 81.,7
"..\He 6481 (2,2_3_0021.jpg",left,19,— Bernardi de Luciano 81.,8
"..\He 6481 (2,2_3_0021.jpg",left,19,— de Bronchorst 81.,9
"..\He 6481 (2,2_3_0021.jpg",left,19,— el. Civitatisnoven. 1188.,10
"..\He 6481 (2,2_3_0021.jpg",left,19,— ep. Concord. v. A. de Portugruario.,11
"..\He 6481 (2,2_3_0021.jpg",left,19,— Federici de Perzino 81.,12
"..\He 6481 (2,2_3_0021.jpg",left,19,— Friderici de Hadstat 1189.,13
"..\He 6481 (2,2_3_0021.jpg",left,19,"— Gayetanus, patr. Aquileg., tit. s. Cecilie presb. card., Penestrin. ep. card., Portuen. ep. card. 60 67 82 107 269 313 570 571 644 812 843 851 927 933 1051 1052 1081 1117 1127 1320 1337 1338 1370 1424.",14
"..\He 6481 (2,2_3_0021.jpg",left,19,— Guillelmi de Bregio (Brezio) 82 543.,15
"..\He 6481 (2,2_3_0021.jpg",left,19,— Wilhelmi de Sanctogoare 1337.,16
"..\He 6481 (2,2_3_0021.jpg",left,19,— de Huxaria 82.,17
"..\He 6481 (2,2_3_0021.jpg",left,19,— Jacobi Nepi 937.,18
"..\He 6481 (2,2_3_0021.jpg",left,19,— Jacobi de Spinis 637.,19
"..\He 6481 (2,2_3_0021.jpg",left,19,— Johannis de Buratinis 82.,20
"..\He 6481 (2,2_3_0021.jpg",left,19,— Johannis Columbi 83.,21
"..\He 6481 (2,2_3_0021.jpg",left,19,— Josephi de Secaguda 83.,22
"..\He 6481 (2,2_3_0021.jpg",left,19,— Lubberti Cremers 83.,23
"..\He 6481 (2,2_3_0021.jpg",left,19,— Mag 1418.,24
"..\He 6481 (2,2_3_0021.jpg",left,19,— de Montecatino 83.,25
"..\He 6481 (2,2_3_0021.jpg",left,19,— de Novaria 12 30 1100.,26
"..\He 6481 (2,2_3_0021.jpg",left,19,— Petri Foy s de Husen 1337.,27
"..\He 6481 (2,2_3_0021.jpg",left,19,— tit. s. Petri ad Vincula presb. card. 1431.,28
"..\He 6481 (2,2_3_0021.jpg",left,19,— de Pireto 1337.,29
"..\He 6481 (2,2_3_0021.jpg",left,19,— de Podio 4.,30
"..\He 6481 (2,2_3_0021.jpg",left,19,"— de Portugruario, ep. Concord., patr. Aquileg. 81 82 135 288 523 846.",31
"..\He 6481 (2,2_3_0021.jpg",left,19,— tit. s. Praxedis presb. card. 1189.,32
"..\He 6481 (2,2_3_0021.jpg",left,19,— de Ronchonis 81.,33
"..\He 6481 (2,2_3_0021.jpg",left,19,— de Rotenhan 83.,34
"..\He 6481 (2,2_3_0021.jpg",left,19,— ep. Salon. 410.,35
"..\He 6481 (2,2_3_0021.jpg",left,19,— Silvestri de Villaregia 1018.,36
"..\He 6481 (2,2_3_0021.jpg",left,19,"— de Stuben (Stubay), el. Curien. 83 597.",37
"..\He 6481 (2,2_3_0021.jpg",left,19,— Thegelman 84.,38
"..\He 6481 (2,2_3_0021.jpg",left,19,— Turre Beccarii 84.,39
"..\He 6481 (2,2_3_0021.jpg",left,19,— de Venetiis 84.,40
"..\He 6481 (2,2_3_0021.jpg",left,19,— Wernheri Piscatoris 77.,41
"..\He 6481 (2,2_3_0021.jpg",left,19,— de Vineis de Capua 177 1112.,42
"..\He 6481 (2,2_3_0022.jpg",left,21,Arnoldus Egidii de Lawyck 90 1226.,1
"..\He 6481 (2,2_3_0022.jpg",left,21,— baro de Egmonda 91.,2
"..\He 6481 (2,2_3_0022.jpg",left,21,— de Emelisse (Emenesse) 44 45 336 570 1150.,3
"..\He 6481 (2,2_3_0022.jpg",left,21,— Ergestein 91.,4
"..\He 6481 (2,2_3_0022.jpg",left,21,— Erinberti 91.,5
"..\He 6481 (2,2_3_0022.jpg",left,21,— van der Steghe 97.,6
"..\He 6481 (2,2_3_0022.jpg",left,21,— Vilteri 976.,7
"..\He 6481 (2,2_3_0022.jpg",left,21,— Vlessew 131.,8
"..\He 6481 (2,2_3_0022.jpg",left,21,— de Vorden (Verden) 91 325.,9
"..\He 6481 (2,2_3_0022.jpg",left,21,— Gerardi de Ghorinchem 91.,10
"..\He 6481 (2,2_3_0022.jpg",left,21,— Gertrudis Ysenboldi de Xanctis 91.,11
"..\He 6481 (2,2_3_0022.jpg",left,21,— Godeschalci de Valkenborch 91.,12
"..\He 6481 (2,2_3_0022.jpg",left,21,— Gotfridi al. Doleatoris 504.,13
"..\He 6481 (2,2_3_0022.jpg",left,21,— Groem 480.,14
"..\He 6481 (2,2_3_0022.jpg",left,21,— de Gronenberg 226.,15
"..\He 6481 (2,2_3_0022.jpg",left,21,— Grubbe al. de Molendino de Clivis 91.,16
"..\He 6481 (2,2_3_0022.jpg",left,21,— Gruter v. A. de Hagenbecke.,17
"..\He 6481 (2,2_3_0022.jpg",left,21,— Wilhelmi Wittonis 443.,18
"..\He 6481 (2,2_3_0022.jpg",left,21,— Haen de Epe 701.,19
"..\He 6481 (2,2_3_0022.jpg",left,21,— de Hagen 91.,20
"..\He 6481 (2,2_3_0022.jpg",left,21,— de Hagenbecke al. d. Gruter 492 1189.,21
"..\He 6481 (2,2_3_0022.jpg",left,21,"— abb. mon. in Helmwerdishusen, abb. mon. Corbyen. 90.",22
"..\He 6481 (2,2_3_0022.jpg",left,21,— Herwig 92.,23
"..\He 6481 (2,2_3_0022.jpg",left,21,— Hiltmar 1338.,24
"..\He 6481 (2,2_3_0022.jpg",left,21,— Hokenshof 1189.,25
"..\He 6481 (2,2_3_0022.jpg",left,21,— Hoec 89.,26
"..\He 6481 (2,2_3_0022.jpg",left,21,— de Hoghenkirchen (Hochkirchen) 92.,27
"..\He 6481 (2,2_3_0022.jpg",left,21,— d. Hont 267 809 985 1303.,28
"..\He 6481 (2,2_3_0022.jpg",left,21,— de Hornhusen 222 588.,29
"..\He 6481 (2,2_3_0022.jpg",left,21,— Hussonis de Halenseyo 722.,30
"..\He 6481 (2,2_3_0022.jpg",left,21,— Huxer 92.,31
"..\He 6481 (2,2_3_0022.jpg",left,21,— Jacobi 45 92 1040.,32
"..\He 6481 (2,2_3_0022.jpg",left,21,— Johannis 92.,33
"..\He 6481 (2,2_3_0022.jpg",left,21,— Johannis Koddeken de Zellar 92.,34
"..\He 6481 (2,2_3_0022.jpg",left,21,— Johannis de Lubbroec 92.,35
"..\He 6481 (2,2_3_0022.jpg",left,21,— Johannis de Meddeburgo 374.,36
"..\He 6481 (2,2_3_0022.jpg",left,21,— Isernhud 93 443 1104.,37
"..\He 6481 (2,2_3_0022.jpg",left,21,— Lamberti Borre 93.,38
"..\He 6481 (2,2_3_0022.jpg",left,21,— tit. s. Laurentii in Damaso presb. card. 701.,39
"..\He 6481 (2,2_3_0022.jpg",left,21,— Leymener de Monthabur 93.,40
"..\He 6481 (2,2_3_0022.jpg",left,21,— ep. Leod. v. A. ep. Traiect.,41
"..\He 6481 (2,2_3_0022.jpg",left,21,— Lewe 93.,42
"..\He 6481 (2,2_3_0022.jpg",left,21,— de Lynden 93.,43
"..\He 6481 (2,2_3_0022.jpg",left,21,— de Lochem 98 1150.,44
"..\He 6481 (2,2_3_0022.jpg",left,21,— Longi 1189.,45
"..\He 6481 (2,2_3_0022.jpg",left,21,— Lorsart 1266.,46
"..\He 6481 (2,2_3_0022.jpg",left,21,— Lotrkinson 723.,47
"..\He 6481 (2,2_3_0022.jpg",left,21,— Lucow (Lutow) 93 885.,48
"..\He 6481 (2,2_3_0022.jpg",right,22,Arnoldus Malchow 994.,1
"..\He 6481 (2,2_3_0022.jpg",right,22,— de Mandeslo 94.,2
"..\He 6481 (2,2_3_0022.jpg",right,22,— Mase 94 1190.,3
"..\He 6481 (2,2_3_0022.jpg",right,22,— Mechow 94.,4
"..\He 6481 (2,2_3_0022.jpg",right,22,— Meynríci 504.,5
"..\He 6481 (2,2_3_0022.jpg",right,22,— de Merode 94.,6
"..\He 6481 (2,2_3_0022.jpg",right,22,— de Nederlansteyn (Lonstein) 305 356.,7
"..\He 6481 (2,2_3_0022.jpg",right,22,— Nicolai 1190.,8
"..\He 6481 (2,2_3_0022.jpg",right,22,— de Oy 359.,9
"..\He 6481 (2,2_3_0022.jpg",right,22,— de Osterbeek 484.,10
"..\He 6481 (2,2_3_0022.jpg",right,22,— Oversteghe 69.,11
"..\He 6481 (2,2_3_0022.jpg",right,22,— Ovetride 298.,12
"..\He 6481 (2,2_3_0022.jpg",right,22,— de Patingen 94.,13
"..\He 6481 (2,2_3_0022.jpg",right,22,— Pauli de Bopardia 1190.,14
"..\He 6481 (2,2_3_0022.jpg",right,22,— abb. mon. s. Pauli Traiect. 1338.,15
"..\He 6481 (2,2_3_0022.jpg",right,22,— de Poderoyen 94 480.,16
"..\He 6481 (2,2_3_0022.jpg",right,22,— Pot 81 94.,17
"..\He 6481 (2,2_3_0022.jpg",right,22,— Prunow 118.,18
"..\He 6481 (2,2_3_0022.jpg",right,22,— de Randenroede 843.,19
"..\He 6481 (2,2_3_0022.jpg",right,22,— Reding 95.,20
"..\He 6481 (2,2_3_0022.jpg",right,22,— Reynen 95.,21
"..\He 6481 (2,2_3_0022.jpg",right,22,— Reyneri 1111.,22
"..\He 6481 (2,2_3_0022.jpg",right,22,— Rike 95.,23
"..\He 6481 (2,2_3_0022.jpg",right,22,— Rikering (Rickerung) 1077 1285.,24
"..\He 6481 (2,2_3_0022.jpg",right,22,— de Rijsmoelen 1222.,25
"..\He 6481 (2,2_3_0022.jpg",right,22,— Riperbant 1190 1422.,26
"..\He 6481 (2,2_3_0022.jpg",right,22,— Roden 950.,27
"..\He 6481 (2,2_3_0022.jpg",right,22,— de Rogiten 2 600.,28
"..\He 6481 (2,2_3_0022.jpg",right,22,— Royber 95.,29
"..\He 6481 (2,2_3_0022.jpg",right,22,— (Ernolphus) de Ronpontel (Rampontel) 94 264.,30
"..\He 6481 (2,2_3_0022.jpg",right,22,— de Roringen 1190.,31
"..\He 6481 (2,2_3_0022.jpg",right,22,— Sag 1098.,32
"..\He 6481 (2,2_3_0022.jpg",right,22,— Salewrechter 1190.,33
"..\He 6481 (2,2_3_0022.jpg",right,22,— Sartoris al. d. Nienborg 95.,34
"..\He 6481 (2,2_3_0022.jpg",right,22,— Screpehauer (Strepehaueren) 96 935.,35
"..\He 6481 (2,2_3_0022.jpg",right,22,— Smelinc 96.,36
"..\He 6481 (2,2_3_0022.jpg",right,22,— Soyst 96.,37
"..\He 6481 (2,2_3_0022.jpg",right,22,— de Sparnecke (Sperneck) 96 1132 1345 1347 1433.,38
"..\He 6481 (2,2_3_0022.jpg",right,22,"— Stapil, ep. Culm. 96 1189.",39
"..\He 6481 (2,2_3_0022.jpg",right,22,— Stecke 97.,40
"..\He 6481 (2,2_3_0022.jpg",right,22,— Stephani 949.,41
"..\He 6481 (2,2_3_0022.jpg",right,22,— Steninck 97.,42
"..\He 6481 (2,2_3_0022.jpg",right,22,— Styke 97.,43
"..\He 6481 (2,2_3_0022.jpg",right,22,— Stoyltken 1338.,44
"..\He 6481 (2,2_3_0022.jpg",right,22,— de Sweykers 782.,45
"..\He 6481 (2,2_3_0022.jpg",right,22,— de Swelm 638.,46
"..\He 6481 (2,2_3_0022.jpg",right,22,— Swerstorp 97 214.,47
"..\He 6481 (2,2_3_0022.jpg",right,22,— Thange 54 1100.,48
"..\He 6481 (2,2_3_0022.jpg",right,22,— Theoderici de Stralen 87 94 97.,49
"..\He 6481 (2,2_3_0022.jpg",right,22,— de Tyela 1338.,50
"..\He 6481 (2,2_3_0021.jpg",right,20,Apesco (Opesko) Rabenow 84.,1
"..\He 6481 (2,2_3_0021.jpg",right,20,— Schyndeman 84.,2
"..\He 6481 (2,2_3_0021.jpg",right,20,— Tymmeneke 567 783.,3
"..\He 6481 (2,2_3_0021.jpg",right,20,Apolonius Ratingk de Bercka 633.,4
"..\He 6481 (2,2_3_0021.jpg",right,20,Armannus Teuner 999.,5
"..\He 6481 (2,2_3_0021.jpg",right,20,Arnoldus 92.,6
"..\He 6481 (2,2_3_0021.jpg",right,20,— 221.,7
"..\He 6481 (2,2_3_0021.jpg",right,20,— Appelbom 86 894.,8
"..\He 6481 (2,2_3_0021.jpg",right,20,— Arnoldi Boninc 87 1189.,9
"..\He 6481 (2,2_3_0021.jpg",right,20,— Arnoldi de Virsenach 87.,10
"..\He 6481 (2,2_3_0021.jpg",right,20,— Arnoldi de Grifnach 592.,11
"..\He 6481 (2,2_3_0021.jpg",right,20,— Arnoldi de Stralen 87.,12
"..\He 6481 (2,2_3_0021.jpg",right,20,— Arnoldi Walthelin 1337.,13
"..\He 6481 (2,2_3_0021.jpg",right,20,— Arnoldi de Wilp 87.,14
"..\He 6481 (2,2_3_0021.jpg",right,20,— Arnoldi de Czirenberg 87 92 621 1189 1233 1234 1318 1337 1406.,15
"..\He 6481 (2,2_3_0021.jpg",right,20,— de Averdunck 86.,16
"..\He 6481 (2,2_3_0021.jpg",right,20,— Baldewini de Meghen 87 340 357 373 439 495 579 583 699 775 828 896 1095 1118 1191 1218.,17
"..\He 6481 (2,2_3_0021.jpg",right,20,— Beldeman 88 1341.,18
"..\He 6481 (2,2_3_0021.jpg",right,20,— Beltoldi 579.,19
"..\He 6481 (2,2_3_0021.jpg",right,20,— de Berchusen 90.,20
"..\He 6481 (2,2_3_0021.jpg",right,20,— Berengarii 1046 1216.,21
"..\He 6481 (2,2_3_0021.jpg",right,20,— (Bertoldus) Berwart (Berowart) 88 1378 1414.,22
"..\He 6481 (2,2_3_0021.jpg",right,20,— Bochenowe (Bokenowe) 88.,23
"..\He 6481 (2,2_3_0021.jpg",right,20,— de Boecop 88.,24
"..\He 6481 (2,2_3_0021.jpg",right,20,— de Borgerheim 1338.,25
"..\He 6481 (2,2_3_0021.jpg",right,20,— Bragman 88.,26
"..\He 6481 (2,2_3_0021.jpg",right,20,— Buk 500.,27
"..\He 6481 (2,2_3_0021.jpg",right,20,— Kavoyt 88.,28
"..\He 6481 (2,2_3_0021.jpg",right,20,— de Kaldenberch 639.,29
"..\He 6481 (2,2_3_0021.jpg",right,20,— de Calmaria 1236.,30
"..\He 6481 (2,2_3_0021.jpg",right,20,— de Campo 793.,31
"..\He 6481 (2,2_3_0021.jpg",right,20,— d. Cardinael 88 450 505 1073.,32
"..\He 6481 (2,2_3_0021.jpg",right,20,— Carpen 89.,33
"..\He 6481 (2,2_3_0021.jpg",right,20,— de Kelte 264.,34
"..\He 6481 (2,2_3_0021.jpg",right,20,— de Ketwich 1118.,35
"..\He 6481 (2,2_3_0021.jpg",right,20,— Cleyne 1338.,36
"..\He 6481 (2,2_3_0021.jpg",right,20,— Knoll (Knolle) 7 89.,37
"..\He 6481 (2,2_3_0021.jpg",right,20,— Cok 700.,38
"..\He 6481 (2,2_3_0021.jpg",right,20,— Coci 325.,39
"..\He 6481 (2,2_3_0021.jpg",right,20,— Colner (de Colonia) 89 90 585 1071.,40
"..\He 6481 (2,2_3_0021.jpg",right,20,— de Confluentia 90.,41
"..\He 6481 (2,2_3_0021.jpg",right,20,— abb. mon. Corbien. 1162.,42
"..\He 6481 (2,2_3_0021.jpg",right,20,— Korste (Koste) 90.,43
"..\He 6481 (2,2_3_0021.jpg",right,20,— Crauwell (Cranwil) 90 1045.,44
"..\He 6481 (2,2_3_0021.jpg",right,20,— ep. Culm. v. A. Stapil.,45
"..\He 6481 (2,2_3_0021.jpg",right,20,— Kunth 90.,46
"..\He 6481 (2,2_3_0021.jpg",right,20,— Darute 90.,47
"..\He 6481 (2,2_3_0021.jpg",right,20,— Dattelen 1338.,48
"..\He 6481 (2,2_3_0021.jpg",right,20,— de Dynslaken 90.,49
"..\He 6481 (2,2_3_0018.jpg",right,14,Ambrosius Johannis 66.,1
"..\He 6481 (2,2_3_0018.jpg",right,14,— Petri 66.,2
"..\He 6481 (2,2_3_0018.jpg",right,14,— Seriohannis de Sega de Pinedo 1167.,3
"..\He 6481 (2,2_3_0018.jpg",right,14,Amedeus com. Sabaudie 2 4 9 19 21 22 25 26.,4
"..\He 6481 (2,2_3_0018.jpg",right,14,Amelius Rouen 1335.,5
"..\He 6481 (2,2_3_0018.jpg",right,14,— Trecht 1187.,6
"..\He 6481 (2,2_3_0018.jpg",right,14,Amelongus (Amelungus) Moren 1102.,7
"..\He 6481 (2,2_3_0018.jpg",right,14,— de Warendorp 66 119 1278.,8
"..\He 6481 (2,2_3_0018.jpg",right,14,— de Wolffhayn 468.,9
"..\He 6481 (2,2_3_0018.jpg",right,14,Amicus Derionghe 67.,10
"..\He 6481 (2,2_3_0018.jpg",right,14,Amilius 804.,11
"..\He 6481 (2,2_3_0018.jpg",right,14,Amplonius de Berka 1305.,12
"..\He 6481 (2,2_3_0018.jpg",right,14,Ananias Hovel 67.,13
"..\He 6481 (2,2_3_0018.jpg",right,14,— Slycken de Berka 67 349 1187.,14
"..\He 6481 (2,2_3_0018.jpg",right,14,Anastasia de Kungeseck 149.,15
"..\He 6481 (2,2_3_0018.jpg",right,14,Ancius de Lenigo 1.,16
"..\He 6481 (2,2_3_0018.jpg",right,14,Andreas 73.,17
"..\He 6481 (2,2_3_0018.jpg",right,14,— 386.,18
"..\He 6481 (2,2_3_0018.jpg",right,14,— 1004.,19
"..\He 6481 (2,2_3_0018.jpg",right,14,"— cf. A. Doryng, A. de Novacivitate, A. Waltzel, A. de Weitz.",20
"..\He 6481 (2,2_3_0018.jpg",right,14,— Andemekine 1147.,21
"..\He 6481 (2,2_3_0018.jpg",right,14,— Andree 67 852.,22
"..\He 6481 (2,2_3_0018.jpg",right,14,— Andree de Golzow 1187.,23
"..\He 6481 (2,2_3_0018.jpg",right,14,— Augerii 67 699.,24
"..\He 6481 (2,2_3_0018.jpg",right,14,— Barthonis (Barthe) de Tarnovo 560 870 910 1047.,25
"..\He 6481 (2,2_3_0018.jpg",right,14,— Beronis 431.,26
"..\He 6481 (2,2_3_0018.jpg",right,14,— de Bruneck 146 269 1139.,27
"..\He 6481 (2,2_3_0018.jpg",right,14,— Kaut 67.,28
"..\He 6481 (2,2_3_0018.jpg",right,14,— Cerdonis de Lantzberg 67.,29
"..\He 6481 (2,2_3_0018.jpg",right,14,— Kol (Rol) 68 75.,30
"..\He 6481 (2,2_3_0018.jpg",right,14,— Colomanni de Bunnna 68.,31
"..\He 6481 (2,2_3_0018.jpg",right,14,— Koning 68.,32
"..\He 6481 (2,2_3_0018.jpg",right,14,— Conradi de Leybnitz 1335.,33
"..\He 6481 (2,2_3_0018.jpg",right,14,— Conradi de Potenstayn al. de Gril-lenberg 66 132 597 654 1169 1323.,34
"..\He 6481 (2,2_3_0018.jpg",right,14,— Conradi de Spitza 1.,35
"..\He 6481 (2,2_3_0018.jpg",right,14,— Crondel 68.,36
"..\He 6481 (2,2_3_0018.jpg",right,14,— Cruger 68.,37
"..\He 6481 (2,2_3_0018.jpg",right,14,— prep. Curon. 68.,38
"..\He 6481 (2,2_3_0018.jpg",right,14,— Doryng 314 908.,39
"..\He 6481 (2,2_3_0018.jpg",right,14,— baro de Duba 943.,40
"..\He 6481 (2,2_3_0018.jpg",right,14,— Dzmissii de Romissowitz 68.,41
"..\He 6481 (2,2_3_0018.jpg",right,14,— de Essen 1229.,42
"..\He 6481 (2,2_3_0018.jpg",right,14,— Essmayster 69.,43
"..\He 6481 (2,2_3_0018.jpg",right,14,— d. Veer 69.,44
"..\He 6481 (2,2_3_0018.jpg",right,14,— Pheffersak 1104.,45
"..\He 6481 (2,2_3_0018.jpg",right,14,— Filimarinus 69.,46
"..\He 6481 (2,2_3_0018.jpg",right,14,— prep eccl. in Wilshoven 1215.,47
"..\He 6481 (2,2_3_0018.jpg",right,14,— Vischel 69.,48
"..\He 6481 (2,2_3_0023.jpg",right,24,Baldewinus ep. Padeburn. 287.,1
"..\He 6481 (2,2_3_0023.jpg",right,24,— de Pruscia 1407.,2
"..\He 6481 (2,2_3_0023.jpg",right,24,— can. eccl. s. Servatii Traiect. v. Baldewinus de Dijch.,3
"..\He 6481 (2,2_3_0023.jpg",right,24,— de Wenden 104.,4
"..\He 6481 (2,2_3_0023.jpg",right,24,Baldo de Lavello 2.,5
"..\He 6481 (2,2_3_0023.jpg",right,24,"Balthasar (Baldesar, Baldassar, Baldassarre, Baldazar, Balthasarius, Balthasarus, Baltizar) 1421.",6
"..\He 6481 (2,2_3_0023.jpg",right,24,— Beyer 104.,7
"..\He 6481 (2,2_3_0023.jpg",right,24,— Birzinger (Bissinger) 605 763.,8
"..\He 6481 (2,2_3_0023.jpg",right,24,— de Burlis de Tergesto 104.,9
"..\He 6481 (2,2_3_0023.jpg",right,24,"— Cossa de Neapoli, tit. s. Eustachii diac card, Johannes XXIII. papa 63 104 650 1341 1395.",10
"..\He 6481 (2,2_3_0023.jpg",right,24,— de Hurnhem 104.,11
"..\He 6481 (2,2_3_0023.jpg",right,24,— de Lupstorp 104.,12
"..\He 6481 (2,2_3_0023.jpg",right,24,— marchio Misn. v. B. Thuringie lantgravius.,13
"..\He 6481 (2,2_3_0023.jpg",right,24,— Nymant de Sprotavia 104.,14
"..\He 6481 (2,2_3_0023.jpg",right,24,— Rabe de Heilsberg 105 1192.,15
"..\He 6481 (2,2_3_0023.jpg",right,24,— Schernberg 607.,16
"..\He 6481 (2,2_3_0023.jpg",right,24,— Thuringie lantgravius et marchio Misn. 57 104 299 707 800 1037.,17
"..\He 6481 (2,2_3_0023.jpg",right,24,— Ungeroten de Legenitz 1339.,18
"..\He 6481 (2,2_3_0023.jpg",right,24,Banka Gelteti Pellificis de Theruse 1192.,19
"..\He 6481 (2,2_3_0023.jpg",right,24,Bandellus ep. Civitatis Castelli 2.,20
"..\He 6481 (2,2_3_0023.jpg",right,24,Baptista Nicolai Thomacelli d. Mercurini 498.,21
"..\He 6481 (2,2_3_0023.jpg",right,24,Barbara Engilyne 106.,22
"..\He 6481 (2,2_3_0023.jpg",right,24,— 1227 (v. Gundakarus Tamberger).,23
"..\He 6481 (2,2_3_0023.jpg",right,24,— 550 (v. Jacobus Turner).,24
"..\He 6481 (2,2_3_0023.jpg",right,24,— 725 (v. Johannes Pezeler).,25
"..\He 6481 (2,2_3_0023.jpg",right,24,— 738 (v. Johannes Rigler).,26
"..\He 6481 (2,2_3_0023.jpg",right,24,— 798 1281 (v. Johannes Czynk).,27
"..\He 6481 (2,2_3_0023.jpg",right,24,— 1283 (v. Leonardus Guttенprenner).,28
"..\He 6481 (2,2_3_0023.jpg",right,24,"— 875 (v. Nicolaus Advocati de Opel, Franciscus Fechsıl).",29
"..\He 6481 (2,2_3_0023.jpg",right,24,— d. Spannaglyn de Lantzhuet 106.,30
"..\He 6481 (2,2_3_0023.jpg",right,24,— 1081 (v. Theodericus de Bickenback).,31
"..\He 6481 (2,2_3_0023.jpg",right,24,— Witzedorfinne 1315 (v. Johannes Pellificis de Swydnitz).,32
"..\He 6481 (2,2_3_0023.jpg",right,24,Barcha cantor Wladislav. 999.,33
"..\He 6481 (2,2_3_0023.jpg",right,24,Barko de Bylau 944.,34
"..\He 6481 (2,2_3_0023.jpg",right,24,Barnabo de Vicecomitibus 822.,35
"..\He 6481 (2,2_3_0023.jpg",right,24,Barnim dux Stetin. et princeps Rugie 554 1033 1229.,36
"..\He 6481 (2,2_3_0023.jpg",right,24,Baroncus Philippi de Pistorio 1193.,37
"..\He 6481 (2,2_3_0023.jpg",right,24,Bartholdus v. Bertholdus.,38
"..\He 6481 (2,2_3_0023.jpg",right,24,"Bartholomeus (Bartolomeus, Bertholomeus) 737.",39
"..\He 6481 (2,2_3_0023.jpg",right,24,— 885.,40
"..\He 6481 (2,2_3_0024.jpg",right,26,Bartholomeus Wirt 110.,1
"..\He 6481 (2,2_3_0024.jpg",right,26,— Wurffel 110.,2
"..\He 6481 (2,2_3_0024.jpg",right,26,Bartholus de Palutso 861.,3
"..\He 6481 (2,2_3_0024.jpg",right,26,Basilius d. Honaff de Reys 111.,4
"..\He 6481 (2,2_3_0024.jpg",right,26,— Sculteti 112.,5
"..\He 6481 (2,2_3_0024.jpg",right,26,Bastianus de Tan 1339.,6
"..\He 6481 (2,2_3_0024.jpg",right,26,Beatrix ducissa Austrie 112.,7
"..\He 6481 (2,2_3_0024.jpg",right,26,"— 1196 (v. Burkardus de Elrebach, Waltherus de Hoghenfels).",8
"..\He 6481 (2,2_3_0024.jpg",right,26,— abba eccl. bb. Cosme et Damiani Assinden. 99.,9
"..\He 6481 (2,2_3_0024.jpg",right,26,— 401 (v. Henricus de Andelahe).,10
"..\He 6481 (2,2_3_0024.jpg",right,26,— de Holsteyn 1193.,11
"..\He 6481 (2,2_3_0024.jpg",right,26,— abba eccl. in Holzwijsre 1191.,12
"..\He 6481 (2,2_3_0024.jpg",right,26,— 531 (v. Hugo d. Ellen).,13
"..\He 6481 (2,2_3_0024.jpg",right,26,"— de Sulen, abba mon. Valliscomitis al. d. ten Neyencloester 112.",14
"..\He 6481 (2,2_3_0024.jpg",right,26,— 1307 (v. Wyricho de Truchtelingen).,15
"..\He 6481 (2,2_3_0024.jpg",right,26,Beke 1405 (v. Marquardus de Siggem).,16
"..\He 6481 (2,2_3_0024.jpg",right,26,— Unbescheiden de Brula 112.,17
"..\He 6481 (2,2_3_0024.jpg",right,26,Bela de Caminata 113.,18
"..\He 6481 (2,2_3_0024.jpg",right,26,— 1339 (v. Henricus de Cusino).,19
"..\He 6481 (2,2_3_0024.jpg",right,26,— 1350 (v. Henricus de Palatio).,20
"..\He 6481 (2,2_3_0024.jpg",right,26,— Emerici 254 (v. Emericus de Ludendorf).,21
"..\He 6481 (2,2_3_0024.jpg",right,26,— 1153 (v. Wernherus de Vlacen).,22
"..\He 6481 (2,2_3_0024.jpg",right,26,Belghina de Horn 1340 (v. Francko de Horn).,23
"..\He 6481 (2,2_3_0024.jpg",right,26,Belia 161 (v. Conradus Adorp).,24
"..\He 6481 (2,2_3_0024.jpg",right,26,Beltramus ep. Cuman. 3.,25
"..\He 6481 (2,2_3_0024.jpg",right,26,— de Velthem 57.,26
"..\He 6481 (2,2_3_0024.jpg",right,26,Benedictus papa XIII v. Petrus de Luna.,27
"..\He 6481 (2,2_3_0024.jpg",right,26,— de Bardis 55 113 920.,28
"..\He 6481 (2,2_3_0024.jpg",right,26,— d. Bentz 146.,29
"..\He 6481 (2,2_3_0024.jpg",right,26,— Crispi 1265 1404.,30
"..\He 6481 (2,2_3_0024.jpg",right,26,— Falken 113.,31
"..\He 6481 (2,2_3_0024.jpg",right,26,— Ludigeri de Isenaco 114.,32
"..\He 6481 (2,2_3_0024.jpg",right,26,— Mathie de Modla 114.,33
"..\He 6481 (2,2_3_0024.jpg",right,26,— abb. mon. s. Petri de Percipiano 57 114 191 519 907.,34
"..\He 6481 (2,2_3_0024.jpg",right,26,Benessius baro de Quassicz 943.,35
"..\He 6481 (2,2_3_0024.jpg",right,26,Benevenutus de Fontanellis 115.,36
"..\He 6481 (2,2_3_0024.jpg",right,26,Benigna abba mon. Thuric. 1266.,37
"..\He 6481 (2,2_3_0024.jpg",right,26,Berardus Bolen 491.,38
"..\He 6481 (2,2_3_0024.jpg",right,26,Bercherus 193.,39
"..\He 6481 (2,2_3_0024.jpg",right,26,Berchtholdus v. Bertholdus.,40
"..\He 6481 (2,2_3_0024.jpg",right,26,Berenco de Breytenstein 115.,41
"..\He 6481 (2,2_3_0024.jpg",right,26,Berferus dec. Camin. v. Bernhardus Berser.,42
"..\He 6481 (2,2_3_0024.jpg",right,26,Beringerus de Berlichen 1215.,43
"..\He 6481 (2,2_3_0024.jpg",right,26,— Burg 280 613 986 1124.,44
"..\He 6481 (2,2_3_0024.jpg",right,26,— de Schonenstete 452.,45
"..\He 6481 (2,2_3_0024.jpg",right,26,Berner Zak 944.,46
"..\He 6481 (2,2_3_0025.jpg",left,27,"Bernhardus (Bernardus, Pernhardus) 120.",1
"..\He 6481 (2,2_3_0025.jpg",left,27,— 181 193 1060.,2
"..\He 6481 (2,2_3_0025.jpg",left,27,— 825.,3
"..\He 6481 (2,2_3_0025.jpg",left,27,— 591.,4
"..\He 6481 (2,2_3_0025.jpg",left,27,— Advocati al. d. Mulo 116 1142 1204.,5
"..\He 6481 (2,2_3_0025.jpg",left,27,— de Ahusen 528.,6
"..\He 6481 (2,2_3_0025.jpg",left,27,— de Alstorp 435.,7
"..\He 6481 (2,2_3_0025.jpg",left,27,— Antonii de Cavalcantibus 116.,8
"..\He 6481 (2,2_3_0025.jpg",left,27,— marchio Baden. 116 1340 1357.,9
"..\He 6481 (2,2_3_0025.jpg",left,27,— abb. mon. Belbuck. 116.,10
"..\He 6481 (2,2_3_0025.jpg",left,27,— de Berka 863.,11
"..\He 6481 (2,2_3_0025.jpg",left,27,— de Berna (Bern) 20 115 177 519 1079.,12
"..\He 6481 (2,2_3_0025.jpg",left,27,— Berser (Berset) 136 1026 1091 1290.,13
"..\He 6481 (2,2_3_0025.jpg",left,27,— de Bevensen 1239.,14
"..\He 6481 (2,2_3_0025.jpg",left,27,— Bode 116.,15
"..\He 6481 (2,2_3_0025.jpg",left,27,— Bronekow 117.,16
"..\He 6481 (2,2_3_0025.jpg",left,27,— dux Brunswic. 117 176 1340.,17
"..\He 6481 (2,2_3_0025.jpg",left,27,"— Bulow, ep. Tarbat. 117 491 567 1340 1402 1406.",18
"..\He 6481 (2,2_3_0025.jpg",left,27,— But de Stauria 117.,19
"..\He 6481 (2,2_3_0025.jpg",left,27,— Kale 117 334.,20
"..\He 6481 (2,2_3_0025.jpg",left,27,— Kelle 118.,21
"..\He 6481 (2,2_3_0025.jpg",left,27,— de Cellis 215.,22
"..\He 6481 (2,2_3_0025.jpg",left,27,— d. Clink 118.,23
"..\He 6481 (2,2_3_0025.jpg",left,27,— de Colonia 380.,24
"..\He 6481 (2,2_3_0025.jpg",left,27,— ep. Constant. 846.,25
"..\He 6481 (2,2_3_0025.jpg",left,27,— Kostede 1193.,26
"..\He 6481 (2,2_3_0025.jpg",left,27,— prep. eccl. in Kreyg 118.,27
"..\He 6481 (2,2_3_0025.jpg",left,27,— Crumneschuring 43.,28
"..\He 6481 (2,2_3_0025.jpg",left,27,— Dauginer 118.,29
"..\He 6481 (2,2_3_0025.jpg",left,27,— de Dicke (van den Dijke) 118 257 410 729 1046.,30
"..\He 6481 (2,2_3_0025.jpg",left,27,— Dop 119 237.,31
"..\He 6481 (2,2_3_0025.jpg",left,27,— de Dorenweert 842.,32
"..\He 6481 (2,2_3_0025.jpg",left,27,— de Drosten 842.,33
"..\He 6481 (2,2_3_0025.jpg",left,27,— de Duysborch 119.,34
"..\He 6481 (2,2_3_0025.jpg",left,27,— de Everding 1250.,35
"..\He 6481 (2,2_3_0025.jpg",left,27,— Valken 119.,36
"..\He 6481 (2,2_3_0025.jpg",left,27,— Versmele 120.,37
"..\He 6481 (2,2_3_0025.jpg",left,27,— Vischer de Huessen 120 260.,38
"..\He 6481 (2,2_3_0025.jpg",left,27,— Voswich 120.,39
"..\He 6481 (2,2_3_0025.jpg",left,27,— Vreudenrick 932.,40
"..\He 6481 (2,2_3_0025.jpg",left,27,— Gerset 535.,41
"..\He 6481 (2,2_3_0025.jpg",left,27,— de Ghise 799.,42
"..\He 6481 (2,2_3_0025.jpg",left,27,— Godfrid 1265.,43
"..\He 6481 (2,2_3_0025.jpg",left,27,— Gogelowen 823.,44
"..\He 6481 (2,2_3_0025.jpg",left,27,— Grevinch 72 120 322 334 408 1044 1047.,45
"..\He 6481 (2,2_3_0025.jpg",left,27,— Gropeling 397.,46
"..\He 6481 (2,2_3_0025.jpg",left,27,— Haken 1060.,47
"..\He 6481 (2,2_3_0025.jpg",left,27,— de Hantistain 121.,48
"..\He 6481 (2,2_3_0025.jpg",left,27,— Hennekini 1194.,49
"..\He 6481 (2,2_3_0020.jpg",right,18,Anna 744 (v. Johannes Rudolfi).,1
"..\He 6481 (2,2_3_0020.jpg",right,18,— 745 (v. Johannes Sachse).,2
"..\He 6481 (2,2_3_0020.jpg",right,18,— abba mon. s. Margarete prope Waldkirch 273.,3
"..\He 6481 (2,2_3_0020.jpg",right,18,— de Mazovia 79 693.,4
"..\He 6481 (2,2_3_0020.jpg",right,18,— abba mon. in Merginstern 908.,5
"..\He 6481 (2,2_3_0020.jpg",right,18,— ducissa Monten. 231 376.,6
"..\He 6481 (2,2_3_0020.jpg",right,18,— de Nassow 1078 (v. Theodericus comes de Katzenelnbogen).,7
"..\He 6481 (2,2_3_0020.jpg",right,18,— 1028 (v. Nicolai Slecht).,8
"..\He 6481 (2,2_3_0020.jpg",right,18,— Ortlieben 80.,9
"..\He 6481 (2,2_3_0020.jpg",right,18,— comitissa de Otingen 116 (v. Bernhardus marchio Baden.).,10
"..\He 6481 (2,2_3_0020.jpg",right,18,— 955 (v. Otto Sneider).,11
"..\He 6481 (2,2_3_0020.jpg",right,18,— Ottonis Schencken de Landisberg 311 (v. Georgius de Kolditz).,12
"..\He 6481 (2,2_3_0020.jpg",right,18,— 756 (v. Paulus Wurfel).,13
"..\He 6481 (2,2_3_0020.jpg",right,18,— 979 (v. Petrus Holtzener).,14
"..\He 6481 (2,2_3_0020.jpg",right,18,— regina Polonie 1326 (v. Wladislaus rex Polonie).,15
"..\He 6481 (2,2_3_0020.jpg",right,18,— 1004 (v. Przemislaus dux Oppav.).,16
"..\He 6481 (2,2_3_0020.jpg",right,18,— de Ryschach 80.,17
"..\He 6481 (2,2_3_0020.jpg",right,18,— 1025 (v. Rudolphus com. de Hohenberg).,18
"..\He 6481 (2,2_3_0020.jpg",right,18,— 1028 (v. Rudolphus de Tyerna).,19
"..\He 6481 (2,2_3_0020.jpg",right,18,— Runratzhuser 251.,20
"..\He 6481 (2,2_3_0020.jpg",right,18,— de Schowenberg 80.,21
"..\He 6481 (2,2_3_0020.jpg",right,18,— de Spitzz 80.,22
"..\He 6481 (2,2_3_0020.jpg",right,18,— de Swartzpurg 1353 (v. Fredericus lantgravius Thuringie et marchio Misn.).,23
"..\He 6481 (2,2_3_0020.jpg",right,18,— 1094 1315 (v. Theodericus Poppenberger).,24
"..\He 6481 (2,2_3_0020.jpg",right,18,— 1129 (v. Ulricus dux Magnopol.).,25
"..\He 6481 (2,2_3_0020.jpg",right,18,— 1188 (v. Ulricus Ullein).,26
"..\He 6481 (2,2_3_0020.jpg",right,18,— de Wilthaus 80.,27
"..\He 6481 (2,2_3_0020.jpg",right,18,— 1307 (v. Wyricho et Jodocus de Truchtelingen).,28
"..\He 6481 (2,2_3_0020.jpg",right,18,— Wolkchingerinn 69 (v. Andreas Vischel).,29
"..\He 6481 (2,2_3_0020.jpg",right,18,— de Czimmern 241 (v. Eberhardus com. de Werdenberg).,30
"..\He 6481 (2,2_3_0020.jpg",right,18,Anselmus (Anshelmus) de Bitis 138.,31
"..\He 6481 (2,2_3_0020.jpg",right,18,— Fabri de Breda 80 1336.,32
"..\He 6481 (2,2_3_0020.jpg",right,18,— Gerlaci de Limpurg 1336.,33
"..\He 6481 (2,2_3_0020.jpg",right,18,— de Halhen 80.,34
"..\He 6481 (2,2_3_0020.jpg",right,18,— Lersenmecher 1337.,35
"..\He 6481 (2,2_3_0020.jpg",right,18,— de Mediolano 10 18 375 533.,36
"..\He 6481 (2,2_3_0020.jpg",right,18,— Metzel 80.,37
"..\He 6481 (2,2_3_0020.jpg",right,18,— Neyningen 81.,38
"..\He 6481 (2,2_3_0020.jpg",right,18,— abb. mon. Novillarien. 2 149.,39
"..\He 6481 (2,2_3_0020.jpg",right,18,— de Slusa 81.,40
"..\He 6481 (2,2_3_0020.jpg",right,18,— Stob 81.,41
"..\He 6481 (2,2_3_0025.jpg",right,28,Bernhardus Henrici de Daventria 3 121 345 504 1315.,1
"..\He 6481 (2,2_3_0025.jpg",right,28,— Hinrici de Dynslaken 121.,2
"..\He 6481 (2,2_3_0025.jpg",right,28,— Hinrici de Dulmen 121 463 702.,3
"..\He 6481 (2,2_3_0025.jpg",right,28,— de Hoyntein (Honstein) 122 1291.,4
"..\He 6481 (2,2_3_0025.jpg",right,28,— de Holte 122 373.,5
"..\He 6481 (2,2_3_0025.jpg",right,28,— de Horst 1194.,6
"..\He 6481 (2,2_3_0025.jpg",right,28,— Johannis al. d. Staken 122.,7
"..\He 6481 (2,2_3_0025.jpg",right,28,— de Yrte 122.,8
"..\He 6481 (2,2_3_0025.jpg",right,28,— Langhedorp 1404.,9
"..\He 6481 (2,2_3_0025.jpg",right,28,— Langhen 668.,10
"..\He 6481 (2,2_3_0025.jpg",right,28,— de Lichtenstayn 131.,11
"..\He 6481 (2,2_3_0025.jpg",right,28,— baro de Lippia 1340.,12
"..\He 6481 (2,2_3_0025.jpg",right,28,— de Lochem 1059.,13
"..\He 6481 (2,2_3_0025.jpg",right,28,— Luchten 53.,14
"..\He 6481 (2,2_3_0025.jpg",right,28,— dux Luneburg. v. B. dux Brunswic.,15
"..\He 6481 (2,2_3_0025.jpg",right,28,— de Moer 122.,16
"..\He 6481 (2,2_3_0025.jpg",right,28,— de Molendino 122.,17
"..\He 6481 (2,2_3_0025.jpg",right,28,— Monachi (Monichi) 122 304 452 546 591 954 1194.,18
"..\He 6481 (2,2_3_0025.jpg",right,28,— de Monasterio 247.,19
"..\He 6481 (2,2_3_0025.jpg",right,28,— Monti 123.,20
"..\He 6481 (2,2_3_0025.jpg",right,28,— de Nerdorpe 788.,21
"..\He 6481 (2,2_3_0025.jpg",right,28,— de Novavilla 124.,22
"..\He 6481 (2,2_3_0025.jpg",right,28,— prep. eccl. Novioperis e. m. op. Hallen. 208.,23
"..\He 6481 (2,2_3_0025.jpg",right,28,— d. de Oldenborch (Oldenberch) 124 1045.,24
"..\He 6481 (2,2_3_0025.jpg",right,28,— dux Opolien. 124 812 1146.,25
"..\He 6481 (2,2_3_0025.jpg",right,28,— Parscyn (Parstyn) 124 742.,26
"..\He 6481 (2,2_3_0025.jpg",right,28,— baro de Pettovia 125 1194.,27
"..\He 6481 (2,2_3_0025.jpg",right,28,— de Plessen 125 1017.,28
"..\He 6481 (2,2_3_0025.jpg",right,28,— de Porta al. d. Ledirsnidir 125.,29
"..\He 6481 (2,2_3_0025.jpg",right,28,— Ryngsted 1378.,30
"..\He 6481 (2,2_3_0025.jpg",right,28,— Santze 126.,31
"..\He 6481 (2,2_3_0025.jpg",right,28,— de Schowenborch 630.,32
"..\He 6481 (2,2_3_0025.jpg",right,28,— de Segen (Syeghen) 674 1139.,33
"..\He 6481 (2,2_3_0025.jpg",right,28,— de Sittrich 355.,34
"..\He 6481 (2,2_3_0025.jpg",right,28,— Slauwerdes 665.,35
"..\He 6481 (2,2_3_0025.jpg",right,28,— Sleifen 848.,36
"..\He 6481 (2,2_3_0025.jpg",right,28,— Sonenken 126.,37
"..\He 6481 (2,2_3_0025.jpg",right,28,— abb. mon. in Stolp 771.,38
"..\He 6481 (2,2_3_0025.jpg",right,28,— Suring 126.,39
"..\He 6481 (2,2_3_0025.jpg",right,28,— Swarten d. de Bochem 126.,40
"..\He 6481 (2,2_3_0025.jpg",right,28,— baro de Thawaczaw al. de Czymburg 943.,41
"..\He 6481 (2,2_3_0025.jpg",right,28,— Totendorf 126.,42
"..\He 6481 (2,2_3_0025.jpg",right,28,— upden Oerde 124.,43
"..\He 6481 (2,2_3_0025.jpg",right,28,— Uppeling 126.,44
"..\He 6481 (2,2_3_0025.jpg",right,28,— uten Eynghen (Enghe) 119 1194.,45
"..\He 6481 (2,2_3_0025.jpg",right,28,— Wasmodi 1053.,46
"..\He 6481 (2,2_3_0025.jpg",right,28,— Weliede 1194.,47
"..\He 6481 (2,2_3_0025.jpg",right,28,— de Werpe (Wespe) 126 421.,48
"..\He 6481 (2,2_3_0026.jpg",right,30,Bertholdus Bunninc 363.,1
"..\He 6481 (2,2_3_0026.jpg",right,30,— Buselbeyn 130 207.,2
"..\He 6481 (2,2_3_0026.jpg",right,30,— Bussenmaister 1195.,3
"..\He 6481 (2,2_3_0026.jpg",right,30,— d. Kalwen 452.,4
"..\He 6481 (2,2_3_0026.jpg",right,30,— de Camen 130 223 961.,5
"..\He 6481 (2,2_3_0026.jpg",right,30,— Kegeler 133.,6
"..\He 6481 (2,2_3_0026.jpg",right,30,— Keseman 1195.,7
"..\He 6481 (2,2_3_0026.jpg",right,30,— Cletebach (Cletrebach) 829 1108.,8
"..\He 6481 (2,2_3_0026.jpg",right,30,— de Cloden 130.,9
"..\He 6481 (2,2_3_0026.jpg",right,30,— Cogen (Coyen) 130 1021 1195.,10
"..\He 6481 (2,2_3_0026.jpg",right,30,— Coitman 1091.,11
"..\He 6481 (2,2_3_0026.jpg",right,30,— de Corbeke 1243 1340.,12
"..\He 6481 (2,2_3_0026.jpg",right,30,— Koufman de Kael 95 133 1044.,13
"..\He 6481 (2,2_3_0026.jpg",right,30,— Kreseken 134.,14
"..\He 6481 (2,2_3_0026.jpg",right,30,— Cristani de Northusen 130.,15
"..\He 6481 (2,2_3_0026.jpg",right,30,— Kuche 134.,16
"..\He 6481 (2,2_3_0026.jpg",right,30,— can. Culm. 888.,17
"..\He 6481 (2,2_3_0026.jpg",right,30,— Kumerow 1341.,18
"..\He 6481 (2,2_3_0026.jpg",right,30,— Deynen 1195.,19
"..\He 6481 (2,2_3_0026.jpg",right,30,— d. Dolde 131.,20
"..\He 6481 (2,2_3_0026.jpg",right,30,"— Drugsez, baro de Emerberg 131 849.",21
"..\He 6481 (2,2_3_0026.jpg",right,30,— Duvelskop 390.,22
"..\He 6481 (2,2_3_0026.jpg",right,30,— abb. mon. s. Egidii Brunswic. 3 131 317 822 824.,23
"..\He 6481 (2,2_3_0026.jpg",right,30,— de Vayhingen (Vehingen) 131 1286.,24
"..\He 6481 (2,2_3_0026.jpg",right,30,— Feyste de Butzbach 131.,25
"..\He 6481 (2,2_3_0026.jpg",right,30,— Ferantzraweter 1319.,26
"..\He 6481 (2,2_3_0026.jpg",right,30,— Vitzdum 1426.,27
"..\He 6481 (2,2_3_0026.jpg",right,30,— d. Flenne 131.,28
"..\He 6481 (2,2_3_0026.jpg",right,30,— Pholendorff 1195 1400.,29
"..\He 6481 (2,2_3_0026.jpg",right,30,— abb. mon. Fontissalutis 3.,30
"..\He 6481 (2,2_3_0026.jpg",right,30,— Vredeland 131.,31
"..\He 6481 (2,2_3_0026.jpg",right,30,"— ep. Frising., aep. Salzeburg. 3 113 131 132 170 544 693 976 1058 1123 1124 1126 1195 1207 1208 1251 1341 1353.",32
"..\He 6481 (2,2_3_0026.jpg",right,30,— Frowenberg 988.,33
"..\He 6481 (2,2_3_0026.jpg",right,30,— Funckel 132.,34
"..\He 6481 (2,2_3_0026.jpg",right,30,— ep. Garden. 132.,35
"..\He 6481 (2,2_3_0026.jpg",right,30,— de Gottingen 132.,36
"..\He 6481 (2,2_3_0026.jpg",right,30,— de Grumbach 158.,37
"..\He 6481 (2,2_3_0026.jpg",right,30,— de Hadeleva 682.,38
"..\He 6481 (2,2_3_0026.jpg",right,30,— de Hardenberg 1121.,39
"..\He 6481 (2,2_3_0026.jpg",right,30,— d. Harder 257.,40
"..\He 6481 (2,2_3_0026.jpg",right,30,— Heylmann 133.,41
"..\He 6481 (2,2_3_0026.jpg",right,30,— Heyner 302.,42
"..\He 6481 (2,2_3_0026.jpg",right,30,— Helmici de Betticheim 1341.,43
"..\He 6481 (2,2_3_0026.jpg",right,30,— Helmsleger 1039.,44
"..\He 6481 (2,2_3_0026.jpg",right,30,— d. Hemrode 1067.,45
"..\He 6481 (2,2_3_0026.jpg",right,30,— de Hennenbergh 96.,46
"..\He 6481 (2,2_3_0026.jpg",right,30,— Hepping 133.,47
"..\He 6481 (2,2_3_0026.jpg",right,30,— de Herbelstat 998.,48
"..\He 6481 (2,2_3_0026.jpg",right,30,— de Hilkerode 1195.,49
"..\He 6481 (2,2_3_0026.jpg",left,29,Bernhardus de Woot 127.,1
"..\He 6481 (2,2_3_0026.jpg",left,29,— Czale al. d. de Czonis 883 1084.,2
"..\He 6481 (2,2_3_0026.jpg",left,29,— de Czedelitz 1171.,3
"..\He 6481 (2,2_3_0026.jpg",left,29,Bernherus (Bernerus) de Altwis v. Wernherus de A.,4
"..\He 6481 (2,2_3_0026.jpg",left,29,— de Boeschwinklo 511.,5
"..\He 6481 (2,2_3_0026.jpg",left,29,— Rutgheri Smeytkens 1156.,6
"..\He 6481 (2,2_3_0026.jpg",left,29,— cf. Wernerus.,7
"..\He 6481 (2,2_3_0026.jpg",left,29,Bernoldus (Bernaldus) de Than 127.,8
"..\He 6481 (2,2_3_0026.jpg",left,29,— ep. Traiect. 221.,9
"..\He 6481 (2,2_3_0026.jpg",left,29,Berserus v. Bernhardus Berser.,10
"..\He 6481 (2,2_3_0026.jpg",left,29,"Berta (Bertha, Pertha) Arnoldi de Oestenwolde 247 (v. Egbertus de Eket).",11
"..\He 6481 (2,2_3_0026.jpg",left,29,— priorissa etc. mon. ad Çeliportam Wyenn. 261.,12
"..\He 6481 (2,2_3_0026.jpg",left,29,— priorissa mon. in Eldena 1106.,13
"..\He 6481 (2,2_3_0026.jpg",left,29,— 288 (v. Fredericus de Dryborgh).,14
"..\He 6481 (2,2_3_0026.jpg",left,29,— 456 (v. Henricus Monik).,15
"..\He 6481 (2,2_3_0026.jpg",left,29,Berteke 1223 (v. Goswinus van dem Stranghe).,16
"..\He 6481 (2,2_3_0026.jpg",left,29,Bertelinus Ulrici de Wilberg 127.,17
"..\He 6481 (2,2_3_0026.jpg",left,29,Berthlein 873 (v. Moses de Heydek).,18
"..\He 6481 (2,2_3_0026.jpg",left,29,"Bertholdus (Bartholdus, Berchtholdus, Bertoldus, Pertholdus) 1025.",19
"..\He 6481 (2,2_3_0026.jpg",left,29,— 1135.,20
"..\He 6481 (2,2_3_0026.jpg",left,29,— Advocati 956.,21
"..\He 6481 (2,2_3_0026.jpg",left,29,— patr. Aquileg. 1137.,22
"..\He 6481 (2,2_3_0026.jpg",left,29,— ep. Argent. 816.,23
"..\He 6481 (2,2_3_0026.jpg",left,29,— d. Armbruster 127.,24
"..\He 6481 (2,2_3_0026.jpg",left,29,— Assendelf 127.,25
"..\He 6481 (2,2_3_0026.jpg",left,29,"— Awer (Auer, Albeyer) 128 213.",26
"..\He 6481 (2,2_3_0026.jpg",left,29,— Avis 422.,27
"..\He 6481 (2,2_3_0026.jpg",left,29,— Baltz 569.,28
"..\He 6481 (2,2_3_0026.jpg",left,29,— Beere 128.,29
"..\He 6481 (2,2_3_0026.jpg",left,29,— de Bercheym 128.,30
"..\He 6481 (2,2_3_0026.jpg",left,29,— de Bernsen 128.,31
"..\He 6481 (2,2_3_0026.jpg",left,29,— Bertoldi 129 1194.,32
"..\He 6481 (2,2_3_0026.jpg",left,29,— Bertholdi Wynne de Mintzenberg 129.,33
"..\He 6481 (2,2_3_0026.jpg",left,29,— Besselini 927 1020.,34
"..\He 6481 (2,2_3_0026.jpg",left,29,— Bill 129.,35
"..\He 6481 (2,2_3_0026.jpg",left,29,— d. Billen 129.,36
"..\He 6481 (2,2_3_0026.jpg",left,29,— Byngel 1234.,37
"..\He 6481 (2,2_3_0026.jpg",left,29,— Bishop 1340.,38
"..\He 6481 (2,2_3_0026.jpg",left,29,— Bodeker 525.,39
"..\He 6481 (2,2_3_0026.jpg",left,29,— Bomeke 129.,40
"..\He 6481 (2,2_3_0026.jpg",left,29,— Bonyem 129.,41
"..\He 6481 (2,2_3_0026.jpg",left,29,— Boraw 1194.,42
"..\He 6481 (2,2_3_0026.jpg",left,29,— Borchardi 130.,43
"..\He 6481 (2,2_3_0026.jpg",left,29,— de Borge 1340.,44
"..\He 6481 (2,2_3_0026.jpg",left,29,— de Brinke 130 468.,45
"..\He 6481 (2,2_3_0026.jpg",left,29,— de Brunswig 224.,46
"..\He 6481 (2,2_3_0027.jpg",right,32,Bertholdus de Stebritz 137.,1
"..\He 6481 (2,2_3_0027.jpg",right,32,— Strolin 734.,2
"..\He 6481 (2,2_3_0027.jpg",right,32,— Suderdyc 856.,3
"..\He 6481 (2,2_3_0027.jpg",right,32,— de Waken 1390.,4
"..\He 6481 (2,2_3_0027.jpg",right,32,— Wedenhove 552.,5
"..\He 6481 (2,2_3_0027.jpg",right,32,— Wellen 137.,6
"..\He 6481 (2,2_3_0027.jpg",right,32,— Weren de Aldindorff 1341.,7
"..\He 6481 (2,2_3_0027.jpg",right,32,— Wielant 137.,8
"..\He 6481 (2,2_3_0027.jpg",right,32,— de Wildunghen 1195.,9
"..\He 6481 (2,2_3_0027.jpg",right,32,— de Wissenfels 62.,10
"..\He 6481 (2,2_3_0027.jpg",right,32,— de Wonneck 1208.,11
"..\He 6481 (2,2_3_0027.jpg",right,32,— Zeker 137.,12
"..\He 6481 (2,2_3_0027.jpg",right,32,— Zeep 794.,13
"..\He 6481 (2,2_3_0027.jpg",right,32,— d. Zorn 3 11 1341.,14
"..\He 6481 (2,2_3_0027.jpg",right,32,Bertradis abba eccl. sec. Gerenroden. et Vrosen. 137.,15
"..\He 6481 (2,2_3_0027.jpg",right,32,Bertramus (Bertrammus) archid. terre Balsami in eccl. Halberstad. 319 737 823.,16
"..\He 6481 (2,2_3_0027.jpg",right,32,— Bely de Dursten 138.,17
"..\He 6481 (2,2_3_0027.jpg",right,32,— Boylin 756.,18
"..\He 6481 (2,2_3_0027.jpg",right,32,— de Karhusen 820.,19
"..\He 6481 (2,2_3_0027.jpg",right,32,— Gerboldi 138.,20
"..\He 6481 (2,2_3_0027.jpg",right,32,— ep. Lubic. 224 820,21
"..\He 6481 (2,2_3_0027.jpg",right,32,— de Poppendyk 561.,22
"..\He 6481 (2,2_3_0027.jpg",right,32,— Schure 138.,23
"..\He 6481 (2,2_3_0027.jpg",right,32,Bertrandus olim. abb. mon. s. Antonii Vienn. o. s. Aug. 3 565.,24
"..\He 6481 (2,2_3_0027.jpg",right,32,"— de Arvazano, el. Padeburn., ep. s. Leonis 138 148 348 376 1013 1021 1101 1144 1204.",25
"..\He 6481 (2,2_3_0027.jpg",right,32,— ep. Eugub. 138.,26
"..\He 6481 (2,2_3_0027.jpg",right,32,— de Heylprunnen 1079.,27
"..\He 6481 (2,2_3_0027.jpg",right,32,— de Moer 138.,28
"..\He 6481 (2,2_3_0027.jpg",right,32,— de Popis 740.,29
"..\He 6481 (2,2_3_0027.jpg",right,32,— Sanctileonis olim Padeburn. el. v. B. de Arvazano.,30
"..\He 6481 (2,2_3_0027.jpg",right,32,Bertscho Waltnagt de Lutzenburg 138.,31
"..\He 6481 (2,2_3_0027.jpg",right,32,Bertzo 203.,32
"..\He 6481 (2,2_3_0027.jpg",right,32,Berwinus Nicolai de Kabsark de Monthabur 138.,33
"..\He 6481 (2,2_3_0027.jpg",right,32,Betinus Blanci de Crema 4.,34
"..\He 6481 (2,2_3_0027.jpg",right,32,Betmannus (Bethmannus) Brugeman 926.,35
"..\He 6481 (2,2_3_0027.jpg",right,32,— de Wiby 719.,36
"..\He 6481 (2,2_3_0027.jpg",right,32,Betomannus de Hoy m 1310.,37
"..\He 6481 (2,2_3_0027.jpg",right,32,Bilgrimus v. Pelegrinus.,38
"..\He 6481 (2,2_3_0027.jpg",right,32,Bird Petzil 944.,39
"..\He 6481 (2,2_3_0027.jpg",right,32,Blasius 139.,40
"..\He 6481 (2,2_3_0027.jpg",right,32,— d. Jastrambetz de Tescovitz 139.,41
"..\He 6481 (2,2_3_0027.jpg",right,32,— d. Lupus 140.,42
"..\He 6481 (2,2_3_0027.jpg",right,32,Blitza (Bliza) Vammehuntgin 421 (v. Henricus de Cusino).,43
"..\He 6481 (2,2_3_0024.jpg",left,25,Bartholomeus Auren de Wekow 2.,1
"..\He 6481 (2,2_3_0024.jpg",left,25,"— de Barbatis, el. Arimin. 106 385 849 853 902 903 988.",2
"..\He 6481 (2,2_3_0024.jpg",left,25,— Bertini de Vincio 107.,3
"..\He 6481 (2,2_3_0024.jpg",left,25,— de Bristige (Brijsteghe) 107 1208.,4
"..\He 6481 (2,2_3_0024.jpg",left,25,— de Boristirow (Borschow) 107 1397.,5
"..\He 6481 (2,2_3_0024.jpg",left,25,— Brusche 1208.,6
"..\He 6481 (2,2_3_0024.jpg",left,25,— Burgtor 403.,7
"..\He 6481 (2,2_3_0024.jpg",left,25,— Carrafa de Neapoli 379 389.,8
"..\He 6481 (2,2_3_0024.jpg",left,25,— Chawtzel 107.,9
"..\He 6481 (2,2_3_0024.jpg",left,25,— Chottow 74.,10
"..\He 6481 (2,2_3_0024.jpg",left,25,— Creyer de Brede 107.,11
"..\He 6481 (2,2_3_0024.jpg",left,25,— Cristiani al. d. Gelucke de Henigersdorf 105.,12
"..\He 6481 (2,2_3_0024.jpg",left,25,— Dydolf 1339.,13
"..\He 6481 (2,2_3_0024.jpg",left,25,— Ekbart 107.,14
"..\He 6481 (2,2_3_0024.jpg",left,25,— de Eydel 107.,15
"..\He 6481 (2,2_3_0024.jpg",left,25,— Fewhter 107.,16
"..\He 6481 (2,2_3_0024.jpg",left,25,— Francisci de Lacapra 108 406 978.,17
"..\He 6481 (2,2_3_0024.jpg",left,25,— Gherbrandi Vandercouster 108.,18
"..\He 6481 (2,2_3_0024.jpg",left,25,— Johannis 71.,19
"..\He 6481 (2,2_3_0024.jpg",left,25,— Johannis de Swecze (Suecia) 108 448 538 1351 1382.,20
"..\He 6481 (2,2_3_0024.jpg",left,25,— de Lapide 108.,21
"..\He 6481 (2,2_3_0024.jpg",left,25,— tit. s. Laurentii in Damaso presb. card. vulgo d. de Janua 21 859.,22
"..\He 6481 (2,2_3_0024.jpg",left,25,— de Logow 1193.,23
"..\He 6481 (2,2_3_0024.jpg",left,25,— Loter 1338.,24
"..\He 6481 (2,2_3_0024.jpg",left,25,— tit. s. Martini in Montibus presb. card. 108 183 345 356 436 636.,25
"..\He 6481 (2,2_3_0024.jpg",left,25,— de Mattray 855.,26
"..\He 6481 (2,2_3_0024.jpg",left,25,— Moriconi (de Mariconibus) 338 364 1112 1130.,27
"..\He 6481 (2,2_3_0024.jpg",left,25,— Nicolai Thesseris de Vienna 109.,28
"..\He 6481 (2,2_3_0024.jpg",left,25,— de Novacivitate 109.,29
"..\He 6481 (2,2_3_0024.jpg",left,25,— de Novaria 13 17 896.,30
"..\He 6481 (2,2_3_0024.jpg",left,25,— dec. (prep.) mon. Nuemburg. 109 1322.,31
"..\He 6481 (2,2_3_0024.jpg",left,25,— tit. s. Potentiane presb. card. 377 646 661 1164 1189.,32
"..\He 6481 (2,2_3_0024.jpg",left,25,— Rechemester 876.,33
"..\He 6481 (2,2_3_0024.jpg",left,25,— Redwitzer 109.,34
"..\He 6481 (2,2_3_0024.jpg",left,25,— de Riga 109.,35
"..\He 6481 (2,2_3_0024.jpg",left,25,— Saghenze 109.,36
"..\He 6481 (2,2_3_0024.jpg",left,25,— Scoler de Erstorp 1339.,37
"..\He 6481 (2,2_3_0024.jpg",left,25,— de Silmengo 1117.,38
"..\He 6481 (2,2_3_0024.jpg",left,25,— Staden 1193.,39
"..\He 6481 (2,2_3_0024.jpg",left,25,— Strasser 643 919.,40
"..\He 6481 (2,2_3_0024.jpg",left,25,— Torghelow 98 488 819.,41
"..\He 6481 (2,2_3_0024.jpg",left,25,— prep. in eccl. de Thorum 3.,42
"..\He 6481 (2,2_3_0024.jpg",left,25,— de Turchiis 56 109 114 115.,43
"..\He 6481 (2,2_3_0024.jpg",left,25,— Ummelauß 110.,44
"..\He 6481 (2,2_3_0028.jpg",right,34,Bronislaus Viti 552 875 958 1069.,1
"..\He 6481 (2,2_3_0028.jpg",right,34,Bruninghus Predul 1196.,2
"..\He 6481 (2,2_3_0028.jpg",right,34,Bruno de Asbeke 144 163.,3
"..\He 6481 (2,2_3_0028.jpg",right,34,— ep. Brixin. 872.,4
"..\He 6481 (2,2_3_0028.jpg",right,34,— Brunoldi 144 1196.,5
"..\He 6481 (2,2_3_0028.jpg",right,34,— Budde 144.,6
"..\He 6481 (2,2_3_0028.jpg",right,34,— Franken 955.,7
"..\He 6481 (2,2_3_0028.jpg",right,34,— de Frenken 144 407.,8
"..\He 6481 (2,2_3_0028.jpg",right,34,— d. Hacke de Lutzheym 144.,9
"..\He 6481 (2,2_3_0028.jpg",right,34,— de Hamersteyn 593 722 1378.,10
"..\He 6481 (2,2_3_0028.jpg",right,34,— de Hochenberg 875.,11
"..\He 6481 (2,2_3_0028.jpg",right,34,— d. Jensch 145.,12
"..\He 6481 (2,2_3_0028.jpg",right,34,— Lutzen 145 1342.,13
"..\He 6481 (2,2_3_0028.jpg",right,34,— de Maguntia 145.,14
"..\He 6481 (2,2_3_0028.jpg",right,34,— Miens de Duseburch (Duysborg) 350 408 502 818.,15
"..\He 6481 (2,2_3_0028.jpg",right,34,— de Nussia 145 427.,16
"..\He 6481 (2,2_3_0028.jpg",right,34,— Ossencoper 496.,17
"..\He 6481 (2,2_3_0028.jpg",right,34,— Pilgrini 145.,18
"..\He 6481 (2,2_3_0028.jpg",right,34,— de Quernforde 145.,19
"..\He 6481 (2,2_3_0028.jpg",right,34,— Rudolphi de Wetter 750 751 1141.,20
"..\He 6481 (2,2_3_0028.jpg",right,34,— de Rundorp 884.,21
"..\He 6481 (2,2_3_0028.jpg",right,34,— de Scharppinsteyn 145 164 594.,22
"..\He 6481 (2,2_3_0028.jpg",right,34,Brunradus Brunradi 1139.,23
"..\He 6481 (2,2_3_0028.jpg",right,34,"Bugslaus, Buguslaus v. Boguslaus.",24
"..\He 6481 (2,2_3_0028.jpg",right,34,Bulco v. Bolco.,25
"..\He 6481 (2,2_3_0028.jpg",right,34,"Burcardus (Borchardus, Burchardus, Burckhardus, Burghardus, Burgkardus) de Asseborg 63.",26
"..\He 6481 (2,2_3_0028.jpg",right,34,— ep. August. 76 132 147 235 307 414 428 621 622 689 1058 1106 1128 1135 1237 1258 1269 1319.,27
"..\He 6481 (2,2_3_0028.jpg",right,34,— Bensheim de Ehenheim inferiori 1196.,28
"..\He 6481 (2,2_3_0028.jpg",right,34,— Bere 586.,29
"..\He 6481 (2,2_3_0028.jpg",right,34,— de Bersen 1342.,30
"..\He 6481 (2,2_3_0028.jpg",right,34,— Bibrer 1196.,31
"..\He 6481 (2,2_3_0028.jpg",right,34,— Bill 147 688 689 1134 1286 1342.,32
"..\He 6481 (2,2_3_0028.jpg",right,34,— de Bleynfelt 1132.,33
"..\He 6481 (2,2_3_0028.jpg",right,34,— de Bondorff 203.,34
"..\He 6481 (2,2_3_0028.jpg",right,34,— de Bruchtern (Bruchterden) 399 400 612.,35
"..\He 6481 (2,2_3_0028.jpg",right,34,— Burckhardi Institoris 148.,36
"..\He 6481 (2,2_3_0028.jpg",right,34,— Centurionis 148.,37
"..\He 6481 (2,2_3_0028.jpg",right,34,— Kimritz 148.,38
"..\He 6481 (2,2_3_0028.jpg",right,34,— Klingen 148.,39
"..\He 6481 (2,2_3_0028.jpg",right,34,— ep. (prep.) Constant. 4 58 110 148 191 289 380 441 566 618 733 734 1036 1269 1302 1322 1334.,40
"..\He 6481 (2,2_3_0028.jpg",right,34,— de Covekinc (Covekint) de Hervordia 148 1342.,41
"..\He 6481 (2,2_3_0028.jpg",right,34,— Kupp hernagel 600.,42
"..\He 6481 (2,2_3_0029.jpg",left,35,Burcardus Dusman 162.,1
"..\He 6481 (2,2_3_0029.jpg",left,35,— de Ehingen 112.,2
"..\He 6481 (2,2_3_0029.jpg",left,35,— de Elrebach 1196.,3
"..\He 6481 (2,2_3_0029.jpg",left,35,— Vorschone 950.,4
"..\He 6481 (2,2_3_0029.jpg",left,35,— ep. Gra(n)den. 795.,5
"..\He 6481 (2,2_3_0029.jpg",left,35,— Grunwalt 149.,6
"..\He 6481 (2,2_3_0029.jpg",left,35,— ep. Havelberg. 144.,7
"..\He 6481 (2,2_3_0029.jpg",left,35,— Herinch 643.,8
"..\He 6481 (2,2_3_0029.jpg",left,35,— de Hohenberch 149.,9
"..\He 6481 (2,2_3_0029.jpg",left,35,— Holdenstede 149.,10
"..\He 6481 (2,2_3_0029.jpg",left,35,— Lymer 149.,11
"..\He 6481 (2,2_3_0029.jpg",left,35,— de Lindelbach 987.,12
"..\He 6481 (2,2_3_0029.jpg",left,35,— de Luczelstein 235 644 898.,13
"..\He 6481 (2,2_3_0029.jpg",left,35,— aep. Magdeburg. 838.,14
"..\He 6481 (2,2_3_0029.jpg",left,35,— de Mansperg 76 899.,15
"..\He 6481 (2,2_3_0029.jpg",left,35,— Marschalk 187.,16
"..\He 6481 (2,2_3_0029.jpg",left,35,— Monachi 149.,17
"..\He 6481 (2,2_3_0029.jpg",left,35,— de Monte 225 525.,18
"..\He 6481 (2,2_3_0029.jpg",left,35,— de Nuwenegg 149.,19
"..\He 6481 (2,2_3_0029.jpg",left,35,— de Osta 149.,20
"..\He 6481 (2,2_3_0029.jpg",left,35,— prep. eccl. ss. Petri et Michael Argent. 172.,21
"..\He 6481 (2,2_3_0029.jpg",left,35,— de Querfurt 455.,22
"..\He 6481 (2,2_3_0029.jpg",left,35,— de Rynteln 1196 1209.,23
"..\He 6481 (2,2_3_0029.jpg",left,35,— de Rorbach 570.,24
"..\He 6481 (2,2_3_0029.jpg",left,35,— de Seckendorf (Sickendorf) 150 3 727 1312.,25
"..\He 6481 (2,2_3_0029.jpg",left,35,— Senepmole 502 1278.,26
"..\He 6481 (2,2_3_0029.jpg",left,35,— Smyt 1397.,27
"..\He 6481 (2,2_3_0029.jpg",left,35,— abb. mon. in Steynach 317.,28
"..\He 6481 (2,2_3_0029.jpg",left,35,— de Stoffel al. d. Schurli 1420.,29
"..\He 6481 (2,2_3_0029.jpg",left,35,— de Stouffen 150.,30
"..\He 6481 (2,2_3_0029.jpg",left,35,— Tucel 238.,31
"..\He 6481 (2,2_3_0029.jpg",left,35,— de Vallemasonis 20.,32
"..\He 6481 (2,2_3_0029.jpg",left,35,— de Waltdorff 424.,33
"..\He 6481 (2,2_3_0029.jpg",left,35,— Wernheri de Ramstein 150.,34
"..\He 6481 (2,2_3_0029.jpg",left,35,— abb. etc. mon. in Wettinghen Marisstella 4 1197.,35
"..\He 6481 (2,2_3_0029.jpg",left,35,— Villici de Gelstdorf al. de Rot 150.,36
"..\He 6481 (2,2_3_0029.jpg",left,35,— Wittorp (Wutorp) 150.,37
"..\He 6481 (2,2_3_0029.jpg",left,35,Buslaus v. Boguslaus.,38
"..\He 6481 (2,2_3_0029.jpg",left,35,Busso Prefecti 150.,39
"..\He 6481 (2,2_3_0029.jpg",left,35,— de Quernforde 151,40
"..\He 6481 (2,2_3_0029.jpg",left,35,— Rathnow 151 1342.,41
"..\He 6481 (2,2_3_0029.jpg",left,35,Chabertus de Moncelisio (Chapertus Montecelino) 280 380.,42
"..\He 6481 (2,2_3_0029.jpg",left,35,Cacabarius de Celobrio 821.,43
"..\He 6481 (2,2_3_0029.jpg",left,35,Cappo v. Poppo 1197.,44
"..\He 6481 (2,2_3_0027.jpg",left,31,Bertholdus de Hoedorp 1122.,1
"..\He 6481 (2,2_3_0027.jpg",left,31,— de Huxaria 133 218.,2
"..\He 6481 (2,2_3_0027.jpg",left,31,— Jongen 450.,3
"..\He 6481 (2,2_3_0027.jpg",left,31,— de Isenake 299.,4
"..\He 6481 (2,2_3_0027.jpg",left,31,— Israhel 133 1234 1359 1404.,5
"..\He 6481 (2,2_3_0027.jpg",left,31,— de Leyboldes 134.,6
"..\He 6481 (2,2_3_0027.jpg",left,31,— ep. Lindin. 580.,7
"..\He 6481 (2,2_3_0027.jpg",left,31,— de Lippia 1334.,8
"..\He 6481 (2,2_3_0027.jpg",left,31,— Loch 1244 1316 1369.,9
"..\He 6481 (2,2_3_0027.jpg",left,31,— Lomertasche 1214.,10
"..\He 6481 (2,2_3_0027.jpg",left,31,— Ludolfi 1201.,11
"..\He 6481 (2,2_3_0027.jpg",left,31,— Marchionis 607.,12
"..\He 6481 (2,2_3_0027.jpg",left,31,— Meylon de Heydolsheim 134.,13
"..\He 6481 (2,2_3_0027.jpg",left,31,— de Meranghe 134.,14
"..\He 6481 (2,2_3_0027.jpg",left,31,— de Meschede 534 1044.,15
"..\He 6481 (2,2_3_0027.jpg",left,31,— Miskchern 134.,16
"..\He 6481 (2,2_3_0027.jpg",left,31,— Munch de Halprunna 608.,17
"..\He 6481 (2,2_3_0027.jpg",left,31,— Murenberg 734.,18
"..\He 6481 (2,2_3_0027.jpg",left,31,— de Nants 1134.,19
"..\He 6481 (2,2_3_0027.jpg",left,31,— Narr 134.,20
"..\He 6481 (2,2_3_0027.jpg",left,31,— Nyffer de Gugglingen 135.,21
"..\He 6481 (2,2_3_0027.jpg",left,31,— de Nismyntz 521.,22
"..\He 6481 (2,2_3_0027.jpg",left,31,— Nortbergh 135.,23
"..\He 6481 (2,2_3_0027.jpg",left,31,— de Ostmehusen 135.,24
"..\He 6481 (2,2_3_0027.jpg",left,31,— Paderg 479.,25
"..\He 6481 (2,2_3_0027.jpg",left,31,— Pistor de Schutera 135.,26
"..\He 6481 (2,2_3_0027.jpg",left,31,— Poltzow 135.,27
"..\He 6481 (2,2_3_0027.jpg",left,31,— Pregone de Spilimbergo 135.,28
"..\He 6481 (2,2_3_0027.jpg",left,31,— Quadecunghe 1341.,29
"..\He 6481 (2,2_3_0027.jpg",left,31,— Randenberch 783.,30
"..\He 6481 (2,2_3_0027.jpg",left,31,— Rasche 135.,31
"..\He 6481 (2,2_3_0027.jpg",left,31,— Rastorp de Embeke 136.,32
"..\He 6481 (2,2_3_0027.jpg",left,31,— abb. mon. in Regaliluttere 822.,33
"..\He 6481 (2,2_3_0027.jpg",left,31,— de Reiden 130.,34
"..\He 6481 (2,2_3_0027.jpg",left,31,— Resselini 135.,35
"..\He 6481 (2,2_3_0027.jpg",left,31,— Riken 136 1348.,36
"..\He 6481 (2,2_3_0027.jpg",left,31,— Rode de Herbestein 136.,37
"..\He 6481 (2,2_3_0027.jpg",left,31,— Rodolphi 125.,38
"..\He 6481 (2,2_3_0027.jpg",left,31,— Rott 136.,39
"..\He 6481 (2,2_3_0027.jpg",left,31,— de Ruenhove 267.,40
"..\He 6481 (2,2_3_0027.jpg",left,31,— Runffe 145.,41
"..\He 6481 (2,2_3_0027.jpg",left,31,— aep. Salzeburg. v. B. ep. Frising.,42
"..\He 6481 (2,2_3_0027.jpg",left,31,— Schiphemberger (ms. Kchipherberger) 134.,43
"..\He 6481 (2,2_3_0027.jpg",left,31,— Schifhauwer 136.,44
"..\He 6481 (2,2_3_0027.jpg",left,31,— Schomaker al. d. Dives 1341.,45
"..\He 6481 (2,2_3_0027.jpg",left,31,— Scrivver 136.,46
"..\He 6481 (2,2_3_0027.jpg",left,31,— Schutte 248.,47
"..\He 6481 (2,2_3_0027.jpg",left,31,— Sifridi 136 357.,48
"..\He 6481 (2,2_3_0027.jpg",left,31,— Sledorn 333.,49
"..\He 6481 (2,2_3_0027.jpg",left,31,— Speeman (Specman) 136.,50
"..\He 6481 (2,2_3_0027.jpg",left,31,— Stayner 878.,51
"..\He 6481 (2,2_3_0027.jpg",left,31,— Starke 137.,52
"..\He 6481 (2,2_3_0023.jpg",left,23,Arnoldus Tilbeke 1190.,1
"..\He 6481 (2,2_3_0023.jpg",left,23,"— ep. Traiect., ep. Leod. 7 283 479 508.",2
"..\He 6481 (2,2_3_0023.jpg",left,23,— prep. Trever. 318.,3
"..\He 6481 (2,2_3_0023.jpg",left,23,— de Tricht 93 97 1136 1150.,4
"..\He 6481 (2,2_3_0023.jpg",left,23,— Uneride 98.,5
"..\He 6481 (2,2_3_0023.jpg",left,23,— Wael 543.,6
"..\He 6481 (2,2_3_0023.jpg",left,23,— Walthelmi 581.,7
"..\He 6481 (2,2_3_0023.jpg",left,23,"— de Weydenberg (Werdemberg, Werbenberg) 297 766 1088.",8
"..\He 6481 (2,2_3_0023.jpg",left,23,— Wynkeler 557.,9
"..\He 6481 (2,2_3_0023.jpg",left,23,— Woleri 98.,10
"..\He 6481 (2,2_3_0023.jpg",left,23,— de Wormeringa 657.,11
"..\He 6481 (2,2_3_0023.jpg",left,23,Aschewinus de Saldere (Assewinus de Zaldere) 224 1023.,12
"..\He 6481 (2,2_3_0023.jpg",left,23,Aswinus de Barem 650.,13
"..\He 6481 (2,2_3_0023.jpg",left,23,Attenasius 229.,14
"..\He 6481 (2,2_3_0023.jpg",left,23,Atholphus v. Adolphus.,15
"..\He 6481 (2,2_3_0023.jpg",left,23,Augustinus ep. Concord. 933.,16
"..\He 6481 (2,2_3_0023.jpg",left,23,— Conradi de Rey chbach 100.,17
"..\He 6481 (2,2_3_0023.jpg",left,23,— Mogis 100.,18
"..\He 6481 (2,2_3_0023.jpg",left,23,— Nicolai de Nysa 100.,19
"..\He 6481 (2,2_3_0023.jpg",left,23,— ep. Perusin. 294.,20
"..\He 6481 (2,2_3_0023.jpg",left,23,— de Undinis 100 629.,21
"..\He 6481 (2,2_3_0023.jpg",left,23,Augustus Vogelsanch 101.,22
"..\He 6481 (2,2_3_0023.jpg",left,23,Avo 221.,23
"..\He 6481 (2,2_3_0023.jpg",left,23,Azo de Castello 907.,24
"..\He 6481 (2,2_3_0023.jpg",left,23,Bado Bussen 101 351 352 495 1191 1247.,25
"..\He 6481 (2,2_3_0023.jpg",left,23,— de Eymbeke 1270 1288.,26
"..\He 6481 (2,2_3_0023.jpg",left,23,Bagossius v. Bogussius.,27
"..\He 6481 (2,2_3_0023.jpg",left,23,Baylardinus de Verona 762.,28
"..\He 6481 (2,2_3_0023.jpg",left,23,Baldasar v. Balthasar.,29
"..\He 6481 (2,2_3_0023.jpg",left,23,Bal demarus Johannis de Beybelheym de Oppenheim 1136.,30
"..\He 6481 (2,2_3_0023.jpg",left,23,"Bal dewinus (Baldwinus, Balduinus) 531.",31
"..\He 6481 (2,2_3_0023.jpg",left,23,— 679.,32
"..\He 6481 (2,2_3_0023.jpg",left,23,— 695.,33
"..\He 6481 (2,2_3_0023.jpg",left,23,— 1286.,34
"..\He 6481 (2,2_3_0023.jpg",left,23,— dec. eccl. s. Castoris in Confluentia 349.,35
"..\He 6481 (2,2_3_0023.jpg",left,23,— de Dalen 1150.,36
"..\He 6481 (2,2_3_0023.jpg",left,23,— de Dijch (Dijck) 102 334 730 954 1192 1356.,37
"..\He 6481 (2,2_3_0023.jpg",left,23,— Dy tardi 104.,38
"..\He 6481 (2,2_3_0023.jpg",left,23,— Dockum 104.,39
"..\He 6481 (2,2_3_0023.jpg",left,23,— Engelberti Nijt de Bregel 104.,40
"..\He 6481 (2,2_3_0023.jpg",left,23,— Hey 1338.,41
"..\He 6481 (2,2_3_0023.jpg",left,23,— Johannis 1338.,42
"..\He 6481 (2,2_3_0029.jpg",right,36,Carolus com. Campanie 1407.,1
"..\He 6481 (2,2_3_0029.jpg",right,36,— Vogt 1367.,2
"..\He 6481 (2,2_3_0029.jpg",right,36,— de Gisenkirchen 349.,3
"..\He 6481 (2,2_3_0029.jpg",right,36,— Gruber 153.,4
"..\He 6481 (2,2_3_0029.jpg",right,36,— de Holtwilre 153.,5
"..\He 6481 (2,2_3_0029.jpg",right,36,— Lotharingie dux 1029.,6
"..\He 6481 (2,2_3_0029.jpg",right,36,— Magnus 946.,7
"..\He 6481 (2,2_3_0029.jpg",right,36,— de Malatestis 1343 1395.,8
"..\He 6481 (2,2_3_0029.jpg",right,36,— IV. Rom. imperator 20 86 139 143 160 226 279 282 306 308 387 819 821 836 870 871 957 1093 1197 1286 1343 1350 1374 1424.,9
"..\He 6481 (2,2_3_0029.jpg",right,36,Karsilius de Palant 153.,10
"..\He 6481 (2,2_3_0029.jpg",right,36,"Caspar (Gaspar, Gasparus, Guaspar) 549.",11
"..\He 6481 (2,2_3_0029.jpg",right,36,— prep. mon. in Augea 1357.,12
"..\He 6481 (2,2_3_0029.jpg",right,36,— de Caldarinis de Bononia 308.,13
"..\He 6481 (2,2_3_0029.jpg",right,36,— Kamkaym 153.,14
"..\He 6481 (2,2_3_0029.jpg",right,36,— de Chotsaro 153.,15
"..\He 6481 (2,2_3_0029.jpg",right,36,— de Fremitsperg 308.,16
"..\He 6481 (2,2_3_0029.jpg",right,36,— Frydelini de Seckingen 1197.,17
"..\He 6481 (2,2_3_0029.jpg",right,36,— Gladiatoris 153 308.,18
"..\He 6481 (2,2_3_0029.jpg",right,36,— de Hallis 154.,19
"..\He 6481 (2,2_3_0029.jpg",right,36,— Mendorffer 851.,20
"..\He 6481 (2,2_3_0029.jpg",right,36,— de Newnburgaclaus trali 318.,21
"..\He 6481 (2,2_3_0029.jpg",right,36,— Newenhuser (Nuwenhuser) 154 1218 1277.,22
"..\He 6481 (2,2_3_0029.jpg",right,36,— Nusperiger 154.,23
"..\He 6481 (2,2_3_0029.jpg",right,36,— Pictoris 154.,24
"..\He 6481 (2,2_3_0029.jpg",right,36,— Schuwenpflug (Schubenphlug) 154 1190 1197.,25
"..\He 6481 (2,2_3_0029.jpg",right,36,— Slandersberger 308.,26
"..\He 6481 (2,2_3_0029.jpg",right,36,— Zerenmantel 73.,27
"..\He 6481 (2,2_3_0029.jpg",right,36,— Zungel 1309.,28
"..\He 6481 (2,2_3_0029.jpg",right,36,Castrucius Sagine 4.,29
"..\He 6481 (2,2_3_0029.jpg",right,36,"Catherina (Catharina, Catherine) de Aduche 154.",30
"..\He 6481 (2,2_3_0029.jpg",right,36,— Apetzkonis Kucchner 759 (v. Johannis Sportlz de Ergerstorff).,31
"..\He 6481 (2,2_3_0029.jpg",right,36,— de Archau 154.,32
"..\He 6481 (2,2_3_0029.jpg",right,36,— 848 (v. Conratus de Florstede).,33
"..\He 6481 (2,2_3_0029.jpg",right,36,— 203 (v. Conratus Spikerman).,34
"..\He 6481 (2,2_3_0029.jpg",right,36,— Contzeman 154.,35
"..\He 6481 (2,2_3_0029.jpg",right,36,— de Cronenborch 1197.,36
"..\He 6481 (2,2_3_0029.jpg",right,36,— 230 (v. Dominicus Dominici).,37
"..\He 6481 (2,2_3_0029.jpg",right,36,— d. Duntzelin 154.,38
"..\He 6481 (2,2_3_0029.jpg",right,36,— Emmerici Wyner 723 (v. Johannes Petri Bocker).,39
"..\He 6481 (2,2_3_0029.jpg",right,36,— 265 (v. Ewerko d. Papa).,40
"..\He 6481 (2,2_3_0029.jpg",right,36,— Fleyschackerin 1288 (v. Mathias Carnificis de Pruck sup. Lytta).,41
"..\He 6481 (2,2_3_0029.jpg",right,36,— d. Fleischakerin de Muldorf 154.,42
"..\He 6481 (2,2_3_0029.jpg",right,36,— d. Floytinn 69 (v. Andreas Vischel).,43
"..\He 6481 (2,2_3_0030.jpg",right,38,Catherina 1157 (v. Wernherus dominus de Westerburg).,1
"..\He 6481 (2,2_3_0030.jpg",right,38,— Wormelrin 155.,2
"..\He 6481 (2,2_3_0030.jpg",right,38,— Wulff 1343.,3
"..\He 6481 (2,2_3_0030.jpg",right,38,— Zeyssin 155.,4
"..\He 6481 (2,2_3_0030.jpg",right,38,Cecilia 222 (v. David de Libenstat).,5
"..\He 6481 (2,2_3_0030.jpg",right,38,— 386 (v. Haydelgestner).,6
"..\He 6481 (2,2_3_0030.jpg",right,38,Kello Verypekana 62.,7
"..\He 6481 (2,2_3_0030.jpg",right,38,Kelricus Paroslai de Suchdol 918.,8
"..\He 6481 (2,2_3_0030.jpg",right,38,"Keltzo (Kelczo, Kelzo) de Crzelw 958.",9
"..\He 6481 (2,2_3_0030.jpg",right,38,— de Okunow v. Kiltzo Derslai.,10
"..\He 6481 (2,2_3_0030.jpg",right,38,— de Toliscowo 1000.,11
"..\He 6481 (2,2_3_0030.jpg",right,38,— Wolmiri 155.,12
"..\He 6481 (2,2_3_0030.jpg",right,38,Kensko 70.,13
"..\He 6481 (2,2_3_0030.jpg",right,38,Kerchilius Vandengruythuys 156.,14
"..\He 6481 (2,2_3_0030.jpg",right,38,Kerstanus Volkeri 1231.,15
"..\He 6481 (2,2_3_0030.jpg",right,38,Kerstmannus Mowe 900.,16
"..\He 6481 (2,2_3_0030.jpg",right,38,Cestko de Dambintza 156.,17
"..\He 6481 (2,2_3_0030.jpg",right,38,Kilianus Neckil 157.,18
"..\He 6481 (2,2_3_0030.jpg",right,38,— d. Zinzenzeller (Cicenceller) 156 718.,19
"..\He 6481 (2,2_3_0030.jpg",right,38,Kyltzo Derslai de Otumno 63 64.,20
"..\He 6481 (2,2_3_0030.jpg",right,38,Circerus abb. mon. in Hiersaw 991.,21
"..\He 6481 (2,2_3_0030.jpg",right,38,"Clara 3 (v. Bertoldus d. Zorn, Henricus Gurteler).",22
"..\He 6481 (2,2_3_0030.jpg",right,38,— 308 (v. Gaspar Slandersberger).,23
"..\He 6481 (2,2_3_0030.jpg",right,38,— Henrici de Aw 895.,24
"..\He 6481 (2,2_3_0030.jpg",right,38,— 531 (v. Hugo de Velberg).,25
"..\He 6481 (2,2_3_0030.jpg",right,38,— de Igstad 158.,26
"..\He 6481 (2,2_3_0030.jpg",right,38,"— 798 (v. Johannes Zidenberg, Richardus de Gobin).",27
"..\He 6481 (2,2_3_0030.jpg",right,38,"— 939 (v. Nicolussius Johannis de Torso de Utino, Symon de Prampergo).",28
"..\He 6481 (2,2_3_0030.jpg",right,38,— Zenczidi 1197.,29
"..\He 6481 (2,2_3_0030.jpg",right,38,Klawus Block 97.,30
"..\He 6481 (2,2_3_0030.jpg",right,38,— Milias 97.,31
"..\He 6481 (2,2_3_0030.jpg",right,38,Clemens 213.,32
"..\He 6481 (2,2_3_0030.jpg",right,38,— papa IV. 1039.,33
"..\He 6481 (2,2_3_0030.jpg",right,38,— papa V. 838.,34
"..\He 6481 (2,2_3_0030.jpg",right,38,— papa VII. passim.,35
"..\He 6481 (2,2_3_0030.jpg",right,38,— de Birkenkretzin 158.,36
"..\He 6481 (2,2_3_0030.jpg",right,38,— Caichari 158.,37
"..\He 6481 (2,2_3_0030.jpg",right,38,— de Coprziwna 1343.,38
"..\He 6481 (2,2_3_0030.jpg",right,38,— de Terflig 118.,39
"..\He 6481 (2,2_3_0030.jpg",right,38,Colemannus 1187.,40
"..\He 6481 (2,2_3_0030.jpg",right,38,Colinus de Loren 159.,41
"..\He 6481 (2,2_3_0030.jpg",right,38,— dec. eccl. s. Pauli WORMAT. 9 11 28 159 303.,42
"..\He 6481 (2,2_3_0030.jpg",right,38,Colomannus (Colmannus) 159 v. C. Mulwanger.,43
"..\He 6481 (2,2_3_0030.jpg",right,38,— de Manswerd 1197.,44
"..\He 6481 (2,2_3_0030.jpg",right,38,— Mulwanger 20 159 262.,45
"..\He 6481 (2,2_3_0030.jpg",right,38,— prep. mon. in Newburga 985.,46
"..\He 6481 (2,2_3_0030.jpg",right,38,— Scherdinger 159.,47
"..\He 6481 (2,2_3_0028.jpg",left,33,Blitza 1417 (v. Johannes de Aquis).,1
"..\He 6481 (2,2_3_0028.jpg",left,33,— Lufardi de Schiderich 140.,2
"..\He 6481 (2,2_3_0028.jpg",left,33,Bodo abb. mon. Corbac. 1007.,3
"..\He 6481 (2,2_3_0028.jpg",left,33,— de Eymbeke 710.,4
"..\He 6481 (2,2_3_0028.jpg",left,33,— de Hundeshusen 825 1285.,5
"..\He 6481 (2,2_3_0028.jpg",left,33,Bodzancha aep. Gnezn. 4 140 229 560 828 965.,6
"..\He 6481 (2,2_3_0028.jpg",left,33,Bodzoncha Johannis de Jancowo 140 1311.,7
"..\He 6481 (2,2_3_0028.jpg",left,33,Boemundus aep. Trever. 1306.,8
"..\He 6481 (2,2_3_0028.jpg",left,33,Boetius Lang 140.,9
"..\He 6481 (2,2_3_0028.jpg",left,33,— Pauli 753 882.,10
"..\He 6481 (2,2_3_0028.jpg",left,33,Bogumilo Alberti de Sewerzsko 140.,11
"..\He 6481 (2,2_3_0028.jpg",left,33,"Boguslaus (Bugslaus, Buguslaus) Bartholomei d. Boguta de Velacowo 140 762.",12
"..\He 6481 (2,2_3_0028.jpg",left,33,— Boguslai ducis Stetin. 502.,13
"..\He 6481 (2,2_3_0028.jpg",left,33,— Kuesken 563 564.,14
"..\He 6481 (2,2_3_0028.jpg",left,33,— de Opparow (Oporow) 45 59 560 1040.,15
"..\He 6481 (2,2_3_0028.jpg",left,33,— Petri de Sulow 140.,16
"..\He 6481 (2,2_3_0028.jpg",left,33,— dec. Prag. 1063.,17
"..\He 6481 (2,2_3_0028.jpg",left,33,— de Srzem 1196.,18
"..\He 6481 (2,2_3_0028.jpg",left,33,— dux Stetin. 219 247 574 855.,19
"..\He 6481 (2,2_3_0028.jpg",left,33,Bogussius de Czepicze (Stepitze) 141 709 930.,20
"..\He 6481 (2,2_3_0028.jpg",left,33,Bohemundus de Saraponte 987.,21
"..\He 6481 (2,2_3_0028.jpg",left,33,Bohimco purggravius in Preronia 943.,22
"..\He 6481 (2,2_3_0028.jpg",left,33,Bohuslaus Buckoway 141.,23
"..\He 6481 (2,2_3_0028.jpg",left,33,Bolko (Bulco) dux Falkinberg. 1146.,24
"..\He 6481 (2,2_3_0028.jpg",left,33,— dux Opol. 146 812 1146 1148 1433.,25
"..\He 6481 (2,2_3_0028.jpg",left,33,— Slezie al. de Olessna dux 943.,26
"..\He 6481 (2,2_3_0028.jpg",left,33,— dux Tessenen. 943.,27
"..\He 6481 (2,2_3_0028.jpg",left,33,Bolhardus 748.,28
"..\He 6481 (2,2_3_0028.jpg",left,33,Bonifatius papa VIII. 265 282 285 836 838 1158 1176 1364.,29
"..\He 6481 (2,2_3_0028.jpg",left,33,— papa IX. passim.,30
"..\He 6481 (2,2_3_0028.jpg",left,33,— Trabucherius 141.,31
"..\He 6481 (2,2_3_0028.jpg",left,33,Bonifortis Nicolai de Cronaria 141.,32
"..\He 6481 (2,2_3_0028.jpg",left,33,Bonus de Cavalio 4.,33
"..\He 6481 (2,2_3_0028.jpg",left,33,Borchardus v. Burcardus.,34
"..\He 6481 (2,2_3_0028.jpg",left,33,Borko 141 560 636 910.,35
"..\He 6481 (2,2_3_0028.jpg",left,33,— de Lobeze 771.,36
"..\He 6481 (2,2_3_0028.jpg",left,33,Borislau 636.,37
"..\He 6481 (2,2_3_0028.jpg",left,33,Borro de Heemsteden 142.,38
"..\He 6481 (2,2_3_0028.jpg",left,33,Borsywoy de Swynar 727.,39
"..\He 6481 (2,2_3_0028.jpg",left,33,Borthosz Alberti de Kosczel 1341.,40
"..\He 6481 (2,2_3_0028.jpg",left,33,Boso de Eugubio 1121.,41
"..\He 6481 (2,2_3_0028.jpg",left,33,Boczko de Minzinow 944.,42
"..\He 6481 (2,2_3_0028.jpg",left,33,Branda de Castellionibus 142 1023.,43
"..\He 6481 (2,2_3_0028.jpg",left,33,Briccus Pawmgarther 143.,44
"..\He 6481 (2,2_3_0028.jpg",left,33,Brigida de Landesberg abba eccl. sec. s. Stephani Argent. 85.,45
"..\He 6481 (2,2_3_0031.jpg",right,40,Conradus Beseme 179 904.,1
"..\He 6481 (2,2_3_0031.jpg",right,40,— Besse 165.,2
"..\He 6481 (2,2_3_0031.jpg",right,40,— Betheling de Wildungen 945.,3
"..\He 6481 (2,2_3_0031.jpg",right,40,— Bettrinhuseu de Cassel 225 959.,4
"..\He 6481 (2,2_3_0031.jpg",right,40,— de Bibra 165.,5
"..\He 6481 (2,2_3_0031.jpg",right,40,"— Birboum (Birboem, Birbawm) de Fredeberg 165 300 412 443 687 1021 1151 1157.",6
"..\He 6481 (2,2_3_0031.jpg",right,40,— de Bischofferade 166 619 1143.,7
"..\He 6481 (2,2_3_0031.jpg",right,40,— Blarrer 47.,8
"..\He 6481 (2,2_3_0031.jpg",right,40,— Blassenberger 1198.,9
"..\He 6481 (2,2_3_0031.jpg",right,40,— de Bleichenbach 1251.,10
"..\He 6481 (2,2_3_0031.jpg",right,40,— de Blocheling 188.,11
"..\He 6481 (2,2_3_0031.jpg",right,40,— d. Blochingher 7 260.,12
"..\He 6481 (2,2_3_0031.jpg",right,40,— de Bochem 166.,13
"..\He 6481 (2,2_3_0031.jpg",right,40,— Bode de Sodel 167.,14
"..\He 6481 (2,2_3_0031.jpg",right,40,— Bodenwerder 167.,15
"..\He 6481 (2,2_3_0031.jpg",right,40,— Bolling 179.,16
"..\He 6481 (2,2_3_0031.jpg",right,40,— Bolwer 167 566.,17
"..\He 6481 (2,2_3_0031.jpg",right,40,— Bonow 167 906.,18
"..\He 6481 (2,2_3_0031.jpg",right,40,— Brakil 1110.,19
"..\He 6481 (2,2_3_0031.jpg",right,40,— de Bradellis 722.,20
"..\He 6481 (2,2_3_0031.jpg",right,40,— Bragesz 168.,21
"..\He 6481 (2,2_3_0031.jpg",right,40,— Brantham de Cassel 1344.,22
"..\He 6481 (2,2_3_0031.jpg",right,40,— Braxatoris de Corbeke 168.,23
"..\He 6481 (2,2_3_0031.jpg",right,40,— Breischoliz 450.,24
"..\He 6481 (2,2_3_0031.jpg",right,40,— Brem 715.,25
"..\He 6481 (2,2_3_0031.jpg",right,40,— de Bretach 1344.,26
"..\He 6481 (2,2_3_0031.jpg",right,40,— de Broke 407 1107.,27
"..\He 6481 (2,2_3_0031.jpg",right,40,— Broechem 1307.,28
"..\He 6481 (2,2_3_0031.jpg",right,40,— baro de Bruneck 79 211.,29
"..\He 6481 (2,2_3_0031.jpg",right,40,— Bruning 23 207.,30
"..\He 6481 (2,2_3_0031.jpg",right,40,— de Bruntzen 168.,31
"..\He 6481 (2,2_3_0031.jpg",right,40,— Bukaw 492.,32
"..\He 6481 (2,2_3_0031.jpg",right,40,— de Bunen 165.,33
"..\He 6481 (2,2_3_0031.jpg",right,40,— Burchardi de Michelfelt 1344.,34
"..\He 6481 (2,2_3_0031.jpg",right,40,— Burchardi al. d. Wydderhals de Ingilstad 168 623.,35
"..\He 6481 (2,2_3_0031.jpg",right,40,— Burgh 79 169 1198 1199.,36
"..\He 6481 (2,2_3_0031.jpg",right,40,— Burrusz 617 797.,37
"..\He 6481 (2,2_3_0031.jpg",right,40,— Busch de Nurtigen 601.,38
"..\He 6481 (2,2_3_0031.jpg",right,40,— Bust al. d. Bysmarke 169.,39
"..\He 6481 (2,2_3_0031.jpg",right,40,— Caecherl 1204.,40
"..\He 6481 (2,2_3_0031.jpg",right,40,— Capfenberger 170.,41
"..\He 6481 (2,2_3_0031.jpg",right,40,— Kay 169.,42
"..\He 6481 (2,2_3_0031.jpg",right,40,— Kalman al. d. Wenmar 495.,43
"..\He 6481 (2,2_3_0031.jpg",right,40,— Kalp 508.,44
"..\He 6481 (2,2_3_0031.jpg",right,40,— ep. Camerae. 169.,45
"..\He 6481 (2,2_3_0031.jpg",right,40,— Chamhaimer 169 1280 1351 1382.,46
"..\He 6481 (2,2_3_0031.jpg",right,40,— ep. Camin. 159.,47
"..\He 6481 (2,2_3_0031.jpg",right,40,— abb. mon. in Campoliliorum 1313.,48
"..\He 6481 (2,2_3_0031.jpg",right,40,— Cancellarii 292.,49
"..\He 6481 (2,2_3_0031.jpg",right,40,— Cap 169.,50
"..\He 6481 (2,2_3_0031.jpg",left,39,Conegunde v. Cunegunde.,1
"..\He 6481 (2,2_3_0031.jpg",left,39,Conemannus v. Cunemannus.,2
"..\He 6481 (2,2_3_0031.jpg",left,39,Conemundus de Bissingen 161.,3
"..\He 6481 (2,2_3_0031.jpg",left,39,— Fabri 161.,4
"..\He 6481 (2,2_3_0031.jpg",left,39,Cono v. Cuno.,5
"..\He 6481 (2,2_3_0031.jpg",left,39,"Conradus (Chonradus, Chunradus, Corradus, Coradus, Cunradus, Curradus) 40.",6
"..\He 6481 (2,2_3_0031.jpg",left,39,— 72.,7
"..\He 6481 (2,2_3_0031.jpg",left,39,— 303.,8
"..\He 6481 (2,2_3_0031.jpg",left,39,— 314.,9
"..\He 6481 (2,2_3_0031.jpg",left,39,— 571.,10
"..\He 6481 (2,2_3_0031.jpg",left,39,— 769.,11
"..\He 6481 (2,2_3_0031.jpg",left,39,— 955.,12
"..\He 6481 (2,2_3_0031.jpg",left,39,— 959.,13
"..\He 6481 (2,2_3_0031.jpg",left,39,— 1276.,14
"..\He 6481 (2,2_3_0031.jpg",left,39,— 1316.,15
"..\He 6481 (2,2_3_0031.jpg",left,39,— v. C. Schilher. C. Schubel.,16
"..\He 6481 (2,2_3_0031.jpg",left,39,"— Abbenborg 1343,",17
"..\He 6481 (2,2_3_0031.jpg",left,39,— Adorp 161.,18
"..\He 6481 (2,2_3_0031.jpg",left,39,— Ay[c]hman 161.,19
"..\He 6481 (2,2_3_0031.jpg",left,39,— Aldenstat de Assinhim 162 1344.,20
"..\He 6481 (2,2_3_0031.jpg",left,39,— de Alen 162.,21
"..\He 6481 (2,2_3_0031.jpg",left,39,— de Allenburch 432.,22
"..\He 6481 (2,2_3_0031.jpg",left,39,— de Allenhusen 1230.,23
"..\He 6481 (2,2_3_0031.jpg",left,39,— Allerding (Alarding) al. Henrici de Derdessem 162.,24
"..\He 6481 (2,2_3_0031.jpg",left,39,— abb. mon. in Alsperbach 400.,25
"..\He 6481 (2,2_3_0031.jpg",left,39,— Amman 156.,26
"..\He 6481 (2,2_3_0031.jpg",left,39,— de Angelach 610.,27
"..\He 6481 (2,2_3_0031.jpg",left,39,— de Anrochte 162 1198 1199 1279 1352.,28
"..\He 6481 (2,2_3_0031.jpg",left,39,— de Arena 163.,29
"..\He 6481 (2,2_3_0031.jpg",left,39,— ep. Azoten. v. C. de Oldendorf.,30
"..\He 6481 (2,2_3_0031.jpg",left,39,— de Bagiiis 582.,31
"..\He 6481 (2,2_3_0031.jpg",left,39,— Baldevini de Brixina 286 722.,32
"..\He 6481 (2,2_3_0031.jpg",left,39,— de Balleg hen 163.,33
"..\He 6481 (2,2_3_0031.jpg",left,39,— Baltersdorp 848.,34
"..\He 6481 (2,2_3_0031.jpg",left,39,— de Bardewyck 914.,35
"..\He 6481 (2,2_3_0031.jpg",left,39,— Barenkop 163.,36
"..\He 6481 (2,2_3_0031.jpg",left,39,— ep. (intrusus) Basil. v. C. Monachi.,37
"..\He 6481 (2,2_3_0031.jpg",left,39,— d. Bawach (Balbach) 163.,38
"..\He 6481 (2,2_3_0031.jpg",left,39,— Bekk 164.,39
"..\He 6481 (2,2_3_0031.jpg",left,39,— Bechling 163.,40
"..\He 6481 (2,2_3_0031.jpg",left,39,— abb. mon. in Beinwilr 164.,41
"..\He 6481 (2,2_3_0031.jpg",left,39,— de Beldershem 164.,42
"..\He 6481 (2,2_3_0031.jpg",left,39,— Benekin 783.,43
"..\He 6481 (2,2_3_0031.jpg",left,39,— de Benvilte 1020.,44
"..\He 6481 (2,2_3_0031.jpg",left,39,— Berbom v. C. Birboum.,45
"..\He 6481 (2,2_3_0031.jpg",left,39,— Beringer 444.,46
"..\He 6481 (2,2_3_0031.jpg",left,39,— Berner 1198 1245.,47
"..\He 6481 (2,2_3_0031.jpg",left,39,— Bernghos 164 1095 1344.,48
"..\He 6481 (2,2_3_0031.jpg",left,39,— Bernhardi de Cassel 165.,49
"..\He 6481 (2,2_3_0030.jpg",left,37,Catherina 1214 (v. Fredericus Kobirsin).,1
"..\He 6481 (2,2_3_0030.jpg",left,37,— 272 (v. Folcerus de Ellentz).,2
"..\He 6481 (2,2_3_0030.jpg",left,37,— abba sec. eccl. in Gerisheim 215.,3
"..\He 6481 (2,2_3_0030.jpg",left,37,— Goltbergin 920.,4
"..\He 6481 (2,2_3_0030.jpg",left,37,— 1356 (v. Gotswinus Wederman).,5
"..\He 6481 (2,2_3_0030.jpg",left,37,— 432 (v. Henricus de Ghemen).,6
"..\He 6481 (2,2_3_0030.jpg",left,37,— 460 (v. Henricus de Oyr).,7
"..\He 6481 (2,2_3_0030.jpg",left,37,— 464 (v. Heinricus Peheim).,8
"..\He 6481 (2,2_3_0030.jpg",left,37,— 477 (v. Henricus Speiser).,9
"..\He 6481 (2,2_3_0030.jpg",left,37,— 492 (v. Henselinus Diel).,10
"..\He 6481 (2,2_3_0030.jpg",left,37,— 515 (v. Hermannus Quast).,11
"..\He 6481 (2,2_3_0030.jpg",left,37,— van den Hofe 1190 (v. Arnoldus Nicolai).,12
"..\He 6481 (2,2_3_0030.jpg",left,37,— 553 (v. Yesko Heyden baro de Donyn).,13
"..\He 6481 (2,2_3_0030.jpg",left,37,— 1376 (v. Johannes Carentarii de Magnovernolio).,14
"..\He 6481 (2,2_3_0030.jpg",left,37,— 591 (v. Johannes Clusnitz de Swydenitz).,15
"..\He 6481 (2,2_3_0030.jpg",left,37,— 607 (v. Johannes Dominici).,16
"..\He 6481 (2,2_3_0030.jpg",left,37,— 154 (v. Johannes de Volkerstorff).,17
"..\He 6481 (2,2_3_0030.jpg",left,37,— 668 (v. Johannes Hughomanni).,18
"..\He 6481 (2,2_3_0030.jpg",left,37,— 711 (v. Johannes Nockel de Hoschspir).,19
"..\He 6481 (2,2_3_0030.jpg",left,37,"— 716 (v. Johannes Ottenheim, Johannes Borrigers de Cuba).",20
"..\He 6481 (2,2_3_0030.jpg",left,37,— 724 (v. Johannes Petri de Dordrecht).,21
"..\He 6481 (2,2_3_0030.jpg",left,37,— 741 (v. Johannes Rode).,22
"..\He 6481 (2,2_3_0030.jpg",left,37,— 760 (v. Johannes Stayner de Wyenna).,23
"..\He 6481 (2,2_3_0030.jpg",left,37,— Libingynne 154.,24
"..\He 6481 (2,2_3_0030.jpg",left,37,— 824 (v. Ludolphus Lampen).,25
"..\He 6481 (2,2_3_0030.jpg",left,37,— abba mon. b. Marie prope Aquilegiam 155.,26
"..\He 6481 (2,2_3_0030.jpg",left,37,— 855 (v. Mathias Keilse).,27
"..\He 6481 (2,2_3_0030.jpg",left,37,— marchionissa Misn. 155.,28
"..\He 6481 (2,2_3_0030.jpg",left,37,— Mulen 470 (v. Hinricus Rutenbeke).,29
"..\He 6481 (2,2_3_0030.jpg",left,37,— priorissa mon. in Oldestat 155.,30
"..\He 6481 (2,2_3_0030.jpg",left,37,— comitissa de Orlamunde 1192 1339.,31
"..\He 6481 (2,2_3_0030.jpg",left,37,— 953 (v. Otto Maidwisser).,32
"..\He 6481 (2,2_3_0030.jpg",left,37,— 970 (v. Petrus de Bornflecke de Franckfordia).,33
"..\He 6481 (2,2_3_0030.jpg",left,37,— 989 (v. Petrus de Pozonia).,34
"..\He 6481 (2,2_3_0030.jpg",left,37,— Reyssnerin 353.,35
"..\He 6481 (2,2_3_0030.jpg",left,37,— d. Schafferin 155.,36
"..\He 6481 (2,2_3_0030.jpg",left,37,— Soschwitzynne 1171.,37
"..\He 6481 (2,2_3_0030.jpg",left,37,— de Valle Gurc. 61.,38
"..\He 6481 (2,2_3_0030.jpg",left,37,— de Wehingen 132.,39
"..\He 6481 (2,2_3_0030.jpg",left,37,— Venne 39.,40
"..\He 6481 (2,2_3_0030.jpg",left,37,"— 1157 (v. Wernerus Werneri Bertolfi, Gerardus Leonis de Aquis).",41
"..\He 6481 (2,2_3_0033.jpg",left,43,Conradus de Felves 1063.,1
"..\He 6481 (2,2_3_0033.jpg",left,43,— Felicis 176.,2
"..\He 6481 (2,2_3_0033.jpg",left,43,— de Velmede 795.,3
"..\He 6481 (2,2_3_0033.jpg",left,43,"— ep. Verden. v. C. de Vechta, C. de Soltow.",4
"..\He 6481 (2,2_3_0033.jpg",left,43,— Veringer 317.,5
"..\He 6481 (2,2_3_0033.jpg",left,43,— Pferinger 1203.,6
"..\He 6481 (2,2_3_0033.jpg",left,43,— Versevelt 176 1079.,7
"..\He 6481 (2,2_3_0033.jpg",left,43,— de Versen 1258.,8
"..\He 6481 (2,2_3_0033.jpg",left,43,— Veseler 177.,9
"..\He 6481 (2,2_3_0033.jpg",left,43,— Fiddeler de Wetter 177.,10
"..\He 6481 (2,2_3_0033.jpg",left,43,— Philippi com. de Falkensteyn 194.,11
"..\He 6481 (2,2_3_0033.jpg",left,43,— Philippi de Rolandesegge 118.,12
"..\He 6481 (2,2_3_0033.jpg",left,43,— Visbeke 177.,13
"..\He 6481 (2,2_3_0033.jpg",left,43,— Vitriatoris 1236.,14
"..\He 6481 (2,2_3_0033.jpg",left,43,— Fleischlin 1345.,15
"..\He 6481 (2,2_3_0033.jpg",left,43,— de Florstede 848.,16
"..\He 6481 (2,2_3_0033.jpg",left,43,— Foerster 1166.,17
"..\He 6481 (2,2_3_0033.jpg",left,43,— Voyt 1368.,18
"..\He 6481 (2,2_3_0033.jpg",left,43,— Folkner 197 963.,19
"..\He 6481 (2,2_3_0033.jpg",left,43,"— Volenspetz (Voelenspeet, Volenspit) 177 1199 1308.",20
"..\He 6481 (2,2_3_0033.jpg",left,43,— abb. mon. in Fonte Salutis 925.,21
"..\He 6481 (2,2_3_0033.jpg",left,43,— Vordemvorde 177.,22
"..\He 6481 (2,2_3_0033.jpg",left,43,— Vorichtmann 1433.,23
"..\He 6481 (2,2_3_0033.jpg",left,43,— Vorn de Aldenhoven 1199.,24
"..\He 6481 (2,2_3_0033.jpg",left,43,— Franken 1228.,25
"..\He 6481 (2,2_3_0033.jpg",left,43,— de Frankenberg 177.,26
"..\He 6481 (2,2_3_0033.jpg",left,43,— de Frankensteyn 439.,27
"..\He 6481 (2,2_3_0033.jpg",left,43,— Freyberg 177 298 676 869.,28
"..\He 6481 (2,2_3_0033.jpg",left,43,— Freytel 177.,29
"..\He 6481 (2,2_3_0033.jpg",left,43,— Friderici Muntzmeister 1199.,30
"..\He 6481 (2,2_3_0033.jpg",left,43,— de Frydungen 1199.,31
"..\He 6481 (2,2_3_0033.jpg",left,43,— Vrienstein 974.,32
"..\He 6481 (2,2_3_0033.jpg",left,43,— Fritze 177.,33
"..\He 6481 (2,2_3_0033.jpg",left,43,— Fronhover de Assenheim 177 959,34
"..\He 6481 (2,2_3_0033.jpg",left,43,— Fuldisman 178.,35
"..\He 6481 (2,2_3_0033.jpg",left,43,— Vusch 975.,36
"..\He 6481 (2,2_3_0033.jpg",left,43,— Galgenperger 1199 1392.,37
"..\He 6481 (2,2_3_0033.jpg",left,43,— Garlippe 178.,38
"..\He 6481 (2,2_3_0033.jpg",left,43,— Garnleder 178.,39
"..\He 6481 (2,2_3_0033.jpg",left,43,— Geilsdorf 178.,40
"..\He 6481 (2,2_3_0033.jpg",left,43,— Geislitzer 178.,41
"..\He 6481 (2,2_3_0033.jpg",left,43,— de Geysmaria 87.,42
"..\He 6481 (2,2_3_0033.jpg",left,43,— abb. mon. de Gengenbach 178.,43
"..\He 6481 (2,2_3_0033.jpg",left,43,— Gherboden 179.,44
"..\He 6481 (2,2_3_0033.jpg",left,43,— Gerkin 506.,45
"..\He 6481 (2,2_3_0033.jpg",left,43,— Gersmar 179.,46
"..\He 6481 (2,2_3_0033.jpg",left,43,— Gherze 5.,47
"..\He 6481 (2,2_3_0033.jpg",left,43,— Girken 1262.,48
"..\He 6481 (2,2_3_0033.jpg",left,43,— de Glaedbach 374.,49
"..\He 6481 (2,2_3_0033.jpg",left,43,— Glatz de Lamersheim 672.,50
"..\He 6481 (2,2_3_0033.jpg",left,43,— Glich (Gleich) 179.,51
"..\He 6481 (2,2_3_0033.jpg",right,44,Conradus Gloden 150.,1
"..\He 6481 (2,2_3_0033.jpg",right,44,— Gogreve 501 506.,2
"..\He 6481 (2,2_3_0033.jpg",right,44,— Golitz 1039.,3
"..\He 6481 (2,2_3_0033.jpg",right,44,— Gorsin (Gorsen) 179 904 1256 1288.,4
"..\He 6481 (2,2_3_0033.jpg",right,44,— Grankoyffer 720.,5
"..\He 6481 (2,2_3_0033.jpg",right,44,— Grevelsen 179.,6
"..\He 6481 (2,2_3_0033.jpg",right,44,— Gremar 851.,7
"..\He 6481 (2,2_3_0033.jpg",right,44,— Gribenowe 450 747 811.,8
"..\He 6481 (2,2_3_0033.jpg",right,44,— Grillinger 179.,9
"..\He 6481 (2,2_3_0033.jpg",right,44,— Grobe 180.,10
"..\He 6481 (2,2_3_0033.jpg",right,44,— de Groden 124.,11
"..\He 6481 (2,2_3_0033.jpg",right,44,— Grosse de Geylnhusen 1202.,12
"..\He 6481 (2,2_3_0033.jpg",right,44,— Groteran 180.,13
"..\He 6481 (2,2_3_0033.jpg",right,44,— Groz 180.,14
"..\He 6481 (2,2_3_0033.jpg",right,44,— Gruenwalder 180.,15
"..\He 6481 (2,2_3_0033.jpg",right,44,— de Gruyningen (Grunyngen) 180 1345.,16
"..\He 6481 (2,2_3_0033.jpg",right,44,— Grumbach 180.,17
"..\He 6481 (2,2_3_0033.jpg",right,44,— Grunenberg 288.,18
"..\He 6481 (2,2_3_0033.jpg",right,44,— Gruter 180.,19
"..\He 6481 (2,2_3_0033.jpg",right,44,— Guntzonis 565.,20
"..\He 6481 (2,2_3_0033.jpg",right,44,— ep. Gurc. v. C. Hebenstreit.,21
"..\He 6481 (2,2_3_0033.jpg",right,44,— Gurstem v. C. Gorsin.,22
"..\He 6481 (2,2_3_0033.jpg",right,44,— de Haddenberghe 181 1199.,23
"..\He 6481 (2,2_3_0033.jpg",right,44,— Hageman 181.,24
"..\He 6481 (2,2_3_0033.jpg",right,44,— Haghemester 181.,25
"..\He 6481 (2,2_3_0033.jpg",right,44,— de Haghen 517 1398.,26
"..\He 6481 (2,2_3_0033.jpg",right,44,— Hagendorn 1046.,27
"..\He 6481 (2,2_3_0033.jpg",right,44,— Hayder de Atenshaym (Ottensheim) 181 193.,28
"..\He 6481 (2,2_3_0033.jpg",right,44,— Haller de Nurenberga 181.,29
"..\He 6481 (2,2_3_0033.jpg",right,44,— de Hanowe 203.,30
"..\He 6481 (2,2_3_0033.jpg",right,44,— Hansenbeck 68.,31
"..\He 6481 (2,2_3_0033.jpg",right,44,— d. Hasso 621.,32
"..\He 6481 (2,2_3_0033.jpg",right,44,— de Hattinbach 1157.,33
"..\He 6481 (2,2_3_0033.jpg",right,44,— de Hawn 540.,34
"..\He 6481 (2,2_3_0033.jpg",right,44,"— Hebenstreit, ep. Gurc. 180 181 541 1034 1148 1349.",35
"..\He 6481 (2,2_3_0033.jpg",right,44,"— Hebirbeck (Hebernback, Hebirbecker) de Fulda 181 405 953 1095.",36
"..\He 6481 (2,2_3_0033.jpg",right,44,— Heckel 1204.,37
"..\He 6481 (2,2_3_0033.jpg",right,44,— de Heydelberg 492.,38
"..\He 6481 (2,2_3_0033.jpg",right,44,— Heideler 182.,39
"..\He 6481 (2,2_3_0033.jpg",right,44,— Heyder 655.,40
"..\He 6481 (2,2_3_0033.jpg",right,44,— de Heiligenstat (Hilgenstat) 182 263 391 806 922 1050 1211.,41
"..\He 6481 (2,2_3_0033.jpg",right,44,— Heylrad 1049.,42
"..\He 6481 (2,2_3_0033.jpg",right,44,— Heyneken 1345.,43
"..\He 6481 (2,2_3_0033.jpg",right,44,— Helderunghen 182 1199.,44
"..\He 6481 (2,2_3_0033.jpg",right,44,— Helye 174.,45
"..\He 6481 (2,2_3_0033.jpg",right,44,— Helye de Loffen 174.,46
"..\He 6481 (2,2_3_0034.jpg",left,45,Conradus de Hengelo 183.,1
"..\He 6481 (2,2_3_0034.jpg",left,45,— Hennepayn 1353.,2
"..\He 6481 (2,2_3_0034.jpg",left,45,— Heinrici de Edichstein 446.,3
"..\He 6481 (2,2_3_0034.jpg",left,45,— Heinrici de Mintzenberg 182.,4
"..\He 6481 (2,2_3_0034.jpg",left,45,— Henrici de Xanctis 1200.,5
"..\He 6481 (2,2_3_0034.jpg",left,45,— Hepler 499.,6
"..\He 6481 (2,2_3_0034.jpg",left,45,— Herbirnbeck v. Hebirbeck.,7
"..\He 6481 (2,2_3_0034.jpg",left,45,— de Heringen 23.,8
"..\He 6481 (2,2_3_0034.jpg",left,45,— Hermanni de Rodensteyn 879 1346.,9
"..\He 6481 (2,2_3_0034.jpg",left,45,— Herwici 183.,10
"..\He 6481 (2,2_3_0034.jpg",left,45,— Hesnym 183.,11
"..\He 6481 (2,2_3_0034.jpg",left,45,— Hessen 274.,12
"..\He 6481 (2,2_3_0034.jpg",left,45,— Hetzer 183.,13
"..\He 6481 (2,2_3_0034.jpg",left,45,— de Hilgenstat v. C. de Heiligenstat.,14
"..\He 6481 (2,2_3_0034.jpg",left,45,— Hiltel 183.,15
"..\He 6481 (2,2_3_0034.jpg",left,45,— Hymnelunger 784.,16
"..\He 6481 (2,2_3_0034.jpg",left,45,— Hirczhorn 183 705 966 1157.,17
"..\He 6481 (2,2_3_0034.jpg",left,45,— de Hittenbach 183.,18
"..\He 6481 (2,2_3_0034.jpg",left,45,— Hokeman 184.,19
"..\He 6481 (2,2_3_0034.jpg",left,45,— de Hoemberg 128.,20
"..\He 6481 (2,2_3_0034.jpg",left,45,— Hopphe 1348.,21
"..\He 6481 (2,2_3_0034.jpg",left,45,— Hove de Wildungen 184.,22
"..\He 6481 (2,2_3_0034.jpg",left,45,— Hofemann 183.,23
"..\He 6481 (2,2_3_0034.jpg",left,45,— Hophgarten 1428.,24
"..\He 6481 (2,2_3_0034.jpg",left,45,— Hoflich 184 1201 1209.,25
"..\He 6481 (2,2_3_0034.jpg",left,45,— Hohauart 541.,26
"..\He 6481 (2,2_3_0034.jpg",left,45,— dominus in Hohenfels 905.,27
"..\He 6481 (2,2_3_0034.jpg",left,45,— de Hohenfelt al. Ripelsbert 1200.,28
"..\He 6481 (2,2_3_0034.jpg",left,45,— Hologhe 518.,29
"..\He 6481 (2,2_3_0034.jpg",left,45,— abb. mon. in Homborg 1243.,30
"..\He 6481 (2,2_3_0034.jpg",left,45,— Honzen 1348.,31
"..\He 6481 (2,2_3_0034.jpg",left,45,— Hoppener 444.,32
"..\He 6481 (2,2_3_0034.jpg",left,45,— Horlach (Horlacher) 184 1344.,33
"..\He 6481 (2,2_3_0034.jpg",left,45,— Horn de Pruszia 1346.,34
"..\He 6481 (2,2_3_0034.jpg",left,45,— Horwer de Frowefeld 184.,35
"..\He 6481 (2,2_3_0034.jpg",left,45,— Houbt 184.,36
"..\He 6481 (2,2_3_0034.jpg",left,45,— Huber de Alpersbach 184.,37
"..\He 6481 (2,2_3_0034.jpg",left,45,— Huber de Hallis 184.,38
"..\He 6481 (2,2_3_0034.jpg",left,45,— de Huchelnheim 185 501 880 1063.,39
"..\He 6481 (2,2_3_0034.jpg",left,45,— de Hudessem 184.,40
"..\He 6481 (2,2_3_0034.jpg",left,45,— Humel 1229.,41
"..\He 6481 (2,2_3_0034.jpg",left,45,— Hun 417.,42
"..\He 6481 (2,2_3_0034.jpg",left,45,— Huopp 185.,43
"..\He 6481 (2,2_3_0034.jpg",left,45,— Hurn 1346.,44
"..\He 6481 (2,2_3_0034.jpg",left,45,— de Husen 1185.,45
"..\He 6481 (2,2_3_0034.jpg",left,45,— de Jankebach 834.,46
"..\He 6481 (2,2_3_0034.jpg",left,45,— de Indagine 760.,47
"..\He 6481 (2,2_3_0034.jpg",left,45,— Institoris 185.,48
"..\He 6481 (2,2_3_0034.jpg",left,45,— Institoris de Frankenfordia 185 1346.,49
"..\He 6481 (2,2_3_0034.jpg",left,45,— Johannis Heynemans 1346.,50
"..\He 6481 (2,2_3_0034.jpg",left,45,— Johannis Rende1 de Fredeberg 1346.,51
"..\He 6481 (2,2_3_0034.jpg",left,45,— Johannis Ryngreve com. 186.,52
"..\He 6481 (2,2_3_0035.jpg",left,47,Conradus precept. o. s. Aug. in Memmingen 565.,1
"..\He 6481 (2,2_3_0035.jpg",left,47,— Mendel 189.,2
"..\He 6481 (2,2_3_0035.jpg",left,47,— Merler 190.,3
"..\He 6481 (2,2_3_0035.jpg",left,47,— Messerer 690.,4
"..\He 6481 (2,2_3_0035.jpg",left,47,— ep. Militen. v. C. aep. Nicosien.,5
"..\He 6481 (2,2_3_0035.jpg",left,47,— Minner 190 500.,6
"..\He 6481 (2,2_3_0035.jpg",left,47,— Myns 701.,7
"..\He 6481 (2,2_3_0035.jpg",left,47,— Moer 1347.,8
"..\He 6481 (2,2_3_0035.jpg",left,47,— Moeterscher 1290.,9
"..\He 6481 (2,2_3_0035.jpg",left,47,— d. Momme 345.,10
"..\He 6481 (2,2_3_0035.jpg",left,47,— Monachi ep. (intrusus) Basil. 679 715 776 948.,11
"..\He 6481 (2,2_3_0035.jpg",left,47,— Monichi 983.,12
"..\He 6481 (2,2_3_0035.jpg",left,47,— Monichwijle v. C. de Munichwille.,13
"..\He 6481 (2,2_3_0035.jpg",left,47,— prep. mon. Montisbeatemarie e. m. op. Aldenburg. 877.,14
"..\He 6481 (2,2_3_0035.jpg",left,47,— abb. mon. Morimondi 5.,15
"..\He 6481 (2,2_3_0035.jpg",left,47,— Moring (Morung) 9 190 417.,16
"..\He 6481 (2,2_3_0035.jpg",left,47,— Moroltingen 54,17
"..\He 6481 (2,2_3_0035.jpg",left,47,— Morskin 719.,18
"..\He 6481 (2,2_3_0035.jpg",left,47,— Muff 1347.,19
"..\He 6481 (2,2_3_0035.jpg",left,47,— Mulich 190.,20
"..\He 6481 (2,2_3_0035.jpg",left,47,— de Mumenheim 953.,21
"..\He 6481 (2,2_3_0035.jpg",left,47,— Mundlinger 190.,22
"..\He 6481 (2,2_3_0035.jpg",left,47,— de Mundrachingen 668.,23
"..\He 6481 (2,2_3_0035.jpg",left,47,"— de Munichwille (Munchwyle, Monichwijle) 191 1201 1207 1349 1411.",24
"..\He 6481 (2,2_3_0035.jpg",left,47,— de Muninenchin 18.,25
"..\He 6481 (2,2_3_0035.jpg",left,47,— Munre 191 1202.,26
"..\He 6481 (2,2_3_0035.jpg",left,47,— Murr 191.,27
"..\He 6481 (2,2_3_0035.jpg",left,47,— Mursteter 191.,28
"..\He 6481 (2,2_3_0035.jpg",left,47,— de Mutenshem 191.,29
"..\He 6481 (2,2_3_0035.jpg",left,47,— Neydecker 191 869.,30
"..\He 6481 (2,2_3_0035.jpg",left,47,— Neye 191.,31
"..\He 6481 (2,2_3_0035.jpg",left,47,— de Nettelinghe 792.,32
"..\He 6481 (2,2_3_0035.jpg",left,47,— de Newnburgaclaustrali 1201.,33
"..\He 6481 (2,2_3_0035.jpg",left,47,— Newsteter 727.,34
"..\He 6481 (2,2_3_0035.jpg",left,47,— dec. eccl. s. Nicolai Magdeburg. 1211.,35
"..\He 6481 (2,2_3_0035.jpg",left,47,"— aep. Nicosien., ep. Militen., tit. s. Chrysogoni presb. card. 113 190 191 245 362 450 505 575 616 1023 1024 1109 1219 1390.",36
"..\He 6481 (2,2_3_0035.jpg",left,47,— de Nyem 192.,37
"..\He 6481 (2,2_3_0035.jpg",left,47,"— de Nyemborg, abb. mon. s. Petri Montissereni 193.",38
"..\He 6481 (2,2_3_0035.jpg",left,47,— de Niffen 618.,39
"..\He 6481 (2,2_3_0035.jpg",left,47,— Nithart 192.,40
"..\He 6481 (2,2_3_0035.jpg",left,47,— Nobeling 752.,41
"..\He 6481 (2,2_3_0035.jpg",left,47,— de Northeym 192.,42
"..\He 6481 (2,2_3_0035.jpg",left,47,— Nuemberg 192.,43
"..\He 6481 (2,2_3_0034.jpg",right,46,Conradus Johannis Sternghin de Confluentia 186.,1
"..\He 6481 (2,2_3_0034.jpg",right,46,— de Jonger 186.,2
"..\He 6481 (2,2_3_0034.jpg",right,46,— de Jungingen 677.,3
"..\He 6481 (2,2_3_0034.jpg",right,46,— Juvenis de Eschenwege 186.,4
"..\He 6481 (2,2_3_0034.jpg",right,46,— Labrer 713.,5
"..\He 6481 (2,2_3_0034.jpg",right,46,— Lamberti de Clivis 410 1200.,6
"..\He 6481 (2,2_3_0034.jpg",right,46,— Lantzinger 1204.,7
"..\He 6481 (2,2_3_0034.jpg",right,46,— de Lapide al. Kiliani 66 187 412 623 852 860 1134 1188 1200 1212.,8
"..\He 6481 (2,2_3_0034.jpg",right,46,— Lar 187.,9
"..\He 6481 (2,2_3_0034.jpg",right,46,— ep. Lavent. v. C. Torner.,10
"..\He 6481 (2,2_3_0034.jpg",right,46,— Leyber 506.,11
"..\He 6481 (2,2_3_0034.jpg",right,46,— de Leyborn (Leborn) 187 335 1201 1227.,12
"..\He 6481 (2,2_3_0034.jpg",right,46,— Leonis 187.,13
"..\He 6481 (2,2_3_0034.jpg",right,46,— de Leonrod 1200.,14
"..\He 6481 (2,2_3_0034.jpg",right,46,— de Lichtenberga 1201.,15
"..\He 6481 (2,2_3_0034.jpg",right,46,— Liechteneker 159.,16
"..\He 6481 (2,2_3_0034.jpg",right,46,"— Lindem de Westflaria, ep. Cristinopolitan. 79 187 1414.",17
"..\He 6481 (2,2_3_0034.jpg",right,46,— de Linsinge 946.,18
"..\He 6481 (2,2_3_0034.jpg",right,46,— Lintheim 1397.,19
"..\He 6481 (2,2_3_0034.jpg",right,46,— de Lobeda 973.,20
"..\He 6481 (2,2_3_0034.jpg",right,46,— Lokern 459.,21
"..\He 6481 (2,2_3_0034.jpg",right,46,— Loechler 1347.,22
"..\He 6481 (2,2_3_0034.jpg",right,46,— Loeffeler 187.,23
"..\He 6481 (2,2_3_0034.jpg",right,46,— ep. Lubic. 5 17 610 820.,24
"..\He 6481 (2,2_3_0034.jpg",right,46,— Ludeking 1201.,25
"..\He 6481 (2,2_3_0034.jpg",right,46,— de Luden 459 634.,26
"..\He 6481 (2,2_3_0034.jpg",right,46,— Ludovici de Cassel 174 188 828.,27
"..\He 6481 (2,2_3_0034.jpg",right,46,— Lupffer 188.,28
"..\He 6481 (2,2_3_0034.jpg",right,46,— de Luttenbach 188.,29
"..\He 6481 (2,2_3_0034.jpg",right,46,— Magirstete 429.,30
"..\He 6481 (2,2_3_0034.jpg",right,46,— aep. Magunt. 164 175 188 203 227 234 283 318 444 454 490 516 534 558 590 625 678 707 734 750 834 995 1013 1079 1113.,31
"..\He 6481 (2,2_3_0034.jpg",right,46,— Mayr 1320.,32
"..\He 6481 (2,2_3_0034.jpg",right,46,— mag. hosp. b. Marie Jerosol. in Livonia 189 309.,33
"..\He 6481 (2,2_3_0034.jpg",right,46,— Marquardinck 189.,34
"..\He 6481 (2,2_3_0034.jpg",right,46,— Marren 189.,35
"..\He 6481 (2,2_3_0034.jpg",right,46,— Mathie de Ellentz 189.,36
"..\He 6481 (2,2_3_0034.jpg",right,46,— Megenhart al. d. Ventzing 189.,37
"..\He 6481 (2,2_3_0034.jpg",right,46,— Meyden 189.,38
"..\He 6481 (2,2_3_0034.jpg",right,46,— Meyenberg 1122.,39
"..\He 6481 (2,2_3_0034.jpg",right,46,— Meyer 1201.,40
"..\He 6481 (2,2_3_0034.jpg",right,46,— Meigental 1257.,41
"..\He 6481 (2,2_3_0034.jpg",right,46,— Meiger de Adelenessen 189.,42
"..\He 6481 (2,2_3_0034.jpg",right,46,— Meynhardi 190.,43
"..\He 6481 (2,2_3_0034.jpg",right,46,— Meinter 1051.,44
"..\He 6481 (2,2_3_0034.jpg",right,46,— de Meysenheim 190.,45
"..\He 6481 (2,2_3_0032.jpg",left,41,Conradus Carnificis 170.,1
"..\He 6481 (2,2_3_0032.jpg",left,41,— Carnificis de Hassia 655.,2
"..\He 6481 (2,2_3_0032.jpg",left,41,— Carentarii de Hallis 1198.,3
"..\He 6481 (2,2_3_0032.jpg",left,41,— de Cassel 218.,4
"..\He 6481 (2,2_3_0032.jpg",left,41,— Castner 1354.,5
"..\He 6481 (2,2_3_0032.jpg",left,41,— Chawrheimer v. C. Chamhaimer.,6
"..\He 6481 (2,2_3_0032.jpg",left,41,— Kevele 170.,7
"..\He 6481 (2,2_3_0032.jpg",left,41,— Keyger 118.,8
"..\He 6481 (2,2_3_0032.jpg",left,41,— Kelner de Butzbach 1344.,9
"..\He 6481 (2,2_3_0032.jpg",left,41,— de Kemestede 416.,10
"..\He 6481 (2,2_3_0032.jpg",left,41,— Kenhofer 1344.,11
"..\He 6481 (2,2_3_0032.jpg",left,41,— Chern 797.,12
"..\He 6481 (2,2_3_0032.jpg",left,41,— de Kerpen 197.,13
"..\He 6481 (2,2_3_0032.jpg",left,41,— Cesarii 299.,14
"..\He 6481 (2,2_3_0032.jpg",left,41,— Kettelhaken 524 525.,15
"..\He 6481 (2,2_3_0032.jpg",left,41,— de Kyburg 170.,16
"..\He 6481 (2,2_3_0032.jpg",left,41,— dec. Chiemen. 1260.,17
"..\He 6481 (2,2_3_0032.jpg",left,41,— Kiliani 1257.,18
"..\He 6481 (2,2_3_0032.jpg",left,41,— Kirchenstein 1205.,19
"..\He 6481 (2,2_3_0032.jpg",left,41,— prep. eccl. s. Ciriaci e. m. Brunswic. 418.,20
"..\He 6481 (2,2_3_0032.jpg",left,41,— Kirichmeyger 545.,21
"..\He 6481 (2,2_3_0032.jpg",left,41,— Kister de Gladbach 404.,22
"..\He 6481 (2,2_3_0032.jpg",left,41,— Clenow 547.,23
"..\He 6481 (2,2_3_0032.jpg",left,41,— Kleuber 170 1198.,24
"..\He 6481 (2,2_3_0032.jpg",left,41,— Chlosterpeutel de Cornewburga 170.,25
"..\He 6481 (2,2_3_0032.jpg",left,41,— Kneyleibun 690.,26
"..\He 6481 (2,2_3_0032.jpg",left,41,— Knupyn 251.,27
"..\He 6481 (2,2_3_0032.jpg",left,41,— Koch 1203.,28
"..\He 6481 (2,2_3_0032.jpg",left,41,— Coci 170.,29
"..\He 6481 (2,2_3_0032.jpg",left,41,— Coler de Susato 170 622.,30
"..\He 6481 (2,2_3_0032.jpg",left,41,— Colne 171.,31
"..\He 6481 (2,2_3_0032.jpg",left,41,— de Kongestein 171 194 880.,32
"..\He 6481 (2,2_3_0032.jpg",left,41,— Konigsmarke 1154.,33
"..\He 6481 (2,2_3_0032.jpg",left,41,— Conradi de Frankinfoert 171.,34
"..\He 6481 (2,2_3_0032.jpg",left,41,— Conradi de Grunenberg 171.,35
"..\He 6481 (2,2_3_0032.jpg",left,41,— Conradi ducis de Olsna 903.,36
"..\He 6481 (2,2_3_0032.jpg",left,41,— Conradi Wissenlachis de Esschenwege 171.,37
"..\He 6481 (2,2_3_0032.jpg",left,41,— al. Conso 25 28.,38
"..\He 6481 (2,2_3_0032.jpg",left,41,— Constantini 104 641 849.,39
"..\He 6481 (2,2_3_0032.jpg",left,41,— Coper 651.,40
"..\He 6481 (2,2_3_0032.jpg",left,41,— Cracht 171.,41
"..\He 6481 (2,2_3_0032.jpg",left,41,— Crafft 977.,42
"..\He 6481 (2,2_3_0032.jpg",left,41,— Cray 928.,43
"..\He 6481 (2,2_3_0032.jpg",left,41,— Cranier 1345.,44
"..\He 6481 (2,2_3_0032.jpg",left,41,— Kremel 171.,45
"..\He 6481 (2,2_3_0032.jpg",left,41,— Kretelhake v. C. Kettelhaken.,46
"..\He 6481 (2,2_3_0032.jpg",left,41,— tit. s. Crisogoni presb. card. v. C. aep. Nicosien.,47
"..\He 6481 (2,2_3_0032.jpg",left,41,— Crisst 902.,48
"..\He 6481 (2,2_3_0032.jpg",left,41,— Kruschel de Pruxia 1345.,49
"..\He 6481 (2,2_3_0036.jpg",left,49,Conradus Prawndel 183.,1
"..\He 6481 (2,2_3_0036.jpg",left,49,— Pretzer 195 798.,2
"..\He 6481 (2,2_3_0036.jpg",left,49,— Preunel 196.,3
"..\He 6481 (2,2_3_0036.jpg",left,49,— Proschitz 848.,4
"..\He 6481 (2,2_3_0036.jpg",left,49,— Prosperch (Pransperg) 196.,5
"..\He 6481 (2,2_3_0036.jpg",left,49,— de Pruscia 196 1009.,6
"..\He 6481 (2,2_3_0036.jpg",left,49,— d. Puyster v. Puster,7
"..\He 6481 (2,2_3_0036.jpg",left,49,— Pultificis 196.,8
"..\He 6481 (2,2_3_0036.jpg",left,49,— Punhartter 197 706.,9
"..\He 6481 (2,2_3_0036.jpg",left,49,— Pust 216.,10
"..\He 6481 (2,2_3_0036.jpg",left,49,— d. Puster (Puyster) 196 214.,11
"..\He 6481 (2,2_3_0036.jpg",left,49,— Rade de Eytsteyn 1202.,12
"..\He 6481 (2,2_3_0036.jpg",left,49,— Ralim 197.,13
"..\He 6481 (2,2_3_0036.jpg",left,49,— Rastner de Augusta 587.,14
"..\He 6481 (2,2_3_0036.jpg",left,49,— Rathardi 300.,15
"..\He 6481 (2,2_3_0036.jpg",left,49,— ep. Ratispon. 262.,16
"..\He 6481 (2,2_3_0036.jpg",left,49,— Rebel (Reibel) 1202.,17
"..\He 6481 (2,2_3_0036.jpg",left,49,— Reck 136.,18
"..\He 6481 (2,2_3_0036.jpg",left,49,— de Redeberg 197.,19
"..\He 6481 (2,2_3_0036.jpg",left,49,— Redichstorp 197.,20
"..\He 6481 (2,2_3_0036.jpg",left,49,— abb. mon. in Reichinnpach 797.,21
"..\He 6481 (2,2_3_0036.jpg",left,49,— Reynardi al. Gerstorp 745.,22
"..\He 6481 (2,2_3_0036.jpg",left,49,— de Reynstein 304 994.,23
"..\He 6481 (2,2_3_0036.jpg",left,49,— Reme 1015.,24
"..\He 6481 (2,2_3_0036.jpg",left,49,— Remensnider 1272.,25
"..\He 6481 (2,2_3_0036.jpg",left,49,— Rentz 1070.,26
"..\He 6481 (2,2_3_0036.jpg",left,49,— Respach 1301.,27
"..\He 6481 (2,2_3_0036.jpg",left,49,— de Retbergh 354.,28
"..\He 6481 (2,2_3_0036.jpg",left,49,— Rybstain 197 312.,29
"..\He 6481 (2,2_3_0036.jpg",left,49,— Rich 52.,30
"..\He 6481 (2,2_3_0036.jpg",left,49,— Rikmestorp 74.,31
"..\He 6481 (2,2_3_0036.jpg",left,49,— Ringer 1347.,32
"..\He 6481 (2,2_3_0036.jpg",left,49,— de Ryngrevenstein 186.,33
"..\He 6481 (2,2_3_0036.jpg",left,49,— Ris 197 1347.,34
"..\He 6481 (2,2_3_0036.jpg",left,49,— Ryse 598.,35
"..\He 6481 (2,2_3_0036.jpg",left,49,— Robel 1203.,36
"..\He 6481 (2,2_3_0036.jpg",left,49,— de Rode 198.,37
"..\He 6481 (2,2_3_0036.jpg",left,49,— Rode de Gerisheim 198 1203.,38
"..\He 6481 (2,2_3_0036.jpg",left,49,— de Rodeheim 662 858.,39
"..\He 6481 (2,2_3_0036.jpg",left,49,— de Rodenstein v. C. Hermanni.,40
"..\He 6481 (2,2_3_0036.jpg",left,49,— d. Roder 198.,41
"..\He 6481 (2,2_3_0036.jpg",left,49,— de Roerbach 1203.,42
"..\He 6481 (2,2_3_0036.jpg",left,49,— Rohart 1203.,43
"..\He 6481 (2,2_3_0036.jpg",left,49,— d. Roisport 198.,44
"..\He 6481 (2,2_3_0036.jpg",left,49,— de Roma 506 770.,45
"..\He 6481 (2,2_3_0036.jpg",left,49,— Romhilt 1199.,46
"..\He 6481 (2,2_3_0036.jpg",left,49,— Rosengarten de Heidelberg 198.,47
"..\He 6481 (2,2_3_0036.jpg",left,49,— Rospach 198.,48
"..\He 6481 (2,2_3_0036.jpg",left,49,— de Rotenburg 717.,49
"..\He 6481 (2,2_3_0036.jpg",left,49,— Rud 1203.,50
"..\He 6481 (2,2_3_0036.jpg",left,49,— Rudigeri 198.,51
"..\He 6481 (2,2_3_0036.jpg",left,49,— Rulini de Haghenowe 682 911.,52
"..\He 6481 (2,2_3_0036.jpg",left,49,— Ruman 98.,53
"..\He 6481 (2,2_3_0036.jpg",right,50,Conradus Rumel (Rummel) de Newnstat 198 457.,1
"..\He 6481 (2,2_3_0036.jpg",right,50,— Ruremunt 1263.,2
"..\He 6481 (2,2_3_0036.jpg",right,50,— Rusz 58.,3
"..\He 6481 (2,2_3_0036.jpg",right,50,— Russe 608.,4
"..\He 6481 (2,2_3_0036.jpg",right,50,— Sachs 982.,5
"..\He 6481 (2,2_3_0036.jpg",right,50,— Sachse 417.,6
"..\He 6481 (2,2_3_0036.jpg",right,50,— Sadel 526.,7
"..\He 6481 (2,2_3_0036.jpg",right,50,— Satelpoger 61 199 262 815 1283.,8
"..\He 6481 (2,2_3_0036.jpg",right,50,— Sattler 199.,9
"..\He 6481 (2,2_3_0036.jpg",right,50,— Sawr 290.,10
"..\He 6481 (2,2_3_0036.jpg",right,50,— Schaden 1347.,11
"..\He 6481 (2,2_3_0036.jpg",right,50,— Scharn 274.,12
"..\He 6481 (2,2_3_0036.jpg",right,50,— Schaub er 370.,13
"..\He 6481 (2,2_3_0036.jpg",right,50,— Scheytisberg 172.,14
"..\He 6481 (2,2_3_0036.jpg",right,50,— Schelen 199.,15
"..\He 6481 (2,2_3_0036.jpg",right,50,— Schepensteden 774.,16
"..\He 6481 (2,2_3_0036.jpg",right,50,— d. Schiller (Schilher) 199 204 379 434 870 1100 1232 1250 1264 1287 1320 1324.,17
"..\He 6481 (2,2_3_0036.jpg",right,50,— de Schindeleib 800.,18
"..\He 6481 (2,2_3_0036.jpg",right,50,— Schindeli 200 601.,19
"..\He 6481 (2,2_3_0036.jpg",right,50,— Schmid 1203 1347.,20
"..\He 6481 (2,2_3_0036.jpg",right,50,— Schnetzer d. Hertzog de Sanctogallo 1203.,21
"..\He 6481 (2,2_3_0036.jpg",right,50,— Scomper 201.,22
"..\He 6481 (2,2_3_0036.jpg",right,50,— Schonchoue de Wolfhagen 208 1203 1244.,23
"..\He 6481 (2,2_3_0036.jpg",right,50,— de Schonenstad 830.,24
"..\He 6481 (2,2_3_0036.jpg",right,50,"— Schopper de Nurnberga, ep. Cimbalen. 200 1203.",25
"..\He 6481 (2,2_3_0036.jpg",right,50,— Schorksvest 924.,26
"..\He 6481 (2,2_3_0036.jpg",right,50,— Schricher 814.,27
"..\He 6481 (2,2_3_0036.jpg",right,50,— Scriptoris 1204 1348.,28
"..\He 6481 (2,2_3_0036.jpg",right,50,— Schubel 200 241 751.,29
"..\He 6481 (2,2_3_0036.jpg",right,50,— Scuchultz 23.,30
"..\He 6481 (2,2_3_0036.jpg",right,50,— Sculteti 1161.,31
"..\He 6481 (2,2_3_0036.jpg",right,50,— Sculteti de Wissenstaig 201.,32
"..\He 6481 (2,2_3_0036.jpg",right,50,— Schuttze 382.,33
"..\He 6481 (2,2_3_0036.jpg",right,50,— Seghebody 201.,34
"..\He 6481 (2,2_3_0036.jpg",right,50,— Segehardi 753.,35
"..\He 6481 (2,2_3_0036.jpg",right,50,— Seyfridi Horlach 201.,36
"..\He 6481 (2,2_3_0036.jpg",right,50,— Semmelbecker 201.,37
"..\He 6481 (2,2_3_0036.jpg",right,50,— de Sybeleben 174 1211.,38
"..\He 6481 (2,2_3_0036.jpg",right,50,— Sigallhoff 539.,39
"..\He 6481 (2,2_3_0036.jpg",right,50,— Sintzen 201.,40
"..\He 6481 (2,2_3_0036.jpg",right,50,— Slepers 728.,41
"..\He 6481 (2,2_3_0036.jpg",right,50,— (secundus) senior dux Slezie v. C. Olsnic. dux.,42
"..\He 6481 (2,2_3_0036.jpg",right,50,— Slezie al. de Olessna dux v. C. dux Olsnic.,43
"..\He 6481 (2,2_3_0036.jpg",right,50,— Smid 1215 1249.,44
"..\He 6481 (2,2_3_0036.jpg",right,50,— Smit 202.,45
"..\He 6481 (2,2_3_0037.jpg",right,52,Conradus Thuss 1021 1101 1187 1199 1242.,1
"..\He 6481 (2,2_3_0037.jpg",right,52,— de Tzele (Tzesele) 192 418.,2
"..\He 6481 (2,2_3_0037.jpg",right,52,— Unrowe (Unrauwe) 206 270 300 321 1097 1204 1264.,3
"..\He 6481 (2,2_3_0037.jpg",right,52,— de Urffe 1349.,4
"..\He 6481 (2,2_3_0037.jpg",right,52,— Usherengodes 325.,5
"..\He 6481 (2,2_3_0037.jpg",right,52,— Waldekker 206.,6
"..\He 6481 (2,2_3_0037.jpg",right,52,— Waltheri 206.,7
"..\He 6481 (2,2_3_0037.jpg",right,52,— de Wangen 1204 1325.,8
"..\He 6481 (2,2_3_0037.jpg",right,52,— Webil 206.,9
"..\He 6481 (2,2_3_0037.jpg",right,52,— de Wedra 277.,10
"..\He 6481 (2,2_3_0037.jpg",right,52,— Weyr 206.,11
"..\He 6481 (2,2_3_0037.jpg",right,52,— Weyrich 454.,12
"..\He 6481 (2,2_3_0037.jpg",right,52,— Weysman 207.,13
"..\He 6481 (2,2_3_0037.jpg",right,52,— Wellant 207.,14
"..\He 6481 (2,2_3_0037.jpg",right,52,— Wenck 76.,15
"..\He 6481 (2,2_3_0037.jpg",right,52,— de Werstat 207.,16
"..\He 6481 (2,2_3_0037.jpg",right,52,— Wescher de Heilprunna 207.,17
"..\He 6481 (2,2_3_0037.jpg",right,52,— Westfelt 1223 1348.,18
"..\He 6481 (2,2_3_0037.jpg",right,52,— Wetterheym 207.,19
"..\He 6481 (2,2_3_0037.jpg",right,52,— d. Wydderhals v. C. Burchardi.,20
"..\He 6481 (2,2_3_0037.jpg",right,52,— Wyhe 207.,21
"..\He 6481 (2,2_3_0037.jpg",right,52,— Wilbossen 359.,22
"..\He 6481 (2,2_3_0037.jpg",right,52,— Wilkini 1355.,23
"..\He 6481 (2,2_3_0037.jpg",right,52,— Winhardi 540.,24
"..\He 6481 (2,2_3_0037.jpg",right,52,— Wynninghusen 1348.,25
"..\He 6481 (2,2_3_0037.jpg",right,52,— d. Wynshemmer 974.,26
"..\He 6481 (2,2_3_0037.jpg",right,52,— de Winsperg 1060.,27
"..\He 6481 (2,2_3_0037.jpg",right,52,— Wirtenberg 208.,28
"..\He 6481 (2,2_3_0037.jpg",right,52,— de Wys 589.,29
"..\He 6481 (2,2_3_0037.jpg",right,52,— Wispeck 208.,30
"..\He 6481 (2,2_3_0037.jpg",right,52,— Wissing spurg (d. Wiszenburg) 208.,31
"..\He 6481 (2,2_3_0037.jpg",right,52,— Wyszhayn 515.,32
"..\He 6481 (2,2_3_0037.jpg",right,52,— Wittelege 1245.,33
"..\He 6481 (2,2_3_0037.jpg",right,52,— de Wittenheim 791.,34
"..\He 6481 (2,2_3_0037.jpg",right,52,— Wolkenborg (Wolkenberg) 208 475.,35
"..\He 6481 (2,2_3_0037.jpg",right,52,— de Wolfhagen v. C. Schonchoue.,36
"..\He 6481 (2,2_3_0037.jpg",right,52,— Wollenboch 607.,37
"..\He 6481 (2,2_3_0037.jpg",right,52,— Worm (Wurm) 208.,38
"..\He 6481 (2,2_3_0037.jpg",right,52,— prep. Wormat. 865.,39
"..\He 6481 (2,2_3_0037.jpg",right,52,— Vulpis de Isenaco 208.,40
"..\He 6481 (2,2_3_0037.jpg",right,52,— Zaynaher de Wasserburga 1204.,41
"..\He 6481 (2,2_3_0037.jpg",right,52,— Czelkinger 1063.,42
"..\He 6481 (2,2_3_0037.jpg",right,52,— Zybern 208.,43
"..\He 6481 (2,2_3_0037.jpg",right,52,— Zim 944.,44
"..\He 6481 (2,2_3_0037.jpg",right,52,— Zoph de Wimpina 227.,45
"..\He 6481 (2,2_3_0037.jpg",right,52,— zum Trubel 776.,46
"..\He 6481 (2,2_3_0037.jpg",right,52,Constantia burggravia Misn. 1358 (v. Guntherus com. de Swartzpurg).,47
"..\He 6481 (2,2_3_0037.jpg",right,52,Constantinus Bertramni de Dechter 1204.,48
"..\He 6481 (2,2_3_0037.jpg",right,52,— de Ly senkirchen 1090 1279.,49
"..\He 6481 (2,2_3_0035.jpg",right,48,Conradus Nuner 16.,1
"..\He 6481 (2,2_3_0035.jpg",right,48,— prior dom. o. pred. in op. Nurenberg. 192.,2
"..\He 6481 (2,2_3_0035.jpg",right,48,— Nusztern 292.,3
"..\He 6481 (2,2_3_0035.jpg",right,48,— Oberminili 983.,4
"..\He 6481 (2,2_3_0035.jpg",right,48,"— Ochlem, el. Ebron. 193.",5
"..\He 6481 (2,2_3_0035.jpg",right,48,— de Ohsenfurt 193 1231.,6
"..\He 6481 (2,2_3_0035.jpg",right,48,— de Ochtersem 1244 1364.,7
"..\He 6481 (2,2_3_0035.jpg",right,48,— de Oldenborgh 846.,8
"..\He 6481 (2,2_3_0035.jpg",right,48,"— de Oldendorf, el. Azoten. 193 1198.",9
"..\He 6481 (2,2_3_0035.jpg",right,48,— sen. Olsnic. dux (II. dux Slezie) 201 1146.,10
"..\He 6481 (2,2_3_0035.jpg",right,48,— (III.) iun. dux Olsnic. (Slezie) 201 943 (?).,11
"..\He 6481 (2,2_3_0035.jpg",right,48,— de Olten 684.,12
"..\He 6481 (2,2_3_0035.jpg",right,48,— Opperman 419.,13
"..\He 6481 (2,2_3_0035.jpg",right,48,— Ordorff 1104.,14
"..\He 6481 (2,2_3_0035.jpg",right,48,— de Ormunde 397.,15
"..\He 6481 (2,2_3_0035.jpg",right,48,— de Ortzhoven 613.,16
"..\He 6481 (2,2_3_0035.jpg",right,48,— de Ottensheim v. C. Hayder.,17
"..\He 6481 (2,2_3_0035.jpg",right,48,— de Overvorde 506.,18
"..\He 6481 (2,2_3_0035.jpg",right,48,— Pab 855.,19
"..\He 6481 (2,2_3_0035.jpg",right,48,— Paff al. d. Croropes 994.,20
"..\He 6481 (2,2_3_0035.jpg",right,48,— Payzze (Pays) v. C. Peysz.,21
"..\He 6481 (2,2_3_0035.jpg",right,48,— Pecheling 78 79.,22
"..\He 6481 (2,2_3_0035.jpg",right,48,— Pechmir 193.,23
"..\He 6481 (2,2_3_0035.jpg",right,48,— de Peynis al. de Steula 171.,24
"..\He 6481 (2,2_3_0035.jpg",right,48,"— Peysz (Payzze, Pays) 193 693 996 1201 1208 1262 1347.",25
"..\He 6481 (2,2_3_0035.jpg",right,48,— Petri de Korbach 194.,26
"..\He 6481 (2,2_3_0035.jpg",right,48,— dec. eccl. ss. Petri et Pauli Magdeburg. 259.,27
"..\He 6481 (2,2_3_0035.jpg",right,48,— Petri Scriptoris de Frankenfordia 194.,28
"..\He 6481 (2,2_3_0035.jpg",right,48,— Pewrl de Tulna 194.,29
"..\He 6481 (2,2_3_0035.jpg",right,48,— abb. mon. Pigavien. 194.,30
"..\He 6481 (2,2_3_0035.jpg",right,48,— de Pingwia 175.,31
"..\He 6481 (2,2_3_0035.jpg",right,48,— Pirkheimer 194.,32
"..\He 6481 (2,2_3_0035.jpg",right,48,— Piscatoris 194.,33
"..\He 6481 (2,2_3_0035.jpg",right,48,— de Plassenberg 194.,34
"..\He 6481 (2,2_3_0035.jpg",right,48,— Plochingen 16 686 982.,35
"..\He 6481 (2,2_3_0035.jpg",right,48,— Plueger 194 720 1080.,36
"..\He 6481 (2,2_3_0035.jpg",right,48,— Poet 101 102 194 346 351.,37
"..\He 6481 (2,2_3_0035.jpg",right,48,— Polen 1202.,38
"..\He 6481 (2,2_3_0035.jpg",right,48,— d. in Pomerio 1202.,39
"..\He 6481 (2,2_3_0035.jpg",right,48,— Portenhagen 195 1095.,40
"..\He 6481 (2,2_3_0035.jpg",right,48,— de Potenstain 109.,41
"..\He 6481 (2,2_3_0035.jpg",right,48,— Potestoc 179.,42
"..\He 6481 (2,2_3_0035.jpg",right,48,— Potinger 1202.,43
"..\He 6481 (2,2_3_0035.jpg",right,48,— Potunbrunner (Potenbrunner) 195.,44
"..\He 6481 (2,2_3_0035.jpg",right,48,— Poxhorn al. d. Megersheim 195.,45
"..\He 6481 (2,2_3_0035.jpg",right,48,— d. Prandester 195.,46
"..\He 6481 (2,2_3_0035.jpg",right,48,— Pranddelini 469.,47
"..\He 6481 (2,2_3_0038.jpg",right,54,Christianus Phaffe 213 1348 1382.,1
"..\He 6481 (2,2_3_0038.jpg",right,54,— Valchenberger 839.,2
"..\He 6481 (2,2_3_0038.jpg",right,54,— de Vorst 1118.,3
"..\He 6481 (2,2_3_0038.jpg",right,54,— Geringer 1283.,4
"..\He 6481 (2,2_3_0038.jpg",right,54,— Gerwer 205.,5
"..\He 6481 (2,2_3_0038.jpg",right,54,— Grave 214.,6
"..\He 6481 (2,2_3_0038.jpg",right,54,— d. Grymm 1205.,7
"..\He 6481 (2,2_3_0038.jpg",right,54,— Gutzit 452.,8
"..\He 6481 (2,2_3_0038.jpg",right,54,— de Heynsberg 364.,9
"..\He 6481 (2,2_3_0038.jpg",right,54,— Johannis de Unkelbach al. de Erpel 215 342 599 639 669 1191 1205.,10
"..\He 6481 (2,2_3_0038.jpg",right,54,— de Langhelgen 215.,11
"..\He 6481 (2,2_3_0038.jpg",right,54,— Moderndorfer 213.,12
"..\He 6481 (2,2_3_0038.jpg",right,54,— de Muldorf 180.,13
"..\He 6481 (2,2_3_0038.jpg",right,54,— ep. Nuemburg. v. C. de Walzene.,14
"..\He 6481 (2,2_3_0038.jpg",right,54,— de Nussia 589.,15
"..\He 6481 (2,2_3_0038.jpg",right,54,— de Patichindorf 213.,16
"..\He 6481 (2,2_3_0038.jpg",right,54,— de Peynis 215.,17
"..\He 6481 (2,2_3_0038.jpg",right,54,— Pellificis 103.,18
"..\He 6481 (2,2_3_0038.jpg",right,54,— Pictoris de Wasserburga 213.,19
"..\He 6481 (2,2_3_0038.jpg",right,54,— Roghentin 214 216 1011.,20
"..\He 6481 (2,2_3_0038.jpg",right,54,— Romel 283.,21
"..\He 6481 (2,2_3_0038.jpg",right,54,— de Salina 70 212 213 296 781 1195 1237.,22
"..\He 6481 (2,2_3_0038.jpg",right,54,— Sasse de Nyenhagen 216.,23
"..\He 6481 (2,2_3_0038.jpg",right,54,— Schonenberg 1223.,24
"..\He 6481 (2,2_3_0038.jpg",right,54,— de Tekendorff 213.,25
"..\He 6481 (2,2_3_0038.jpg",right,54,— Tetzcl 151.,26
"..\He 6481 (2,2_3_0038.jpg",right,54,— Ulrici de Salina 875.,27
"..\He 6481 (2,2_3_0038.jpg",right,54,"— de Walzene, ep. Nuemburg. 57 398 612 652 731 1098.",28
"..\He 6481 (2,2_3_0038.jpg",right,54,— Vectoris 213.,29
"..\He 6481 (2,2_3_0038.jpg",right,54,— Wissen 196 213.,30
"..\He 6481 (2,2_3_0038.jpg",right,54,— prep. mon. s. Zenonis e. m. op. de Reichenhallis 951.,31
"..\He 6481 (2,2_3_0038.jpg",right,54,Cristina 336 (v. Gerlacus Wichmann).,32
"..\He 6481 (2,2_3_0038.jpg",right,54,— 400 (v. Henninghús de Pudbusche).,33
"..\He 6481 (2,2_3_0038.jpg",right,54,— 523 (v. Hermannus de Wattenheim).,34
"..\He 6481 (2,2_3_0038.jpg",right,54,— 1350 (v. Johannes Bruse).,35
"..\He 6481 (2,2_3_0038.jpg",right,54,— 216 (v. Johannes de Schonenflys).,36
"..\He 6481 (2,2_3_0038.jpg",right,54,— 1006 (v. Radeke Crutzeburg).,37
"..\He 6481 (2,2_3_0038.jpg",right,54,— Wernherin 216.,38
"..\He 6481 (2,2_3_0038.jpg",right,54,Cristoferus (Christoforus) Besenkeim al. d. Mosch 1205.,39
"..\He 6481 (2,2_3_0038.jpg",right,54,— Caraffo de Neapoli 216.,40
"..\He 6481 (2,2_3_0038.jpg",right,54,— tit. s. Ciriaci presb. card. 53 216 263 281 288 362 465 601 621 653 711 995 1071 1200 1220 1297 1303.,41
"..\He 6481 (2,2_3_0038.jpg",right,54,— Welsperg 313.,42
"..\He 6481 (2,2_3_0038.jpg",right,54,— Fornfeist 216.,43
"..\He 6481 (2,2_3_0038.jpg",right,54,— Jacobi de Wormedyt 216.,44
"..\He 6481 (2,2_3_0038.jpg",right,54,— Johannis de Wormedyt 963.,45
"..\He 6481 (2,2_3_0038.jpg",right,54,— dec. eccl. Ysenac. 1099.,46
"..\He 6481 (2,2_3_0039.jpg",left,55,Cristoferus Lusnych de Gyminden 1205.,1
"..\He 6481 (2,2_3_0039.jpg",left,55,— Martini de Lindov 716.,2
"..\He 6481 (2,2_3_0039.jpg",left,55,— Mewen 217.,3
"..\He 6481 (2,2_3_0039.jpg",left,55,— Nicolai d. Vaest de Lincz 217.,4
"..\He 6481 (2,2_3_0039.jpg",left,55,— Czwittar 716.,5
"..\He 6481 (2,2_3_0039.jpg",left,55,Cunatus Kepler 1146.,6
"..\He 6481 (2,2_3_0039.jpg",left,55,"Cunegunde (Conegunde, Cunagunda, Cunigunde) Gramans 1205.",7
"..\He 6481 (2,2_3_0039.jpg",left,55,— 492 (v. Henricus Wunnenbergh).,8
"..\He 6481 (2,2_3_0039.jpg",left,55,— 534 (v. Jacobus d. Amman).,9
"..\He 6481 (2,2_3_0039.jpg",left,55,— 592 (v. Johannes Kok).,10
"..\He 6481 (2,2_3_0039.jpg",left,55,— 611 (v. Johannes baro de Eberstorf).,11
"..\He 6481 (2,2_3_0039.jpg",left,55,— 708 (v. Johannes Neydekker).,12
"..\He 6481 (2,2_3_0039.jpg",left,55,— lantgravía de Leutenbergh 360.,13
"..\He 6481 (2,2_3_0039.jpg",left,55,"— de Superiorilapide 599 (v. Johannes de Cronenberg, Cronenborgh).",14
"..\He 6481 (2,2_3_0039.jpg",left,55,Cunemannus (Conemannus) de Berencastel 218.,15
"..\He 6481 (2,2_3_0039.jpg",left,55,— Ellini (Erlini) 218.,16
"..\He 6481 (2,2_3_0039.jpg",left,55,— Guntheri de Franckenheim 218.,17
"..\He 6481 (2,2_3_0039.jpg",left,55,— de Lupffensteyn 936.,18
"..\He 6481 (2,2_3_0039.jpg",left,55,— de Sobernheim 596 629.,19
"..\He 6481 (2,2_3_0039.jpg",left,55,Kunne Cleynor 218.,20
"..\He 6481 (2,2_3_0039.jpg",left,55,Cuno (Cono) Aschaffenburg 1349.,21
"..\He 6481 (2,2_3_0039.jpg",left,55,— de Beldersheim 357.,22
"..\He 6481 (2,2_3_0039.jpg",left,55,— Cunonis de Eppelsheim 219 1205.,23
"..\He 6481 (2,2_3_0039.jpg",left,55,— abb. mon. de s. Gallo 748 797 1123.,24
"..\He 6481 (2,2_3_0039.jpg",left,55,— de Gosheim 1166.,25
"..\He 6481 (2,2_3_0039.jpg",left,55,— Herdan(Herdon) de Buches 218 1065.,26
"..\He 6481 (2,2_3_0039.jpg",left,55,— Jacobi de Raynberg 671.,27
"..\He 6481 (2,2_3_0039.jpg",left,55,— de Mauwenheim 219 1090.,28
"..\He 6481 (2,2_3_0039.jpg",left,55,— Quarter 58.,29
"..\He 6481 (2,2_3_0039.jpg",left,55,— de Scharpenstein 1205.,30
"..\He 6481 (2,2_3_0039.jpg",left,55,— de Stertzelnheim 478 783.,31
"..\He 6481 (2,2_3_0039.jpg",left,55,— aep. Trever. 139 249 264 692 957 1120.,32
"..\He 6481 (2,2_3_0039.jpg",left,55,— Walteri de Trys 986.,33
"..\He 6481 (2,2_3_0039.jpg",left,55,Cunradus v. Conradus.,34
"..\He 6481 (2,2_3_0039.jpg",left,55,Cunzo Franck 1297.,35
"..\He 6481 (2,2_3_0039.jpg",left,55,Kustrana 1336.,36
"..\He 6481 (2,2_3_0039.jpg",left,55,Daliborius de Honczowitz 1206.,37
"..\He 6481 (2,2_3_0039.jpg",left,55,Damianus Johannis de Middelburch 219.,38
"..\He 6481 (2,2_3_0039.jpg",left,55,— Rasoris de Gutenstad 1349.,39
"..\He 6481 (2,2_3_0039.jpg",left,55,"Danchardus (Danckhardus, Dankardus, Dancquardus) de Clentze 219 1206.",40
"..\He 6481 (2,2_3_0039.jpg",left,55,— de Grevensultz 543.,41
"..\He 6481 (2,2_3_0039.jpg",left,55,— de Harlinghe 220.,42
"..\He 6481 (2,2_3_0039.jpg",left,55,— Haugeperger 1206.,43
"..\He 6481 (2,2_3_0039.jpg",left,55,Daniel de Aken 220.,44
"..\He 6481 (2,2_3_0032.jpg",right,42,Conradus Crutzen 1229.,1
"..\He 6481 (2,2_3_0032.jpg",right,42,— Kucher de Frawenberg (Vrowenberger) 175 178 642 1083 1290.,2
"..\He 6481 (2,2_3_0032.jpg",right,42,— de Chuna (Cuma) 15.,3
"..\He 6481 (2,2_3_0032.jpg",right,42,— Cuntzemanni de Ettlinga 422 485.,4
"..\He 6481 (2,2_3_0032.jpg",right,42,— Chunz 171.,5
"..\He 6481 (2,2_3_0032.jpg",right,42,— Curtzmanni de Swartzbach 171.,6
"..\He 6481 (2,2_3_0032.jpg",right,42,— de Dalhusen 1199.,7
"..\He 6481 (2,2_3_0032.jpg",right,42,— de Dassenhusen 712.,8
"..\He 6481 (2,2_3_0032.jpg",right,42,— Degelin 187.,9
"..\He 6481 (2,2_3_0032.jpg",right,42,— Deychlin de Stein 172.,10
"..\He 6481 (2,2_3_0032.jpg",right,42,— Deytscherre 690.,11
"..\He 6481 (2,2_3_0032.jpg",right,42,— Dyel 172.,12
"..\He 6481 (2,2_3_0032.jpg",right,42,— Ditmari 133 172 1253.,13
"..\He 6481 (2,2_3_0032.jpg",right,42,— Ditmari 172.,14
"..\He 6481 (2,2_3_0032.jpg",right,42,— Domme 728.,15
"..\He 6481 (2,2_3_0032.jpg",right,42,— prep. mon. Domusdei in Czarnawans prope Opul 1176.,16
"..\He 6481 (2,2_3_0032.jpg",right,42,— Dorzbecher 172.,17
"..\He 6481 (2,2_3_0032.jpg",right,42,— Dransfeld 172 1231.,18
"..\He 6481 (2,2_3_0032.jpg",right,42,— de Driborg 23 172.,19
"..\He 6481 (2,2_3_0032.jpg",right,42,— de Duyssenauwe 291 755.,20
"..\He 6481 (2,2_3_0032.jpg",right,42,— Durschenkel 1199.,21
"..\He 6481 (2,2_3_0032.jpg",right,42,— Ekhar 173.,22
"..\He 6481 (2,2_3_0032.jpg",right,42,— Egghardi 173 1212.,23
"..\He 6481 (2,2_3_0032.jpg",right,42,— de Egloffsteyn 173.,24
"..\He 6481 (2,2_3_0032.jpg",right,42,— Ehinger 686.,25
"..\He 6481 (2,2_3_0032.jpg",right,42,— com. de Eykelbergh 906.,26
"..\He 6481 (2,2_3_0032.jpg",right,42,— d. Eysteter 173.,27
"..\He 6481 (2,2_3_0032.jpg",right,42,— de Elben 173.,28
"..\He 6481 (2,2_3_0032.jpg",right,42,— Elye 628.,29
"..\He 6481 (2,2_3_0032.jpg",right,42,— de Elrbach 1135.,30
"..\He 6481 (2,2_3_0032.jpg",right,42,— de Elrich 174.,31
"..\He 6481 (2,2_3_0032.jpg",right,42,— de Elrixen 174 420 1273.,32
"..\He 6481 (2,2_3_0032.jpg",right,42,— de Elvervelde 174.,33
"..\He 6481 (2,2_3_0032.jpg",right,42,— Ember 174 316.,34
"..\He 6481 (2,2_3_0032.jpg",right,42,— de Embrica 254.,35
"..\He 6481 (2,2_3_0032.jpg",right,42,— Emelrici de Sphanheim 175.,36
"..\He 6481 (2,2_3_0032.jpg",right,42,— Emerici 175.,37
"..\He 6481 (2,2_3_0032.jpg",right,42,— de Entzborg 175.,38
"..\He 6481 (2,2_3_0032.jpg",right,42,— Eresse 1025.,39
"..\He 6481 (2,2_3_0032.jpg",right,42,— Ettelingen v. C. Cuntzemanni.,40
"..\He 6481 (2,2_3_0032.jpg",right,42,— Fabri de Novoforo 175.,41
"..\He 6481 (2,2_3_0032.jpg",right,42,— Fabri de Nurenbergha 175.,42
"..\He 6481 (2,2_3_0032.jpg",right,42,— Fabri de Wiszenhusen 634.,43
"..\He 6481 (2,2_3_0032.jpg",right,42,— de Valibach 1133.,44
"..\He 6481 (2,2_3_0032.jpg",right,42,— van der Bruggen 1198.,45
"..\He 6481 (2,2_3_0032.jpg",right,42,— Vebelum 176.,46
"..\He 6481 (2,2_3_0032.jpg",right,42,"— de Vechta (Veccha, Vacca), el. Verden. 173 176 202 241 430 1429.",47
"..\He 6481 (2,2_3_0032.jpg",right,42,— Veyltscher 176 486.,48
"..\He 6481 (2,2_3_0032.jpg",right,42,— Feyt 471.,49
"..\He 6481 (2,2_3_0032.jpg",right,42,— de Velen 125 176 1079.,50
"..\He 6481 (2,2_3_0038.jpg",left,53,"Constantinus Puz de Vechta (Wechta, Vecha) 176 209 1348.",1
"..\He 6481 (2,2_3_0038.jpg",left,53,— Raestop de Udem 1204.,2
"..\He 6481 (2,2_3_0038.jpg",left,53,Constantius Boire 209.,3
"..\He 6481 (2,2_3_0038.jpg",left,53,— de Noertich 808.,4
"..\He 6481 (2,2_3_0038.jpg",left,53,Coppardus Bogel 209 536.,5
"..\He 6481 (2,2_3_0038.jpg",left,53,Koppekinus Konyngesberghe 151.,6
"..\He 6481 (2,2_3_0038.jpg",left,53,Cordula 1358 (v. Guntherus com. de Lindow).,7
"..\He 6481 (2,2_3_0038.jpg",left,53,Cornelius de Tolnis 210.,8
"..\He 6481 (2,2_3_0038.jpg",left,53,Corradus v. Conrardus.,9
"..\He 6481 (2,2_3_0038.jpg",left,53,Cosmatus tit. s. Crucis in Jerusalem presb. card. 76 108 111 122 173 194 210 322 336 345 355 395 440 452 491 494 559 751 769 785 796 803 850 1072 1094 1101 1134 cf. Innocentius papa. VII.,10
"..\He 6481 (2,2_3_0038.jpg",left,53,Cotzio de Cuberch 211.,11
"..\He 6481 (2,2_3_0038.jpg",left,53,Kozeran Byel 944.,12
"..\He 6481 (2,2_3_0038.jpg",left,53,Craffto (Chraffto) de Aldendorff 211.,13
"..\He 6481 (2,2_3_0038.jpg",left,53,— de Kallingen (Kullingen) 52 211.,14
"..\He 6481 (2,2_3_0038.jpg",left,53,— Gherardi 689.,15
"..\He 6481 (2,2_3_0038.jpg",left,53,— Haslawer 211.,16
"..\He 6481 (2,2_3_0038.jpg",left,53,— d. Humel 781.,17
"..\He 6481 (2,2_3_0038.jpg",left,53,— de Michilbach 830.,18
"..\He 6481 (2,2_3_0038.jpg",left,53,— Mittelburger 211.,19
"..\He 6481 (2,2_3_0038.jpg",left,53,— abb. mon. in Swartzach 666 1357.,20
"..\He 6481 (2,2_3_0038.jpg",left,53,Creslaus Kelconis de Miclaiovicz 211 1061.,21
"..\He 6481 (2,2_3_0038.jpg",left,53,— de Cosczol palatinus Cuyavien. 211.,22
"..\He 6481 (2,2_3_0038.jpg",left,53,Crismannus de Wesalia al. d. Dam-scheit 212.,23
"..\He 6481 (2,2_3_0038.jpg",left,53,Crisogonus 271.,24
"..\He 6481 (2,2_3_0038.jpg",left,53,"Christianus (Cristanus, Cristannus) 213.",25
"..\He 6481 (2,2_3_0038.jpg",left,53,— 318.,26
"..\He 6481 (2,2_3_0038.jpg",left,53,— 1316.,27
"..\He 6481 (2,2_3_0038.jpg",left,53,— de Ackoyen 214 439.,28
"..\He 6481 (2,2_3_0038.jpg",left,53,— Ade de Weyspriach 212.,29
"..\He 6481 (2,2_3_0038.jpg",left,53,— prep. eccl. s. Andree Verden. 422.,30
"..\He 6481 (2,2_3_0038.jpg",left,53,— Babe de Duren 214.,31
"..\He 6481 (2,2_3_0038.jpg",left,53,— Kastner 215.,32
"..\He 6481 (2,2_3_0038.jpg",left,53,— Kempen 994.,33
"..\He 6481 (2,2_3_0038.jpg",left,53,— de Ketwych 215.,34
"..\He 6481 (2,2_3_0038.jpg",left,53,— de Kyvenaco 416.,35
"..\He 6481 (2,2_3_0038.jpg",left,53,— Cobant 168 214 646.,36
"..\He 6481 (2,2_3_0038.jpg",left,53,— Coler 212.,37
"..\He 6481 (2,2_3_0038.jpg",left,53,— Cristiani 214.,38
"..\He 6481 (2,2_3_0038.jpg",left,53,— de Damescheyde 938.,39
"..\He 6481 (2,2_3_0038.jpg",left,53,— Danielis 48 486 1262.,40
"..\He 6481 (2,2_3_0038.jpg",left,53,— de Delmenhorst 936.,41
"..\He 6481 (2,2_3_0038.jpg",left,53,— Dorla 1348.,42
"..\He 6481 (2,2_3_0038.jpg",left,53,— Drusselkind de Salina 212 296.,43
"..\He 6481 (2,2_3_0038.jpg",left,53,— de Erpel v. C. Johannis.,44
"..\He 6481 (2,2_3_0037.jpg",left,51,Conradus Sna bel 202.,1
"..\He 6481 (2,2_3_0037.jpg",left,51,— Sockolaw (Stokolaw) 1149 1433.,2
"..\He 6481 (2,2_3_0037.jpg",left,51,— de Solyng 317.,3
"..\He 6481 (2,2_3_0037.jpg",left,51,— de Solmissen 202 464.,4
"..\He 6481 (2,2_3_0037.jpg",left,51,"— Soltow, ep. Verden., el. Camerae. 5 23 144 202 225 270 525 757 779 1006 1029 1221 1351 1429.",5
"..\He 6481 (2,2_3_0037.jpg",left,51,— Span 782.,6
"..\He 6481 (2,2_3_0037.jpg",left,51,— de Spangenburg 472.,7
"..\He 6481 (2,2_3_0037.jpg",left,51,— Spikerman 203.,8
"..\He 6481 (2,2_3_0037.jpg",left,51,— Spigelberg 203.,9
"..\He 6481 (2,2_3_0037.jpg",left,51,— dec. Spiren. 291.,10
"..\He 6481 (2,2_3_0037.jpg",left,51,— Sporer 570.,11
"..\He 6481 (2,2_3_0037.jpg",left,51,— de Stam 203.,12
"..\He 6481 (2,2_3_0037.jpg",left,51,— Statscreiber 869.,13
"..\He 6481 (2,2_3_0037.jpg",left,51,— Stebin 203.,14
"..\He 6481 (2,2_3_0037.jpg",left,51,— Steinbrecher 203 1276.,15
"..\He 6481 (2,2_3_0037.jpg",left,51,— de Stenberch 204.,16
"..\He 6481 (2,2_3_0037.jpg",left,51,— Stiker 204.,17
"..\He 6481 (2,2_3_0037.jpg",left,51,— Stiler 375 500.,18
"..\He 6481 (2,2_3_0037.jpg",left,51,— Stokolaw v. C. Sockolaw.,19
"..\He 6481 (2,2_3_0037.jpg",left,51,— Stoltz 204.,20
"..\He 6481 (2,2_3_0037.jpg",left,51,— de Stoltzenfels 394.,21
"..\He 6481 (2,2_3_0037.jpg",left,51,— Stor 379.,22
"..\He 6481 (2,2_3_0037.jpg",left,51,— de Streyp erg 1204.,23
"..\He 6481 (2,2_3_0037.jpg",left,51,— Striubel 204.,24
"..\He 6481 (2,2_3_0037.jpg",left,51,— Strues 1348.,25
"..\He 6481 (2,2_3_0037.jpg",left,51,— Suer 204.,26
"..\He 6481 (2,2_3_0037.jpg",left,51,— Sulmetingen 814.,27
"..\He 6481 (2,2_3_0037.jpg",left,51,— Surber 204.,28
"..\He 6481 (2,2_3_0037.jpg",left,51,— de Susato v. C. Coler de S.,29
"..\He 6481 (2,2_3_0037.jpg",left,51,— Swarten 204.,30
"..\He 6481 (2,2_3_0037.jpg",left,51,— Swebel (Swevel) 204 574 698 888.,31
"..\He 6481 (2,2_3_0037.jpg",left,51,— Swebrer 205.,32
"..\He 6481 (2,2_3_0037.jpg",left,51,— de Sweinheim 205.,33
"..\He 6481 (2,2_3_0037.jpg",left,51,— Sweinwartter (Sweynbartter) 1 132.,34
"..\He 6481 (2,2_3_0037.jpg",left,51,— d. Swenns 1170.,35
"..\He 6481 (2,2_3_0037.jpg",left,51,— Talakrer 1059.,36
"..\He 6481 (2,2_3_0037.jpg",left,51,— Tand 251.,37
"..\He 6481 (2,2_3_0037.jpg",left,51,— de Tanna 205.,38
"..\He 6481 (2,2_3_0037.jpg",left,51,— Teyg stherre 205.,39
"..\He 6481 (2,2_3_0037.jpg",left,51,— de Tetaw 205.,40
"..\He 6481 (2,2_3_0037.jpg",left,51,— Tettikover 425.,41
"..\He 6481 (2,2_3_0037.jpg",left,51,— Tolkner (Tolkar) 205.,42
"..\He 6481 (2,2_3_0037.jpg",left,51,— Toldner 205.,43
"..\He 6481 (2,2_3_0037.jpg",left,51,— prep. mon. s. Thome in Voraw 769.,44
"..\He 6481 (2,2_3_0037.jpg",left,51,"— d. Torner, prep. mon. in Perchtols- gaden, ep. Lavent. 206 548 950 1000 1429.",45
"..\He 6481 (2,2_3_0037.jpg",left,51,— d. Tressinas 1029.,46
"..\He 6481 (2,2_3_0037.jpg",left,51,— prep. eccl. s. Trinitatis Spiren. 752.,47
"..\He 6481 (2,2_3_0037.jpg",left,51,— Tudenrad 206.,48
"..\He 6481 (2,2_3_0037.jpg",left,51,— Turelbeck 766.,49
"..\He 6481 (2,2_3_0040.jpg",left,57,Dyetvingus Truksatz 227.,1
"..\He 6481 (2,2_3_0040.jpg",left,57,Dyethingus (Dietvingus) de Plendorff (Pelndorf) 227 316 1311.,2
"..\He 6481 (2,2_3_0040.jpg",left,57,Dietmarus (Dyemarus) v. Ditmarus.,3
"..\He 6481 (2,2_3_0040.jpg",left,57,Dietricus v. Theodericus.,4
"..\He 6481 (2,2_3_0040.jpg",left,57,Dyetschmannus Agstein 1424.,5
"..\He 6481 (2,2_3_0040.jpg",left,57,Dyethus Rusze 286.,6
"..\He 6481 (2,2_3_0040.jpg",left,57,Dietwinus (Dytwinus) Dumelose (Dawmelose) 228.,7
"..\He 6481 (2,2_3_0040.jpg",left,57,— Physicus de Wratislavia 228.,8
"..\He 6481 (2,2_3_0040.jpg",left,57,— de Ostheim 1349.,9
"..\He 6481 (2,2_3_0040.jpg",left,57,"Dietzo (Dytzo, Dietscho, Dyezo) Brunonis 1349.",10
"..\He 6481 (2,2_3_0040.jpg",left,57,— d. Canzeller 228 879 887 1206.,11
"..\He 6481 (2,2_3_0040.jpg",left,57,— Rusze 894.,12
"..\He 6481 (2,2_3_0040.jpg",left,57,— Schaub 1344.,13
"..\He 6481 (2,2_3_0040.jpg",left,57,— Strube 1207.,14
"..\He 6481 (2,2_3_0040.jpg",left,57,Dilko Pradlim 996.,15
"..\He 6481 (2,2_3_0040.jpg",left,57,Dylia 343.,16
"..\He 6481 (2,2_3_0040.jpg",left,57,Dillimannus Georgii de Ecstein 1349.,17
"..\He 6481 (2,2_3_0040.jpg",left,57,Dyna Marstellerin al. Herredyna de Hagenaw 934.,18
"..\He 6481 (2,2_3_0040.jpg",left,57,Dionysius de Montegni 228.,19
"..\He 6481 (2,2_3_0040.jpg",left,57,— Richer 229.,20
"..\He 6481 (2,2_3_0040.jpg",left,57,Dirslaus v. Derslaus.,21
"..\He 6481 (2,2_3_0040.jpg",left,57,Disco 229 894.,22
"..\He 6481 (2,2_3_0040.jpg",left,57,Dithardus Wointwinghe 606.,23
"..\He 6481 (2,2_3_0040.jpg",left,57,Ditlevus v. Detlevus.,24
"..\He 6481 (2,2_3_0040.jpg",left,57,"Ditmarus (Detmarus, Dietmarus, Dyemar us, Deytmarus) Berneburg 338.",25
"..\He 6481 (2,2_3_0040.jpg",left,57,— de Bydencamp 432.,26
"..\He 6481 (2,2_3_0040.jpg",left,57,— de Buren 720 764.,27
"..\He 6481 (2,2_3_0040.jpg",left,57,— in Dembnhove 396.,28
"..\He 6481 (2,2_3_0040.jpg",left,57,— Dyetmari 227.,29
"..\He 6481 (2,2_3_0040.jpg",left,57,— Dobelsteyn 225.,30
"..\He 6481 (2,2_3_0040.jpg",left,57,— Phywalchen de Swerte 226 1079.,31
"..\He 6481 (2,2_3_0040.jpg",left,57,— Gunperti 227.,32
"..\He 6481 (2,2_3_0040.jpg",left,57,— de Halfnen 578.,33
"..\He 6481 (2,2_3_0040.jpg",left,57,— de Hardenbergh (Haydenberge) 144 225 818.,34
"..\He 6481 (2,2_3_0040.jpg",left,57,"— de Heddersem (Hodersem, Haddersem) 227 418 616 1349.",35
"..\He 6481 (2,2_3_0040.jpg",left,57,— Herbordi 1243.,36
"..\He 6481 (2,2_3_0040.jpg",left,57,— de Hovele 1206.,37
"..\He 6481 (2,2_3_0040.jpg",left,57,— Ybing 979.,38
"..\He 6481 (2,2_3_0040.jpg",left,57,— Ywani 225 773.,39
"..\He 6481 (2,2_3_0040.jpg",left,57,— d. Lichtensteyn de Frankenfordia 281 445.,40
"..\He 6481 (2,2_3_0040.jpg",left,57,— Lutigeri de Molhusen 227.,41
"..\He 6481 (2,2_3_0040.jpg",left,57,— de Medebeke 517.,42
"..\He 6481 (2,2_3_0040.jpg",left,57,— Naghel 137.,43
"..\He 6481 (2,2_3_0040.jpg",left,57,— Rasoris 63 227 243 1391.,44
"..\He 6481 (2,2_3_0040.jpg",left,57,— Rymph de Spanghenberg 228 1206.,45
"..\He 6481 (2,2_3_0041.jpg",left,59,Droyskerus de Etzelstorff 1097.,1
"..\He 6481 (2,2_3_0041.jpg",left,59,Druda de Huchelhoven 230.,2
"..\He 6481 (2,2_3_0041.jpg",left,59,Drude 1417 (v. Mathias Ruremunde).,3
"..\He 6481 (2,2_3_0041.jpg",left,59,Drudeken 1108 (v. Tilemannus Bruwer).,4
"..\He 6481 (2,2_3_0041.jpg",left,59,Drusthardus de Scharpenstein 230.,5
"..\He 6481 (2,2_3_0041.jpg",left,59,Dudo de Veingen 1167.,6
"..\He 6481 (2,2_3_0041.jpg",left,59,Dunkerus de Ghestele 231.,7
"..\He 6481 (2,2_3_0041.jpg",left,59,Duodo 221.,8
"..\He 6481 (2,2_3_0041.jpg",left,59,Ebbo Johannis 232.,9
"..\He 6481 (2,2_3_0041.jpg",left,59,"Eberhardus (Ebirhardus, Everardus, Everhardus, Everairdus, Ewerardus, Evercardus) 619.",10
"..\He 6481 (2,2_3_0041.jpg",left,59,— 816.,11
"..\He 6481 (2,2_3_0041.jpg",left,59,— de Absteden 232.,12
"..\He 6481 (2,2_3_0041.jpg",left,59,— Amelong de Buderic 1207.,13
"..\He 6481 (2,2_3_0041.jpg",left,59,— Arnhem de Reys (Tenbonhave) 233 612 952.,14
"..\He 6481 (2,2_3_0041.jpg",left,59,— Bisiorrm 509.,15
"..\He 6481 (2,2_3_0041.jpg",left,59,— Boderke 233.,16
"..\He 6481 (2,2_3_0041.jpg",left,59,— Bra al. Grymeke 119.,17
"..\He 6481 (2,2_3_0041.jpg",left,59,— Brenner 1263.,18
"..\He 6481 (2,2_3_0041.jpg",left,59,— Bringman 233 1241.,19
"..\He 6481 (2,2_3_0041.jpg",left,59,— Brunonis 234 444 507 1302 1379.,20
"..\He 6481 (2,2_3_0041.jpg",left,59,— de Buchenaw 1238.,21
"..\He 6481 (2,2_3_0041.jpg",left,59,— Busze 234.,22
"..\He 6481 (2,2_3_0041.jpg",left,59,— Chadlstorffer 256.,23
"..\He 6481 (2,2_3_0041.jpg",left,59,— baro de Kappeln 234.,24
"..\He 6481 (2,2_3_0041.jpg",left,59,— ep. Caracien. 489.,25
"..\He 6481 (2,2_3_0041.jpg",left,59,— Carnificis de Landauwe 993.,26
"..\He 6481 (2,2_3_0041.jpg",left,59,— com. de Katzenelnboghın 234.,27
"..\He 6481 (2,2_3_0041.jpg",left,59,— Kerckhoff 563 1284.,28
"..\He 6481 (2,2_3_0041.jpg",left,59,— de Kyburg 273 588.,29
"..\He 6481 (2,2_3_0041.jpg",left,59,"— de Kyrchberg, ep. August. 5 198 211 218 234 303 341 525 597 624 936 970 1028 1129 1154 1206 1207 1227 1237 1250 1310.",30
"..\He 6481 (2,2_3_0041.jpg",left,59,— Cloetbauen (Chlothien) de Gronlo 235.,31
"..\He 6481 (2,2_3_0041.jpg",left,59,— Knoringer (de Knoringen) 411 488.,32
"..\He 6481 (2,2_3_0041.jpg",left,59,— Crondel 235.,33
"..\He 6481 (2,2_3_0041.jpg",left,59,— Kronel (Krovel) 196 651.,34
"..\He 6481 (2,2_3_0041.jpg",left,59,— d. Kunig 730.,35
"..\He 6481 (2,2_3_0041.jpg",left,59,— de Erdersem 664.,36
"..\He 6481 (2,2_3_0041.jpg",left,59,— Fabri de Haghen 236.,37
"..\He 6481 (2,2_3_0041.jpg",left,59,— Feder 136.,38
"..\He 6481 (2,2_3_0041.jpg",left,59,— de Ferro 236 836.,39
"..\He 6481 (2,2_3_0041.jpg",left,59,— Foet 236 493.,40
"..\He 6481 (2,2_3_0041.jpg",left,59,— Fuchs 83 850.,41
"..\He 6481 (2,2_3_0041.jpg",left,59,— Gallina 237.,42
"..\He 6481 (2,2_3_0042.jpg",left,61,Eberhardus de Smalenborg 98 298 479.,1
"..\He 6481 (2,2_3_0042.jpg",left,61,— Starhenberger 211.,2
"..\He 6481 (2,2_3_0042.jpg",left,61,— de Stelinberg 241.,3
"..\He 6481 (2,2_3_0042.jpg",left,61,— Sultzayner 241.,4
"..\He 6481 (2,2_3_0042.jpg",left,61,— Theoderici d. Czentgrefen 241.,5
"..\He 6481 (2,2_3_0042.jpg",left,61,— Tepolli de Ungarn 241.,6
"..\He 6481 (2,2_3_0042.jpg",left,61,— Tybus de Serme 241.,7
"..\He 6481 (2,2_3_0042.jpg",left,61,— de Tudekeen 118.,8
"..\He 6481 (2,2_3_0042.jpg",left,61,— Ulenbrot 241.,9
"..\He 6481 (2,2_3_0042.jpg",left,61,— de Ulfte 241.,10
"..\He 6481 (2,2_3_0042.jpg",left,61,— Ungelter de Ruitlingen 241 1125.,11
"..\He 6481 (2,2_3_0042.jpg",left,61,— de Varendorpe 236.,12
"..\He 6481 (2,2_3_0042.jpg",left,61,— de Warstein 285.,13
"..\He 6481 (2,2_3_0042.jpg",left,61,— de Wede 228.,14
"..\He 6481 (2,2_3_0042.jpg",left,61,— com. de Wertheim 241 1241.,15
"..\He 6481 (2,2_3_0042.jpg",left,61,— de Wilpe 242.,16
"..\He 6481 (2,2_3_0042.jpg",left,61,— Winchel 16.,17
"..\He 6481 (2,2_3_0042.jpg",left,61,— com. in Wirtenberch (Werdenberg) 112 241 396 671 1016.,18
"..\He 6481 (2,2_3_0042.jpg",left,61,— Witboldi 242.,19
"..\He 6481 (2,2_3_0042.jpg",left,61,— de Czimmer 199.,20
"..\He 6481 (2,2_3_0042.jpg",left,61,— d. Zulle de Nosloch 242.,21
"..\He 6481 (2,2_3_0042.jpg",left,61,Eberlinus [ . . .] 746.,22
"..\He 6481 (2,2_3_0042.jpg",left,61,— de Gzabernia 242.,23
"..\He 6481 (2,2_3_0042.jpg",left,61,Ekallus v. Eskallus.,24
"..\He 6481 (2,2_3_0042.jpg",left,61,"Eckardus (Eckhardus, Echardus, Eghardus) v. E. d. Oldendorp.",25
"..\He 6481 (2,2_3_0042.jpg",left,61,— Belgarden 225 243 498 782.,26
"..\He 6481 (2,2_3_0042.jpg",left,61,— ep. Chiemen. 257.,27
"..\He 6481 (2,2_3_0042.jpg",left,61,— Eckardi de Chienberg 243.,28
"..\He 6481 (2,2_3_0042.jpg",left,61,— de Eldinghe 192 341 616 1023 1024.,29
"..\He 6481 (2,2_3_0042.jpg",left,61,— Fabri de Strawinga 540.,30
"..\He 6481 (2,2_3_0042.jpg",left,61,— van (von) der Weyde 246 1197 1209.,31
"..\He 6481 (2,2_3_0042.jpg",left,61,— Gallici 243.,32
"..\He 6481 (2,2_3_0042.jpg",left,61,— Gorinck de Elsfeldia (Alsfeldia) 90 232 243 607 674 826 1208 1390.,33
"..\He 6481 (2,2_3_0042.jpg",left,61,— Grassow 244.,34
"..\He 6481 (2,2_3_0042.jpg",left,61,— de Grisheim (Griszen) 192 790 977.,35
"..\He 6481 (2,2_3_0042.jpg",left,61,"— de Hanenze, (Hauenze, Havensee) 215 244 245 474 594 949 1023 1024.",36
"..\He 6481 (2,2_3_0042.jpg",left,61,— Langeweie 245.,37
"..\He 6481 (2,2_3_0042.jpg",left,61,— abb. mon. b. Marie e. m. Staden. 1281.,38
"..\He 6481 (2,2_3_0042.jpg",left,61,— Oldendorp 6 245 246 266 407.,39
"..\He 6481 (2,2_3_0042.jpg",left,61,— Ruperti de Slitz 246.,40
"..\He 6481 (2,2_3_0042.jpg",left,61,— Staynberger 246.,41
"..\He 6481 (2,2_3_0042.jpg",left,61,— Stainveld 246 895.,42
"..\He 6481 (2,2_3_0042.jpg",left,61,— Steen 246.,43
"..\He 6481 (2,2_3_0042.jpg",left,61,— Sucawer 463.,44
"..\He 6481 (2,2_3_0042.jpg",left,61,— de Tann 6.,45
"..\He 6481 (2,2_3_0042.jpg",left,61,— Torknecht 246 1209.,46
"..\He 6481 (2,2_3_0042.jpg",left,61,— Weykarstorff 361.,47
"..\He 6481 (2,2_3_0041.jpg",right,60,Eberhardus de Gemiponte 766.,1
"..\He 6481 (2,2_3_0041.jpg",right,60,— de Gich 237.,2
"..\He 6481 (2,2_3_0041.jpg",right,60,"— Golestein (Goltstein, Gottstein) de Bracht 237 745 860 1275.",3
"..\He 6481 (2,2_3_0041.jpg",right,60,— Grone (Grove) 119 237.,4
"..\He 6481 (2,2_3_0041.jpg",right,60,— Wilhelmi de Mulnheim 1206.,5
"..\He 6481 (2,2_3_0041.jpg",right,60,— d. Gunderstorfer 1046.,6
"..\He 6481 (2,2_3_0041.jpg",right,60,— Heylingsteter 555.,7
"..\He 6481 (2,2_3_0041.jpg",right,60,— d. Henkem (Heinken) 238 1425.,8
"..\He 6481 (2,2_3_0041.jpg",right,60,— Henrici de Aureastatera 238.,9
"..\He 6481 (2,2_3_0041.jpg",right,60,— Here 1310.,10
"..\He 6481 (2,2_3_0041.jpg",right,60,— de Heze 238.,11
"..\He 6481 (2,2_3_0041.jpg",right,60,— Huk 1284.,12
"..\He 6481 (2,2_3_0041.jpg",right,60,— Ingesegheler 466.,13
"..\He 6481 (2,2_3_0041.jpg",right,60,— Johannis de Pyng 238.,14
"..\He 6481 (2,2_3_0041.jpg",right,60,— de Yppelborn 1139.,15
"..\He 6481 (2,2_3_0041.jpg",right,60,— Itzinge 1349.,16
"..\He 6481 (2,2_3_0041.jpg",right,60,— comes de Landaw 822.,17
"..\He 6481 (2,2_3_0041.jpg",right,60,— Last 238 909 1201 1207 1349.,18
"..\He 6481 (2,2_3_0041.jpg",right,60,— ep. Lubic. 5 136 821 822.,19
"..\He 6481 (2,2_3_0041.jpg",right,60,— Lupi 1207.,20
"..\He 6481 (2,2_3_0041.jpg",right,60,— dec. Magunt. 1043.,21
"..\He 6481 (2,2_3_0041.jpg",right,60,— Marquardi 238.,22
"..\He 6481 (2,2_3_0041.jpg",right,60,— de Mentzingen 238.,23
"..\He 6481 (2,2_3_0041.jpg",right,60,— de Monasterio 238.,24
"..\He 6481 (2,2_3_0041.jpg",right,60,— abb. mon. Morimundi 239.,25
"..\He 6481 (2,2_3_0041.jpg",right,60,— de Morum 162.,26
"..\He 6481 (2,2_3_0041.jpg",right,60,— de Mulnhofen 576.,27
"..\He 6481 (2,2_3_0041.jpg",right,60,— el. Naturen. 1099.,28
"..\He 6481 (2,2_3_0041.jpg",right,60,— Nuenhauser 171 239 257.,29
"..\He 6481 (2,2_3_0041.jpg",right,60,— Ollegardi 239.,30
"..\He 6481 (2,2_3_0041.jpg",right,60,— Ottonis d. de Clivis 239.,31
"..\He 6481 (2,2_3_0041.jpg",right,60,— dec. eccl. ss. Petri et Michaelis Argent. 172.,32
"..\He 6481 (2,2_3_0041.jpg",right,60,— de Polen 396.,33
"..\He 6481 (2,2_3_0041.jpg",right,60,— Puntrogghe 239 1207.,34
"..\He 6481 (2,2_3_0041.jpg",right,60,— Rasoris de Weyssenburg 1363.,35
"..\He 6481 (2,2_3_0041.jpg",right,60,— de Reys v. E. Arnhem.,36
"..\He 6481 (2,2_3_0041.jpg",right,60,— de Richenberg 239 1388.,37
"..\He 6481 (2,2_3_0041.jpg",right,60,— Rodenweld 240.,38
"..\He 6481 (2,2_3_0041.jpg",right,60,— d. de Rosbach 437.,39
"..\He 6481 (2,2_3_0041.jpg",right,60,— de Rosenberg 287 499.,40
"..\He 6481 (2,2_3_0041.jpg",right,60,— Ruden 1321.,41
"..\He 6481 (2,2_3_0041.jpg",right,60,— Rusze 240.,42
"..\He 6481 (2,2_3_0041.jpg",right,60,— aep. Salzeburg. 952 1207 1286 1290 1338 1341 1349 1350 1387 1416 1429.,43
"..\He 6481 (2,2_3_0041.jpg",right,60,— Sartoris 1230 1271.,44
"..\He 6481 (2,2_3_0041.jpg",right,60,— de Schawenberch 1350.,45
"..\He 6481 (2,2_3_0041.jpg",right,60,— Scoenverde 240 321.,46
"..\He 6481 (2,2_3_0041.jpg",right,60,— ep. Seccov. 1046.,47
"..\He 6481 (2,2_3_0041.jpg",right,60,— (Enhardus) Seghestaf al. d. Unru 6.,48
"..\He 6481 (2,2_3_0041.jpg",right,60,— Sesselman 1350.,49
"..\He 6481 (2,2_3_0041.jpg",right,60,— Sigilliferi 148.,50
"..\He 6481 (2,2_3_0042.jpg",right,62,Eckardus Wigeleibein (Wigeleben) de Molhusen 247 1209.,1
"..\He 6481 (2,2_3_0042.jpg",right,62,— ep. WORMAT. 6 87 127 211 247 395 474 490 537 555 606 621 625 786 810 866 878 884 934 1057 1083 1140 1167 1171 1190 1205 1272 1286 1287.,2
"..\He 6481 (2,2_3_0042.jpg",right,62,Ecbertus v. Egbertus.,3
"..\He 6481 (2,2_3_0042.jpg",right,62,Edmundus Johannis de Erpel 1209.,4
"..\He 6481 (2,2_3_0042.jpg",right,62,Edo Wymmeken 528.,5
"..\He 6481 (2,2_3_0042.jpg",right,62,Eduardus Caraczuolo d. Cassanus 247.,6
"..\He 6481 (2,2_3_0042.jpg",right,62,Egbertus (Ecbertus) Bullich 1350.,7
"..\He 6481 (2,2_3_0042.jpg",right,62,— Kempen 247 288.,8
"..\He 6481 (2,2_3_0042.jpg",right,62,— de Daventria v. E. Johannis.,9
"..\He 6481 (2,2_3_0042.jpg",right,62,— Detmari de Groningen 247.,10
"..\He 6481 (2,2_3_0042.jpg",right,62,— Duzint 247.,11
"..\He 6481 (2,2_3_0042.jpg",right,62,— de Eket 247.,12
"..\He 6481 (2,2_3_0042.jpg",right,62,— Egberti 248.,13
"..\He 6481 (2,2_3_0042.jpg",right,62,— Gerwer 247.,14
"..\He 6481 (2,2_3_0042.jpg",right,62,— Johannis de Daventria 71 248.,15
"..\He 6481 (2,2_3_0042.jpg",right,62,— de Langhelo 248 1350.,16
"..\He 6481 (2,2_3_0042.jpg",right,62,— Moneking 826.,17
"..\He 6481 (2,2_3_0042.jpg",right,62,— Nagel 248.,18
"..\He 6481 (2,2_3_0042.jpg",right,62,— Plumer 222.,19
"..\He 6481 (2,2_3_0042.jpg",right,62,— de Welvede 1243.,20
"..\He 6481 (2,2_3_0042.jpg",right,62,— de Westerhesselen 93.,21
"..\He 6481 (2,2_3_0042.jpg",right,62,Egelo de Neyerode 1209.,22
"..\He 6481 (2,2_3_0042.jpg",right,62,Egelolfus v. Egloffus.,23
"..\He 6481 (2,2_3_0042.jpg",right,62,Eggelingus Fust (Wust) 521 1225.,24
"..\He 6481 (2,2_3_0042.jpg",right,62,Eghardus v. Eckardus.,25
"..\He 6481 (2,2_3_0042.jpg",right,62,Eghilt 221.,26
"..\He 6481 (2,2_3_0042.jpg",right,62,Egidius de Baek (Baecke) 248.,27
"..\He 6481 (2,2_3_0042.jpg",right,62,— Bizehac 248.,28
"..\He 6481 (2,2_3_0042.jpg",right,62,— Britonis 989 990.,29
"..\He 6481 (2,2_3_0042.jpg",right,62,— von den Steen 1258.,30
"..\He 6481 (2,2_3_0042.jpg",right,62,— Gelardi de Tongris 248.,31
"..\He 6481 (2,2_3_0042.jpg",right,62,— de Gerwen 248.,32
"..\He 6481 (2,2_3_0042.jpg",right,62,— Heenvliet 1209.,33
"..\He 6481 (2,2_3_0042.jpg",right,62,— Helfendorfer 598.,34
"..\He 6481 (2,2_3_0042.jpg",right,62,— Hertzebruder 1297.,35
"..\He 6481 (2,2_3_0042.jpg",right,62,— Johannis 249.,36
"..\He 6481 (2,2_3_0042.jpg",right,62,— de Maushalm 782.,37
"..\He 6481 (2,2_3_0042.jpg",right,62,— de Molendreyo 249.,38
"..\He 6481 (2,2_3_0042.jpg",right,62,— Mosebach 249.,39
"..\He 6481 (2,2_3_0042.jpg",right,62,— de Pompono 1112.,40
"..\He 6481 (2,2_3_0042.jpg",right,62,— Pwetznar 1351.,41
"..\He 6481 (2,2_3_0042.jpg",right,62,— Robbini de Vispach 249.,42
"..\He 6481 (2,2_3_0042.jpg",right,62,— Rubeatoris 603.,43
"..\He 6481 (2,2_3_0042.jpg",right,62,— de Sultzberg 249 1209.,44
"..\He 6481 (2,2_3_0042.jpg",right,62,— Willibrordi 1350.,45
"..\He 6481 (2,2_3_0042.jpg",right,62,"Egloffus (Egelolfus, Eglolfus) de Knorringhen (Knoringen) 249 1207 1128.",46
"..\He 6481 (2,2_3_0042.jpg",right,62,— Vogt de Mayenvelt 249.,47
"..\He 6481 (2,2_3_0042.jpg",right,62,— prep. Frising. 992.,48
"..\He 6481 (2,2_3_0043.jpg",right,64,Elizabeth de Hervorst 251.,1
"..\He 6481 (2,2_3_0043.jpg",right,64,— 507 (v. Hermannus Gobelnson).,2
"..\He 6481 (2,2_3_0043.jpg",right,64,— 526 (v. Hertwicus Huchler).,3
"..\He 6481 (2,2_3_0043.jpg",right,64,— 623 (v. Johannes Flaminc).,4
"..\He 6481 (2,2_3_0043.jpg",right,64,— 1258 (v. Johannes zum Gelthus).,5
"..\He 6481 (2,2_3_0043.jpg",right,64,— 251 (v. Johannes Glogaw de Thorun).,6
"..\He 6481 (2,2_3_0043.jpg",right,64,— 681 (v. Johannes baro de Lichtensteyn).,7
"..\He 6481 (2,2_3_0043.jpg",right,64,— 252 (v. Johannes Smert).,8
"..\He 6481 (2,2_3_0043.jpg",right,64,— Hertlini 1396 (v. Johannes Smyt de Schriszen).,9
"..\He 6481 (2,2_3_0043.jpg",right,64,— 1282 (v. Itel Eberhard).,10
"..\He 6481 (2,2_3_0043.jpg",right,64,— de Loen 252.,11
"..\He 6481 (2,2_3_0043.jpg",right,64,— ducis Lotharingie 296 (v. Fredericus burggravius Nurenberg.).,12
"..\He 6481 (2,2_3_0043.jpg",right,64,— de Lubick 252.,13
"..\He 6481 (2,2_3_0043.jpg",right,64,— ducissa Magnipol. 252.,14
"..\He 6481 (2,2_3_0043.jpg",right,64,— priorissa mon. b. Marie in Lemego 514.,15
"..\He 6481 (2,2_3_0043.jpg",right,64,— Michaelis 1261.,16
"..\He 6481 (2,2_3_0043.jpg",right,64,— marchionissa Misn. 252 376.,17
"..\He 6481 (2,2_3_0043.jpg",right,64,— d. Neydekeryn 61.,18
"..\He 6481 (2,2_3_0043.jpg",right,64,— 878 (v. Nicolaus de Byrgil).,19
"..\He 6481 (2,2_3_0043.jpg",right,64,— 252 (v. Nicolaus Koler de Nuremburga).,20
"..\He 6481 (2,2_3_0043.jpg",right,64,— 252 (v. Nicolaus Neumarct).,21
"..\He 6481 (2,2_3_0043.jpg",right,64,— 969 (v. Petrus Begar de Tekendorf).,22
"..\He 6481 (2,2_3_0043.jpg",right,64,— 252 (v. Petrus Parchwitz).,23
"..\He 6481 (2,2_3_0043.jpg",right,64,— de Pollanen 532 (v. Hugo de Heenvliet).,24
"..\He 6481 (2,2_3_0043.jpg",right,64,— Rom. imperatrix 400 409 622.,25
"..\He 6481 (2,2_3_0043.jpg",right,64,— de Saxe 252.,26
"..\He 6481 (2,2_3_0043.jpg",right,64,— 1057 (v. Stephanus de Brauchczycze).,27
"..\He 6481 (2,2_3_0043.jpg",right,64,— de Stella 252.,28
"..\He 6481 (2,2_3_0043.jpg",right,64,— 1073 (v. Theodericus Bernwalt).,29
"..\He 6481 (2,2_3_0043.jpg",right,64,— 1089 (v. Theodericus de Mandeslo).,30
"..\He 6481 (2,2_3_0043.jpg",right,64,— de Tricht 266.,31
"..\He 6481 (2,2_3_0043.jpg",right,64,— 1320 (v. Ulricus Hautzenberger).,32
"..\He 6481 (2,2_3_0043.jpg",right,64,— 1129 (v. Ulricus com. de Lindow).,33
"..\He 6481 (2,2_3_0043.jpg",right,64,— 1132 (v. Ulricus com. de Schawenberg).,34
"..\He 6481 (2,2_3_0043.jpg",right,64,— 1429 (v. Ulricus Zing).,35
"..\He 6481 (2,2_3_0043.jpg",right,64,— regina Ungarie 14.,36
"..\He 6481 (2,2_3_0043.jpg",right,64,— 1159 (v. Wichardus de Rochow).,37
"..\He 6481 (2,2_3_0043.jpg",right,64,— 1163 (v. Wynandus de Arnhem).,38
"..\He 6481 (2,2_3_0043.jpg",right,64,— comitissa de Wirteberg 621.,39
"..\He 6481 (2,2_3_0043.jpg",right,64,— 1173 (v. Wulvelinus Wulfain).,40
"..\He 6481 (2,2_3_0043.jpg",right,64,"Elsa (Else, Elza) 1205 (v. Cuno de Scharpenstein).",41
"..\He 6481 (2,2_3_0043.jpg",right,64,— 448 (v. Henricus de Lanck).,42
"..\He 6481 (2,2_3_0043.jpg",right,64,— de Holseten 871.,43
"..\He 6481 (2,2_3_0040.jpg",right,58,Ditmarus Rytzen 225.,1
"..\He 6481 (2,2_3_0040.jpg",right,58,— Rumphin 1254.,2
"..\He 6481 (2,2_3_0040.jpg",right,58,— Servatii 228.,3
"..\He 6481 (2,2_3_0040.jpg",right,58,— d. Speceter de Reys 228.,4
"..\He 6481 (2,2_3_0040.jpg",right,58,— de Swenche (Swereche) 445 513.,5
"..\He 6481 (2,2_3_0040.jpg",right,58,— Thome de Cassele 318.,6
"..\He 6481 (2,2_3_0040.jpg",right,58,— de Walen 218 226 1065.,7
"..\He 6481 (2,2_3_0040.jpg",right,58,— de Wettere 1101.,8
"..\He 6481 (2,2_3_0040.jpg",right,58,— Zecheinner 1147.,9
"..\He 6481 (2,2_3_0040.jpg",right,58,Ditho d. Rusze 587.,10
"..\He 6481 (2,2_3_0040.jpg",right,58,Ditholfus Zacharie 670.,11
"..\He 6481 (2,2_3_0040.jpg",right,58,Dytwinus v. Dietwinus.,12
"..\He 6481 (2,2_3_0040.jpg",right,58,Dytzo v. Dietzo.,13
"..\He 6481 (2,2_3_0040.jpg",right,58,Dlugomyl 1148 1433.,14
"..\He 6481 (2,2_3_0040.jpg",right,58,Dobeslaus 229.,15
"..\He 6481 (2,2_3_0040.jpg",right,58,— de Boniwo 1296.,16
"..\He 6481 (2,2_3_0040.jpg",right,58,— de Golancza 1067.,17
"..\He 6481 (2,2_3_0040.jpg",right,58,— Morakowski 965.,18
"..\He 6481 (2,2_3_0040.jpg",right,58,— Stampote de Wissnena 542.,19
"..\He 6481 (2,2_3_0040.jpg",right,58,Dobres Waldawer 727.,20
"..\He 6481 (2,2_3_0040.jpg",right,58,"Dobrogostius ep. Poznan., aep. Gnezn. 3 4 5 19 20 24 27 38 223 229 651 763 870 877 910 918 921 931 1004 1148 1157 1165 1295.",21
"..\He 6481 (2,2_3_0040.jpg",right,58,— Sandzyvagii 1039.,22
"..\He 6481 (2,2_3_0040.jpg",right,58,Dodo de Norda 590 894 929 1020.,23
"..\He 6481 (2,2_3_0040.jpg",right,58,Doedardus de Dockinghe 230.,24
"..\He 6481 (2,2_3_0040.jpg",right,58,Doffus Nepi 937.,25
"..\He 6481 (2,2_3_0040.jpg",right,58,— de Spinis 490 500 637.,26
"..\He 6481 (2,2_3_0040.jpg",right,58,Doy nus de Remis 1139.,27
"..\He 6481 (2,2_3_0040.jpg",right,58,Dolaneck Basancke 1434.,28
"..\He 6481 (2,2_3_0040.jpg",right,58,Doldo Beyere 1258.,29
"..\He 6481 (2,2_3_0040.jpg",right,58,— Silberberg 1380.,30
"..\He 6481 (2,2_3_0040.jpg",right,58,Dominicus Advocati 980.,31
"..\He 6481 (2,2_3_0040.jpg",right,58,— de Chrainburga 913 947.,32
"..\He 6481 (2,2_3_0040.jpg",right,58,— Dominici 230.,33
"..\He 6481 (2,2_3_0040.jpg",right,58,— Henrici de Cant 230.,34
"..\He 6481 (2,2_3_0040.jpg",right,58,— Stronichen 230.,35
"..\He 6481 (2,2_3_0040.jpg",right,58,— el. Tiburt. 230.,36
"..\He 6481 (2,2_3_0040.jpg",right,58,— de Tighino 1048.,37
"..\He 6481 (2,2_3_0040.jpg",right,58,Donaldus abb. mon. Scotorum Wienn. Patav. dioc. 230.,38
"..\He 6481 (2,2_3_0040.jpg",right,58,Donatus Thome 230.,39
"..\He 6481 (2,2_3_0040.jpg",right,58,Dorothea 1028 (v. Fridericus Slecht).,40
"..\He 6481 (2,2_3_0040.jpg",right,58,— 429 (v. Henricus Flotzer).,41
"..\He 6481 (2,2_3_0040.jpg",right,58,— Illikhusin 230.,42
"..\He 6481 (2,2_3_0040.jpg",right,58,— 704 (v. Johannes d. Monch).,43
"..\He 6481 (2,2_3_0040.jpg",right,58,— 1028 (v. Ludovicus de Tyerna).,44
"..\He 6481 (2,2_3_0040.jpg",right,58,— 862 (v. Mauritius Waltheri in Spitz).,45
"..\He 6481 (2,2_3_0040.jpg",right,58,— 951 (v. Otto Heyden baro de Donyn).,46
"..\He 6481 (2,2_3_0040.jpg",right,58,— Polnhennerin 230.,47
"..\He 6481 (2,2_3_0040.jpg",right,58,— 1130 (v. Ulricus Nusdorffer).,48
"..\He 6481 (2,2_3_0040.jpg",right,58,— 1169 (v. Wolfgangus Humelfrieder).,49
"..\He 6481 (2,2_3_0044.jpg",left,65,Elsa d. Rinwynn de Sunszheim 1417 (v. Petrus Petri).,1
"..\He 6481 (2,2_3_0044.jpg",left,65,— 1034 (v. Ruthgerus de Vlodorp).,2
"..\He 6481 (2,2_3_0044.jpg",left,65,— de Schonecken 252.,3
"..\He 6481 (2,2_3_0044.jpg",left,65,Elverus de Maghelsen 1350.,4
"..\He 6481 (2,2_3_0044.jpg",left,65,Emko com. de Nassaw 616.,5
"..\He 6481 (2,2_3_0044.jpg",left,65,Emicho (Emiko) 711.,6
"..\He 6481 (2,2_3_0044.jpg",left,65,— Bender v. Emmericus Bender.,7
"..\He 6481 (2,2_3_0044.jpg",left,65,— de Dunen de Lapide 1222.,8
"..\He 6481 (2,2_3_0044.jpg",left,65,— (Eimco) de Lemershusen 56 253.,9
"..\He 6481 (2,2_3_0044.jpg",left,65,— Lower 254.,10
"..\He 6481 (2,2_3_0044.jpg",left,65,— ep. Spiren. 778.,11
"..\He 6481 (2,2_3_0044.jpg",left,65,Emindius Vannis 254.,12
"..\He 6481 (2,2_3_0044.jpg",left,65,Emmericus (Emericus) Bender de superiori Heimbach 252 281 583 753 915.,13
"..\He 6481 (2,2_3_0044.jpg",left,65,— Bischoff de Monster 253.,14
"..\He 6481 (2,2_3_0044.jpg",left,65,— Coloratoris de Bal 253.,15
"..\He 6481 (2,2_3_0044.jpg",left,65,— Conradi de Langonsse 253.,16
"..\He 6481 (2,2_3_0044.jpg",left,65,— de Philo 688.,17
"..\He 6481 (2,2_3_0044.jpg",left,65,— Gotzonis Hont de Freymersheim 253.,18
"..\He 6481 (2,2_3_0044.jpg",left,65,— de Homberg (Hoenberg) 253 305 638 671.,19
"..\He 6481 (2,2_3_0044.jpg",left,65,— de Juliaco 253 1110.,20
"..\He 6481 (2,2_3_0044.jpg",left,65,— de Leyen 226 392.,21
"..\He 6481 (2,2_3_0044.jpg",left,65,— de Ludendorf 254.,22
"..\He 6481 (2,2_3_0044.jpg",left,65,— Mathie de Aquis 324.,23
"..\He 6481 (2,2_3_0044.jpg",left,65,— d. Poymberg (Pomberger) 254 890.,24
"..\He 6481 (2,2_3_0044.jpg",left,65,Engelbertus 322.,25
"..\He 6481 (2,2_3_0044.jpg",left,65,— Budden 356.,26
"..\He 6481 (2,2_3_0044.jpg",left,65,— Kunst 1350.,27
"..\He 6481 (2,2_3_0044.jpg",left,65,— Duvelsik 144 1196.,28
"..\He 6481 (2,2_3_0044.jpg",left,65,— de Eke 406.,29
"..\He 6481 (2,2_3_0044.jpg",left,65,— de Elze 254.,30
"..\He 6481 (2,2_3_0044.jpg",left,65,— de Varnenholte 254.,31
"..\He 6481 (2,2_3_0044.jpg",left,65,— Vredelant 254 1210.,32
"..\He 6481 (2,2_3_0044.jpg",left,65,— de Grauscow 254.,33
"..\He 6481 (2,2_3_0044.jpg",left,65,— Gunteri 283.,34
"..\He 6481 (2,2_3_0044.jpg",left,65,— Hidden 833.,35
"..\He 6481 (2,2_3_0044.jpg",left,65,— Ibingh 254 702 1242.,36
"..\He 6481 (2,2_3_0044.jpg",left,65,— Iburg 702.,37
"..\He 6481 (2,2_3_0044.jpg",left,65,— de Indagine 255 298.,38
"..\He 6481 (2,2_3_0044.jpg",left,65,— com. de Nassovia et dom. de Breda 708 1210.,39
"..\He 6481 (2,2_3_0044.jpg",left,65,— Nyenstad 1210.,40
"..\He 6481 (2,2_3_0044.jpg",left,65,— de Oygen 162.,41
"..\He 6481 (2,2_3_0044.jpg",left,65,— Perrick 255.,42
"..\He 6481 (2,2_3_0044.jpg",left,65,— Rabe 255.,43
"..\He 6481 (2,2_3_0044.jpg",left,65,— de Roma 55.,44
"..\He 6481 (2,2_3_0044.jpg",left,65,— de Saelthusen (Saelhusen) 255 338.,45
"..\He 6481 (2,2_3_0044.jpg",left,65,— Schauff 1420.,46
"..\He 6481 (2,2_3_0044.jpg",left,65,— Smelynck 255.,47
"..\He 6481 (2,2_3_0044.jpg",left,65,— Theoderici de Marka 255.,48
"..\He 6481 (2,2_3_0045.jpg",left,67,Erhardus Geishorn 259.,1
"..\He 6481 (2,2_3_0045.jpg",left,67,— Gluch 259 1211 1351.,2
"..\He 6481 (2,2_3_0045.jpg",left,67,— Holl 259.,3
"..\He 6481 (2,2_3_0045.jpg",left,67,— Johannis de Afflancia 259.,4
"..\He 6481 (2,2_3_0045.jpg",left,67,— Linden 259.,5
"..\He 6481 (2,2_3_0045.jpg",left,67,— Mercatoris 379.,6
"..\He 6481 (2,2_3_0045.jpg",left,67,— archid. in Modestorp in eccl. Verden. v. Eckardus de Oldendorp.,7
"..\He 6481 (2,2_3_0045.jpg",left,67,— Mulnbach 259.,8
"..\He 6481 (2,2_3_0045.jpg",left,67,— Naslos 148 260 1211 1266.,9
"..\He 6481 (2,2_3_0045.jpg",left,67,— Pachmair 1347.,10
"..\He 6481 (2,2_3_0045.jpg",left,67,— Perichtholdi 261.,11
"..\He 6481 (2,2_3_0045.jpg",left,67,"— de Pruckhove (Pumichofen, Prunichofen) 68 261.",12
"..\He 6481 (2,2_3_0045.jpg",left,67,— Rauhenbarter 261 1231 1286.,13
"..\He 6481 (2,2_3_0045.jpg",left,67,— Schierf 315.,14
"..\He 6481 (2,2_3_0045.jpg",left,67,— Schirll (Schirell) de Chemnaten 261 1351.,15
"..\He 6481 (2,2_3_0045.jpg",left,67,— d. Seiler de Etelingen 261 559.,16
"..\He 6481 (2,2_3_0045.jpg",left,67,— Sibner 262.,17
"..\He 6481 (2,2_3_0045.jpg",left,67,— Symonis 262.,18
"..\He 6481 (2,2_3_0045.jpg",left,67,— Sitawer 281.,19
"..\He 6481 (2,2_3_0045.jpg",left,67,— Strawzz 782.,20
"..\He 6481 (2,2_3_0045.jpg",left,67,— v. Ewerleich,21
"..\He 6481 (2,2_3_0045.jpg",left,67,— Tentener 262.,22
"..\He 6481 (2,2_3_0045.jpg",left,67,— de Urba 413.,23
"..\He 6481 (2,2_3_0045.jpg",left,67,— Weichser 262 1347 1392.,24
"..\He 6481 (2,2_3_0045.jpg",left,67,— Wydmer 262.,25
"..\He 6481 (2,2_3_0045.jpg",left,67,— de Vienna 810.,26
"..\He 6481 (2,2_3_0045.jpg",left,67,— Windner 1212.,27
"..\He 6481 (2,2_3_0045.jpg",left,67,Ericus Brengchos 391.,28
"..\He 6481 (2,2_3_0045.jpg",left,67,— Dacie (Svecie et Norwegie) rex 90 122 522 1423.,29
"..\He 6481 (2,2_3_0045.jpg",left,67,— de Esbeke 303 503 1401.,30
"..\He 6481 (2,2_3_0045.jpg",left,67,— Moller 1398.,31
"..\He 6481 (2,2_3_0045.jpg",left,67,— Nitzemplis (de Nytzenplitz) 262 477 1234.,32
"..\He 6481 (2,2_3_0045.jpg",left,67,— Saxonie dux 275.,33
"..\He 6481 (2,2_3_0045.jpg",left,67,— Svecie et Norwegie rex v. E. Dacie rex.,34
"..\He 6481 (2,2_3_0045.jpg",left,67,— Zidelman 263.,35
"..\He 6481 (2,2_3_0045.jpg",left,67,Erlewinus de Dambach 878 931.,36
"..\He 6481 (2,2_3_0045.jpg",left,67,Erloff 221.,37
"..\He 6481 (2,2_3_0045.jpg",left,67,Ermannus v. Hermannus.,38
"..\He 6481 (2,2_3_0045.jpg",left,67,Ermegardis (Ermegard) abba eccl. sec. Quedelingburg. 263 668 1185.,39
"..\He 6481 (2,2_3_0045.jpg",left,67,— 1040 (v. Schellepeper).,40
"..\He 6481 (2,2_3_0045.jpg",left,67,Ernestus (Erenestus) de Amsterdamme 1266.,41
"..\He 6481 (2,2_3_0045.jpg",left,67,— Asekendorf 225.,42
"..\He 6481 (2,2_3_0045.jpg",left,67,— dux Austrie v. E. Leopuldi.,43
"..\He 6481 (2,2_3_0045.jpg",left,67,— Awer 263 1211 1320.,44
"..\He 6481 (2,2_3_0045.jpg",left,67,— Bok 263.,45
"..\He 6481 (2,2_3_0045.jpg",right,68,Ernestus de Brunna 263.,1
"..\He 6481 (2,2_3_0045.jpg",right,68,— Kirchberg 766.,2
"..\He 6481 (2,2_3_0045.jpg",right,68,— Ducis 263.,3
"..\He 6481 (2,2_3_0045.jpg",right,68,— Duvel 87 263.,4
"..\He 6481 (2,2_3_0045.jpg",right,68,— de Essche 328 470.,5
"..\He 6481 (2,2_3_0045.jpg",right,68,"— de Honstein, ep. Halberstad. 60 74 191 263 304 317 398 427 446 447 652 1010 1024 1056.",6
"..\He 6481 (2,2_3_0045.jpg",right,68,— Hoppen 459 473.,7
"..\He 6481 (2,2_3_0045.jpg",right,68,— Leopuldi dux Austrie 264 843 1211 1225.,8
"..\He 6481 (2,2_3_0045.jpg",right,68,— Perchuser 281.,9
"..\He 6481 (2,2_3_0045.jpg",right,68,— Pet 467.,10
"..\He 6481 (2,2_3_0045.jpg",right,68,— Sprogelhube 1086.,11
"..\He 6481 (2,2_3_0045.jpg",right,68,— Tather 1286.,12
"..\He 6481 (2,2_3_0045.jpg",right,68,Ernfridus v. Erenfridus.,13
"..\He 6481 (2,2_3_0045.jpg",right,68,Ernolphus de Ronponcel v. Arnoldus de R.,14
"..\He 6481 (2,2_3_0045.jpg",right,68,Erpo (Erbo) Vrydag (Vrydach) 331 1038.,15
"..\He 6481 (2,2_3_0045.jpg",right,68,— Loeselin 554.,16
"..\He 6481 (2,2_3_0045.jpg",right,68,— de Lüneborg 807 949 1093.,17
"..\He 6481 (2,2_3_0045.jpg",right,68,Erwinus Gotfridi de Capellen 264.,18
"..\He 6481 (2,2_3_0045.jpg",right,68,— Hartrad 1309.,19
"..\He 6481 (2,2_3_0045.jpg",right,68,— Wyszeler 265.,20
"..\He 6481 (2,2_3_0045.jpg",right,68,Eskallus (Ekallus) ep. Ripen. 6 265.,21
"..\He 6481 (2,2_3_0045.jpg",right,68,Eshernus Takonis 265.,22
"..\He 6481 (2,2_3_0045.jpg",right,68,Euba 1087 (v. Theodericus Lanchals).,23
"..\He 6481 (2,2_3_0045.jpg",right,68,Eusebius de Mediolano 3.,24
"..\He 6481 (2,2_3_0045.jpg",right,68,Ewaldus abb. mon. in Reynharsborn 1351.,25
"..\He 6481 (2,2_3_0045.jpg",right,68,— Toppelris 1211.,26
"..\He 6481 (2,2_3_0045.jpg",right,68,Ewerko d. Papa 265.,27
"..\He 6481 (2,2_3_0045.jpg",right,68,Everhardus v. Eberhardus.,28
"..\He 6481 (2,2_3_0045.jpg",right,68,Ewerwinus Murhaer 256.,29
"..\He 6481 (2,2_3_0045.jpg",right,68,Fedderus Hartinges 1212.,30
"..\He 6481 (2,2_3_0045.jpg",right,68,Felix Graciani 81 265.,31
"..\He 6481 (2,2_3_0045.jpg",right,68,— Letz 1212.,32
"..\He 6481 (2,2_3_0045.jpg",right,68,Fenlus Piscatellus (Piscitellus) 266 813.,33
"..\He 6481 (2,2_3_0045.jpg",right,68,Feusa de Tricht 266.,34
"..\He 6481 (2,2_3_0045.jpg",right,68,Vicco Below 329.,35
"..\He 6481 (2,2_3_0045.jpg",right,68,— Tesnitze 1281.,36
"..\He 6481 (2,2_3_0045.jpg",right,68,Philippus 120.,37
"..\He 6481 (2,2_3_0045.jpg",right,68,— 213.,38
"..\He 6481 (2,2_3_0045.jpg",right,68,— 963.,39
"..\He 6481 (2,2_3_0045.jpg",right,68,— v. Ph. de Helpe.,40
"..\He 6481 (2,2_3_0045.jpg",right,68,— Afterding 266.,41
"..\He 6481 (2,2_3_0045.jpg",right,68,"— de Alenconio, Ostien. ep. card. 22 67 68 75 89 115 117 122 149 154 158 164 166 215 267 268 276 279",42
"..\He 6481 (2,2_3_0043.jpg",left,63,Egonus de Kyburg 250.,1
"..\He 6481 (2,2_3_0043.jpg",left,63,Eybeka 323 (v. Gerardus Hoken).,2
"..\He 6481 (2,2_3_0043.jpg",left,63,Eylhardus (Eylardus) de Dotzem 222.,3
"..\He 6481 (2,2_3_0043.jpg",left,63,— Rambouwen 250.,4
"..\He 6481 (2,2_3_0043.jpg",left,63,— Schonevelt 250 686.,5
"..\He 6481 (2,2_3_0043.jpg",left,63,Eynolſus de Geysmaria 250.,6
"..\He 6481 (2,2_3_0043.jpg",left,63,Elbertus Everardi de Eyle 251.,7
"..\He 6481 (2,2_3_0043.jpg",left,63,Elchin Udemanni de Leybersheim 1374.,8
"..\He 6481 (2,2_3_0043.jpg",left,63,Elgerus Johannis de Tuicio 116 251 276 324 480 952.,9
"..\He 6481 (2,2_3_0043.jpg",left,63,— d. magister nautarum in Tuicio 863.,10
"..\He 6481 (2,2_3_0043.jpg",left,63,Elya Vandensande 1118.,11
"..\He 6481 (2,2_3_0043.jpg",left,63,Eliche 1280 (v. Johannes de Winheim).,12
"..\He 6481 (2,2_3_0043.jpg",left,63,Elisa Goltbergin 920.,13
"..\He 6481 (2,2_3_0043.jpg",left,63,"Elizabeth (Elicabeth, Elisabeth, Helizabeth) 39.",14
"..\He 6481 (2,2_3_0043.jpg",left,63,— de Aernemuden 251.,15
"..\He 6481 (2,2_3_0043.jpg",left,63,— 53 (v. Albertus Nolkenstorfer de Chiawczen).,16
"..\He 6481 (2,2_3_0043.jpg",left,63,— Alstini 919 (v. Nicolaus Petri).,17
"..\He 6481 (2,2_3_0043.jpg",left,63,— de Ascheberghe 251.,18
"..\He 6481 (2,2_3_0043.jpg",left,63,— ducissa Bavarie 275 (v. Henricus dux Bavarie).,19
"..\He 6481 (2,2_3_0043.jpg",left,63,"— ducissa Bavarie, regina 252 1029 (v. Rupertus iun. dux Bavarie, rex).",20
"..\He 6481 (2,2_3_0043.jpg",left,63,— 142 (v. Borro de Heemsteden).,21
"..\He 6481 (2,2_3_0043.jpg",left,63,— 251 (v. Conradus Knupyn).,22
"..\He 6481 (2,2_3_0043.jpg",left,63,— 782 (v. Conradus Span).,23
"..\He 6481 (2,2_3_0043.jpg",left,63,— comitissa in Crayborch 142.,24
"..\He 6481 (2,2_3_0043.jpg",left,63,— de Dyenethoven al. d. Keslerin 200.,25
"..\He 6481 (2,2_3_0043.jpg",left,63,— de Dorstat 251.,26
"..\He 6481 (2,2_3_0043.jpg",left,63,— 1209 (v. Egelo de Neyerode).,27
"..\He 6481 (2,2_3_0043.jpg",left,63,— d. Vertingin 1210.,28
"..\He 6481 (2,2_3_0043.jpg",left,63,— 1212 (v. Philippus dom. de Falkensteyn et Mintzenberg).,29
"..\He 6481 (2,2_3_0043.jpg",left,63,— priorissa mon. s. Viti in Tzeveren 1371.,30
"..\He 6481 (2,2_3_0043.jpg",left,63,— 271 (v. Florentius de Altmade).,31
"..\He 6481 (2,2_3_0043.jpg",left,63,— de Forichem 205 (v. Conradus de Tetaw).,32
"..\He 6481 (2,2_3_0043.jpg",left,63,— 298 (v. Fredericus Pirkheimer).,33
"..\He 6481 (2,2_3_0043.jpg",left,63,— 303 (v. Fredericus baro de Stubenberg).,34
"..\He 6481 (2,2_3_0043.jpg",left,63,— 316 (v. Georius Scharchel).,35
"..\He 6481 (2,2_3_0043.jpg",left,63,— 251 (v. Gerhardus Roitstock).,36
"..\He 6481 (2,2_3_0043.jpg",left,63,— 346 (v. Goswinus Stecken).,37
"..\He 6481 (2,2_3_0043.jpg",left,63,— 384 (v. Gunterus Muntzemeister).,38
"..\He 6481 (2,2_3_0043.jpg",left,63,— 251 (v. Hanco de Goslowitz).,39
"..\He 6481 (2,2_3_0043.jpg",left,63,— 417 (v. Henricus de Kraghe).,40
"..\He 6481 (2,2_3_0043.jpg",left,63,— 424 (v. Henricus Echard).,41
"..\He 6481 (2,2_3_0043.jpg",left,63,— 1350 (v. Henricus de Palatio).,42
"..\He 6481 (2,2_3_0043.jpg",left,63,— 1309 (v. Henricus Perinker de Colmanach).,43
"..\He 6481 (2,2_3_0039.jpg",right,56,Daniel Bellekyn 1412.,1
"..\He 6481 (2,2_3_0039.jpg",right,56,— van Berghe 220.,2
"..\He 6481 (2,2_3_0039.jpg",right,56,— Boen 220 773.,3
"..\He 6481 (2,2_3_0039.jpg",right,56,— de Bossis 220.,4
"..\He 6481 (2,2_3_0039.jpg",right,56,— de Legenitz 1296.,5
"..\He 6481 (2,2_3_0039.jpg",right,56,— Rapport 1206.,6
"..\He 6481 (2,2_3_0039.jpg",right,56,— Spade 134.,7
"..\He 6481 (2,2_3_0039.jpg",right,56,— Zal de Schenze 220.,8
"..\He 6481 (2,2_3_0039.jpg",right,56,Dancquardus v. Danchardus.,9
"..\He 6481 (2,2_3_0039.jpg",right,56,David de Libenstat 222.,10
"..\He 6481 (2,2_3_0039.jpg",right,56,— de Righa 398.,11
"..\He 6481 (2,2_3_0039.jpg",right,56,— Rochhinge 222.,12
"..\He 6481 (2,2_3_0039.jpg",right,56,Davinus de Paganis 789.,13
"..\He 6481 (2,2_3_0039.jpg",right,56,Deghenhardus (Dhenardus) de Deven (Denen) 222 524 1209 1247.,14
"..\He 6481 (2,2_3_0039.jpg",right,56,— Holle 407.,15
"..\He 6481 (2,2_3_0039.jpg",right,56,— Locorum 833.,16
"..\He 6481 (2,2_3_0039.jpg",right,56,— Willer 223 1209.,17
"..\He 6481 (2,2_3_0039.jpg",right,56,Deytmarus v. Ditmarus.,18
"..\He 6481 (2,2_3_0039.jpg",right,56,Delleke 740 (v. Johannes Rokelosen).,19
"..\He 6481 (2,2_3_0039.jpg",right,56,Demudis d. Rutin de Wingersheim 223.,20
"..\He 6481 (2,2_3_0039.jpg",right,56,Denia Wissonis 539 (v. Jacobus Wilhelmi).,21
"..\He 6481 (2,2_3_0039.jpg",right,56,Derico Ludolfi de Stralen 223.,22
"..\He 6481 (2,2_3_0039.jpg",right,56,Derslaus (Dirslaus) Blisborii (Blisibo) 223 961.,23
"..\He 6481 (2,2_3_0039.jpg",right,56,— Miscislai 1206.,24
"..\He 6481 (2,2_3_0039.jpg",right,56,— Nicolai de Lunow 223.,25
"..\He 6481 (2,2_3_0039.jpg",right,56,— Stanislai de Pomorzam 881.,26
"..\He 6481 (2,2_3_0039.jpg",right,56,— Wischota 223.,27
"..\He 6481 (2,2_3_0039.jpg",right,56,Detekinus Lamberti 363.,28
"..\He 6481 (2,2_3_0039.jpg",right,56,Dethardus Kulinck 225.,29
"..\He 6481 (2,2_3_0039.jpg",right,56,— de Doren 899.,30
"..\He 6481 (2,2_3_0039.jpg",right,56,— de Letelen 163.,31
"..\He 6481 (2,2_3_0039.jpg",right,56,— Lubbekeu al. d. Stotevalke 225.,32
"..\He 6481 (2,2_3_0039.jpg",right,56,— Schaden 1349.,33
"..\He 6481 (2,2_3_0039.jpg",right,56,— Slorff 640.,34
"..\He 6481 (2,2_3_0039.jpg",right,56,Detharus de Metelen 785.,35
"..\He 6481 (2,2_3_0039.jpg",right,56,Dethernus Heuenstijt 225.,36
"..\He 6481 (2,2_3_0039.jpg",right,56,Detlevus (Ditlevus) de Einbeke 12.,37
"..\He 6481 (2,2_3_0039.jpg",right,56,— Oldenborch 224.,38
"..\He 6481 (2,2_3_0039.jpg",right,56,"— de Parkentin, ep. Razeburg. 224 275 327 581 582 740 921 1008 1009 1106 1253 1398.",39
"..\He 6481 (2,2_3_0039.jpg",right,56,Detmarus v. Ditmarus.,40
"..\He 6481 (2,2_3_0039.jpg",right,56,Dieboldus Wilhelmi de Mulnheim 1206.,41
"..\He 6481 (2,2_3_0039.jpg",right,56,Diemud abba mon. in Numburg Salzeburg. dioc. 842.,42
"..\He 6481 (2,2_3_0039.jpg",right,56,Dyemuetc 70 (v. Andreas Gruener).,43
"..\He 6481 (2,2_3_0039.jpg",right,56,Dyepoldus de Bernhortitz 67 141 226 852 893 1306.,44
"..\He 6481 (2,2_3_0039.jpg",right,56,Diethelmus Snelli al. de Gerwil 226.,45
"..\He 6481 (2,2_3_0039.jpg",right,56,"Dyethericus, Dieterus v. Theodericus.",46
"..\He 6481 (2,2_3_0046.jpg",right,70,Philippus de Stortzkop 378.,1
"..\He 6481 (2,2_3_0046.jpg",right,70,— Stumpf 1212.,2
"..\He 6481 (2,2_3_0046.jpg",right,70,— archid. Uzman. in eccl. Camin. 1173.,3
"..\He 6481 (2,2_3_0046.jpg",right,70,— de Wassenaer burgravius de Leyden 268 270.,4
"..\He 6481 (2,2_3_0046.jpg",right,70,— d. Wilhelmstorf 604 955.,5
"..\He 6481 (2,2_3_0046.jpg",right,70,— Vitrici de Amstern 1212.,6
"..\He 6481 (2,2_3_0046.jpg",right,70,— de Zeletaw (Zeltaw) 564 1250.,7
"..\He 6481 (2,2_3_0046.jpg",right,70,Phylo Kremer 700.,8
"..\He 6481 (2,2_3_0046.jpg",right,70,Fymma 1364 (v. Nicolaus Schepetlunstrala de Kokitz).,9
"..\He 6481 (2,2_3_0046.jpg",right,70,Vitus Kirchenknoph 937.,10
"..\He 6481 (2,2_3_0046.jpg",right,70,— de Radmansdorff 841.,11
"..\He 6481 (2,2_3_0046.jpg",right,70,— de Schonenburg 58.,12
"..\He 6481 (2,2_3_0046.jpg",right,70,— Smither 271.,13
"..\He 6481 (2,2_3_0046.jpg",right,70,— de Czeruczicz 28.,14
"..\He 6481 (2,2_3_0046.jpg",right,70,Flora 1080 (v. Thiedericus Knebel).,15
"..\He 6481 (2,2_3_0046.jpg",right,70,Florentinus de Renen (Reven) 271 1101.,16
"..\He 6481 (2,2_3_0046.jpg",right,70,Florentius de Altmade 271.,17
"..\He 6481 (2,2_3_0046.jpg",right,70,— de Barsilia 271.,18
"..\He 6481 (2,2_3_0046.jpg",right,70,— Fabri de Antshoven 271.,19
"..\He 6481 (2,2_3_0046.jpg",right,70,— baro de Hamstede 271.,20
"..\He 6481 (2,2_3_0046.jpg",right,70,"— ep. Monast., ep. Traiect. 7 27 90 121 238 250 271 283 321 336 428 431 508 511 793 819 825 827 1056 1136 1164 1166 1174 1214 1303.",21
"..\He 6481 (2,2_3_0046.jpg",right,70,— Radewini 329 467.,22
"..\He 6481 (2,2_3_0046.jpg",right,70,— ep. Traiect. v. F. ep. Monast.,23
"..\He 6481 (2,2_3_0046.jpg",right,70,— de Zoelen 271 543 1212 1278 1326.,24
"..\He 6481 (2,2_3_0046.jpg",right,70,Florianus Cristophori de Pettovia 272.,25
"..\He 6481 (2,2_3_0046.jpg",right,70,— can. Poznan. 636.,26
"..\He 6481 (2,2_3_0046.jpg",right,70,— abb. mon. in Czerwenske 229.,27
"..\He 6481 (2,2_3_0046.jpg",right,70,Florikinus Kracht 1189.,28
"..\He 6481 (2,2_3_0046.jpg",right,70,Florius de Eno 7.,29
"..\He 6481 (2,2_3_0046.jpg",right,70,Voigelus d. Frosch 887.,30
"..\He 6481 (2,2_3_0046.jpg",right,70,Folkerus (Volkerus) de Ellentz 272.,31
"..\He 6481 (2,2_3_0046.jpg",right,70,— de Framker 848.,32
"..\He 6481 (2,2_3_0046.jpg",right,70,— Johannis de Lichtenberg 272.,33
"..\He 6481 (2,2_3_0046.jpg",right,70,— de Yserey (Iseren) 804 1067.,34
"..\He 6481 (2,2_3_0046.jpg",right,70,Volkmarus v. Volmarus.,35
"..\He 6481 (2,2_3_0046.jpg",right,70,Volko Haffelin 197.,36
"..\He 6481 (2,2_3_0046.jpg",right,70,"Volmarus (Volkmarus, Wolmarus) 1166.",37
"..\He 6481 (2,2_3_0046.jpg",right,70,— de Brinken 409.,38
"..\He 6481 (2,2_3_0046.jpg",right,70,— de Dijke 328.,39
"..\He 6481 (2,2_3_0046.jpg",right,70,— Volmari com. de Parvapetra v. V. de Lutzelstein.,40
"..\He 6481 (2,2_3_0046.jpg",right,70,— Vurschubte 273.,41
"..\He 6481 (2,2_3_0046.jpg",right,70,— Hafekesford (Woldmarus de Hasekofferden) 737 1145 1168.,42
"..\He 6481 (2,2_3_0046.jpg",right,70,— de Heymborch 273.,43
"..\He 6481 (2,2_3_0046.jpg",right,70,— Isenhower 1212 1303.,44
"..\He 6481 (2,2_3_0044.jpg",right,66,Engelbertus de Thonen 255.,1
"..\He 6481 (2,2_3_0044.jpg",right,66,— de Traiecto 255.,2
"..\He 6481 (2,2_3_0044.jpg",right,66,— de Wardeslo 255.,3
"..\He 6481 (2,2_3_0044.jpg",right,66,— Wuken 255.,4
"..\He 6481 (2,2_3_0044.jpg",right,66,Engelhardus (Enghilardus) 728.,5
"..\He 6481 (2,2_3_0044.jpg",right,66,— de Bachenstein 256 1351 1360.,6
"..\He 6481 (2,2_3_0044.jpg",right,66,— Kungk 1210.,7
"..\He 6481 (2,2_3_0044.jpg",right,66,— de Eberstein 256 996.,8
"..\He 6481 (2,2_3_0044.jpg",right,66,— Engelhardi al. d. Scheper 1403.,9
"..\He 6481 (2,2_3_0044.jpg",right,66,— de Nidecke (Nydeck) 106 303.,10
"..\He 6481 (2,2_3_0044.jpg",right,66,— Petri Arno[l]di 256.,11
"..\He 6481 (2,2_3_0044.jpg",right,66,— abb. mon. in Richenbach 256.,12
"..\He 6481 (2,2_3_0044.jpg",right,66,— Wanbolt 1118.,13
"..\He 6481 (2,2_3_0044.jpg",right,66,— de Wolfsteyn 453.,14
"..\He 6481 (2,2_3_0044.jpg",right,66,— com. de Czigenhayn 684.,15
"..\He 6481 (2,2_3_0044.jpg",right,66,Engelinus Eghart de Brilon 257 534 1030.,16
"..\He 6481 (2,2_3_0044.jpg",right,66,Engelmannus de Heymbach 1256.,17
"..\He 6481 (2,2_3_0044.jpg",right,66,Engelmarus 241.,18
"..\He 6481 (2,2_3_0044.jpg",right,66,"— (Enghelmanius) Kral de Herenperg, ep. Chiemen. 257 754 893 1249 1349.",19
"..\He 6481 (2,2_3_0044.jpg",right,66,— Ortolfi de Lantzhut 257 796.,20
"..\He 6481 (2,2_3_0044.jpg",right,66,— offic. Salzeburg. (E. Kral ?) 107.,21
"..\He 6481 (2,2_3_0044.jpg",right,66,Enricus v. Henricus.,22
"..\He 6481 (2,2_3_0044.jpg",right,66,Erasmus 1297.,23
"..\He 6481 (2,2_3_0044.jpg",right,66,— Drusselchint (Drussekind) 411 1045.,24
"..\He 6481 (2,2_3_0044.jpg",right,66,— de Heselwang 178.,25
"..\He 6481 (2,2_3_0044.jpg",right,66,— Johannis de Sweeia 1351.,26
"..\He 6481 (2,2_3_0044.jpg",right,66,— Pwetznar 1351.,27
"..\He 6481 (2,2_3_0044.jpg",right,66,— Unchofer 257.,28
"..\He 6481 (2,2_3_0044.jpg",right,66,Erbo v. Erpo.,29
"..\He 6481 (2,2_3_0044.jpg",right,66,Erkengerus abb. mon. in Kamberg 264 1139.,30
"..\He 6481 (2,2_3_0044.jpg",right,66,Erchingerus de Frankenstein 257.,31
"..\He 6481 (2,2_3_0044.jpg",right,66,Erenfridus (Ernfridus) de Mosin 911.,32
"..\He 6481 (2,2_3_0044.jpg",right,66,— abb. mon. S. Nicolai in Kamberg 264 381.,33
"..\He 6481 (2,2_3_0044.jpg",right,66,— de Seckendorf 1210.,34
"..\He 6481 (2,2_3_0044.jpg",right,66,Erhardus (Erardus) de Argentina 258.,35
"..\He 6481 (2,2_3_0044.jpg",right,66,— de Breydenbach 183 258.,36
"..\He 6481 (2,2_3_0044.jpg",right,66,— de Burius 258.,37
"..\He 6481 (2,2_3_0044.jpg",right,66,— de Kageneske 258 423 580 880 887 1070.,38
"..\He 6481 (2,2_3_0044.jpg",right,66,— Camerer 258 1210 1307.,39
"..\He 6481 (2,2_3_0044.jpg",right,66,— Cancellarii 258 292 1134.,40
"..\He 6481 (2,2_3_0044.jpg",right,66,— Channer v. Camerer,41
"..\He 6481 (2,2_3_0044.jpg",right,66,— de Chatzenellenpogen 923.,42
"..\He 6481 (2,2_3_0044.jpg",right,66,— Kiseler 54.,43
"..\He 6481 (2,2_3_0044.jpg",right,66,— abb. mon. in Cruitzlingen 258.,44
"..\He 6481 (2,2_3_0044.jpg",right,66,— Ewerleich 259 262.,45
"..\He 6481 (2,2_3_0044.jpg",right,66,— Figellatoris al. d. Eisenhiitel 1261.,46
"..\He 6481 (2,2_3_0044.jpg",right,66,— Fuchs de Monteferrio 915.,47
"..\He 6481 (2,2_3_0044.jpg",right,66,— Geyszheim 1210.,48
"..\He 6481 (2,2_3_0047.jpg",right,72,Franciscus Libing 901.,1
"..\He 6481 (2,2_3_0047.jpg",right,72,— abb. mon. s. Marie in Valle Josaphat prope Arnhem 278.,2
"..\He 6481 (2,2_3_0047.jpg",right,72,— de Medicis de Florentia 15 23.,3
"..\He 6481 (2,2_3_0047.jpg",right,72,— de Mercatello 1102.,4
"..\He 6481 (2,2_3_0047.jpg",right,72,— abb. mon. in Mileps 1306.,5
"..\He 6481 (2,2_3_0047.jpg",right,72,— de Montepolitiano 1213 1278 1326 1327 1344 1352 1367.,6
"..\He 6481 (2,2_3_0047.jpg",right,72,— Murer 457.,7
"..\He 6481 (2,2_3_0047.jpg",right,72,— de Novoforo 764.,8
"..\He 6481 (2,2_3_0047.jpg",right,72,— can. Olomuc. 1146.,9
"..\He 6481 (2,2_3_0047.jpg",right,72,— Penestrin. ep. card. 62 82 117 120 216 260 269 278 309 366 401 420 473 487 553 572 614 647 771 932 962 982 1074 1151.,10
"..\He 6481 (2,2_3_0047.jpg",right,72,— Petri 278.,11
"..\He 6481 (2,2_3_0047.jpg",right,72,"— Pirignano, princeps Capue 13.",12
"..\He 6481 (2,2_3_0047.jpg",right,72,— tit. s. Praxedis presb. card. 278.,13
"..\He 6481 (2,2_3_0047.jpg",right,72,— Preysinger 550.,14
"..\He 6481 (2,2_3_0047.jpg",right,72,— Sabin. ep. card. v. F. tit. s. Susannae.,15
"..\He 6481 (2,2_3_0047.jpg",right,72,— tit. s. Sabine presb. card. 17.,16
"..\He 6481 (2,2_3_0047.jpg",right,72,— Sac 278.,17
"..\He 6481 (2,2_3_0047.jpg",right,72,— de Sanctoseverino 278.,18
"..\He 6481 (2,2_3_0047.jpg",right,72,— Symonis v. F. Johannis Simonis.,19
"..\He 6481 (2,2_3_0047.jpg",right,72,"— tit. s. Susanne presb. card., Sabin. ep. card. 39 41 115 179 221 239 246 278 320 355 403 477 505 729 758 863 961 964 983 1124 1248 1333 1409.",20
"..\He 6481 (2,2_3_0047.jpg",right,72,— Tanhuser 280 679.,21
"..\He 6481 (2,2_3_0047.jpg",right,72,— Therici Malperti de s. Medardo 593.,22
"..\He 6481 (2,2_3_0047.jpg",right,72,— de Teza 281.,23
"..\He 6481 (2,2_3_0047.jpg",right,72,— Weynrich de Altzenaw 281.,24
"..\He 6481 (2,2_3_0047.jpg",right,72,— abb. mon. s. Vincentii e. m. Wratislav. 790.,25
"..\He 6481 (2,2_3_0047.jpg",right,72,— Wraysinger 1117.,26
"..\He 6481 (2,2_3_0047.jpg",right,72,— Wrisi 1039.,27
"..\He 6481 (2,2_3_0047.jpg",right,72,"— de Wusen, ep. Callipol. 281.",28
"..\He 6481 (2,2_3_0047.jpg",right,72,Franko (Francko) d. Kyper v. F. d. Kuyper.,29
"..\He 6481 (2,2_3_0047.jpg",right,72,— de Cotzhusen 1156.,30
"..\He 6481 (2,2_3_0047.jpg",right,72,— de Cronenberg 1030.,31
"..\He 6481 (2,2_3_0047.jpg",right,72,— d. Kuyper 281 445.,32
"..\He 6481 (2,2_3_0047.jpg",right,72,— de Deem 281.,33
"..\He 6481 (2,2_3_0047.jpg",right,72,— Gerardi 1214.,34
"..\He 6481 (2,2_3_0047.jpg",right,72,— de Hartenfels 890.,35
"..\He 6481 (2,2_3_0047.jpg",right,72,— Heymels 281.,36
"..\He 6481 (2,2_3_0047.jpg",right,72,— Hoefflegher 1352.,37
"..\He 6481 (2,2_3_0047.jpg",right,72,— Hombach 1352.,38
"..\He 6481 (2,2_3_0047.jpg",right,72,— de Horn 1340.,39
"..\He 6481 (2,2_3_0047.jpg",right,72,— de Ingen 281.,40
"..\He 6481 (2,2_3_0047.jpg",right,72,— Luderinghe 282.,41
"..\He 6481 (2,2_3_0048.jpg",right,74,Fredericus de Kirchberg 371.,1
"..\He 6481 (2,2_3_0048.jpg",right,74,— Kytzendorff 286.,2
"..\He 6481 (2,2_3_0048.jpg",right,74,— de Cleberch 445 513.,3
"..\He 6481 (2,2_3_0048.jpg",right,74,— d. Clusener 568.,4
"..\He 6481 (2,2_3_0048.jpg",right,74,— Knouf 286.,5
"..\He 6481 (2,2_3_0048.jpg",right,74,— de Kobirssin 1214.,6
"..\He 6481 (2,2_3_0048.jpg",right,74,— Kolmatz 1263.,7
"..\He 6481 (2,2_3_0048.jpg",right,74,— aep. Colon. 5 7 43 76 77 101 102 112 152 187 197 204 215 231 236 237 269 286 321 326 332 334 339 340 342 346 351 365 368 370 380 410 434 454 484 485 501 519 556 565 574 575 587 596 638 657 677 680 712 728 729 749 755 774 803 952 986 1019 1036 1066 1067 1083 1103 1109 1112 1156 1157 1191 1205 1214 1224 1231 1242 1247 1271 1272 1304 1308 1316 1358 1385 1386 1406.,8
"..\He 6481 (2,2_3_0048.jpg",right,74,— abb. mon. Colon. dioc. 7.,9
"..\He 6481 (2,2_3_0048.jpg",right,74,— Conradi com. de Nellenburg 47.,10
"..\He 6481 (2,2_3_0048.jpg",right,74,— Cortenacke 287 418 587 827.,11
"..\He 6481 (2,2_3_0048.jpg",right,74,— Chraft 287.,12
"..\He 6481 (2,2_3_0048.jpg",right,74,— Crebs 287.,13
"..\He 6481 (2,2_3_0048.jpg",right,74,— Kuler 287.,14
"..\He 6481 (2,2_3_0048.jpg",right,74,— de Damme 287 331.,15
"..\He 6481 (2,2_3_0048.jpg",right,74,— Deys de Wunnenberg 48 234 256 287 312 334 376 401 433 439 442 443 495 565 594 610 623 640 667 837 973 1162 1207 1214 1230 1243 1309 1340 1352.,16
"..\He 6481 (2,2_3_0048.jpg",right,74,— Donyn 288.,17
"..\He 6481 (2,2_3_0048.jpg",right,74,— de Doven 488.,18
"..\He 6481 (2,2_3_0048.jpg",right,74,— de Dryborgh 288.,19
"..\He 6481 (2,2_3_0048.jpg",right,74,— Drugsetz 131.,20
"..\He 6481 (2,2_3_0048.jpg",right,74,— de Duren 288.,21
"..\He 6481 (2,2_3_0048.jpg",right,74,— Eberhardi de Gemmingen 1214.,22
"..\He 6481 (2,2_3_0048.jpg",right,74,— de Echstet v. F. de Eystet.,23
"..\He 6481 (2,2_3_0048.jpg",right,74,— Eyseuhiut 668.,24
"..\He 6481 (2,2_3_0048.jpg",right,74,— de Eysteden 1213.,25
"..\He 6481 (2,2_3_0048.jpg",right,74,— de Eystet 289 310.,26
"..\He 6481 (2,2_3_0048.jpg",right,74,— ep. Eystet. 7 289 426 453 564 623 727 1130 1215 1307 1319 1321 1397 1422.,27
"..\He 6481 (2,2_3_0048.jpg",right,74,— de Elrbach 289.,28
"..\He 6481 (2,2_3_0048.jpg",right,74,— abb. mon. s. Emerammi 7 289.,29
"..\He 6481 (2,2_3_0048.jpg",right,74,— Erb 1215.,30
"..\He 6481 (2,2_3_0048.jpg",right,74,— Erici al. Wantsleve 289 304 1248.,31
"..\He 6481 (2,2_3_0048.jpg",right,74,— Fabri 17 1218.,32
"..\He 6481 (2,2_3_0048.jpg",right,74,— Vandenbove 289.,33
"..\He 6481 (2,2_3_0048.jpg",right,74,— van der Pernow 436.,34
"..\He 6481 (2,2_3_0048.jpg",right,74,— Velprecher 1352.,35
"..\He 6481 (2,2_3_0048.jpg",right,74,— Vinder 289.,36
"..\He 6481 (2,2_3_0048.jpg",right,74,— de Flednitz 289.,37
"..\He 6481 (2,2_3_0046.jpg",left,69,326 327 328 337 365 369 435 456 486 503 532 534 538 558 587 647 651 653 669 698 781 783 795 804 831 977 994 1003 1024 1043 1077 1088 1150.,1
"..\He 6481 (2,2_3_0046.jpg",left,69,Philippus de Anaso v. Ph. Philippi.,2
"..\He 6481 (2,2_3_0046.jpg",left,69,— Arnesti 267.,3
"..\He 6481 (2,2_3_0046.jpg",left,69,— Barilis 69 267 365 493 509 549 658 732 809 1010.,4
"..\He 6481 (2,2_3_0046.jpg",left,69,— de Bernardis 267 828.,5
"..\He 6481 (2,2_3_0046.jpg",left,69,— de Katerbece 343.,6
"..\He 6481 (2,2_3_0046.jpg",left,69,— Corario 1336.,7
"..\He 6481 (2,2_3_0046.jpg",left,69,— Ebertzon 1212.,8
"..\He 6481 (2,2_3_0046.jpg",left,69,— de Eeltz 458.,9
"..\He 6481 (2,2_3_0046.jpg",left,69,— de Erpt 719.,10
"..\He 6481 (2,2_3_0046.jpg",left,69,"— com. de Falkenstein, dominus in Myntzenberg 817 1212.",11
"..\He 6481 (2,2_3_0046.jpg",left,69,— Vammeroide (van Merode) v. Ph. Philippi.,12
"..\He 6481 (2,2_3_0046.jpg",left,69,— de Vyaco 115 267 270.,13
"..\He 6481 (2,2_3_0046.jpg",left,69,— Philippi de Anaso 267 1351.,14
"..\He 6481 (2,2_3_0046.jpg",left,69,— Philippi vamme Rode (van Merode) 349 355 1289.,15
"..\He 6481 (2,2_3_0046.jpg",left,69,— Flach 199 268.,16
"..\He 6481 (2,2_3_0046.jpg",left,69,— de Frankensteyn 268.,17
"..\He 6481 (2,2_3_0046.jpg",left,69,— de Gletze 695.,18
"..\He 6481 (2,2_3_0046.jpg",left,69,— de s. Goare 694 810.,19
"..\He 6481 (2,2_3_0046.jpg",left,69,— de Goch 7.,20
"..\He 6481 (2,2_3_0046.jpg",left,69,— Gotfridi 18.,21
"..\He 6481 (2,2_3_0046.jpg",left,69,— de Grunenfelt 1032.,22
"..\He 6481 (2,2_3_0046.jpg",left,69,— de Guidottis 537.,23
"..\He 6481 (2,2_3_0046.jpg",left,69,"— de Helpe (Helpt, Helpten) 97 171 578 888.",24
"..\He 6481 (2,2_3_0046.jpg",left,69,— de Holtzhusen 523.,25
"..\He 6481 (2,2_3_0046.jpg",left,69,— Holzappel 621.,26
"..\He 6481 (2,2_3_0046.jpg",left,69,— Hultzheuwer de Bruwilre 268.,27
"..\He 6481 (2,2_3_0046.jpg",left,69,— Juvenis 268.,28
"..\He 6481 (2,2_3_0046.jpg",left,69,— prep. eccl. s. Lebuini Daventrien. 221.,29
"..\He 6481 (2,2_3_0046.jpg",left,69,— offic. Magunt. 662.,30
"..\He 6481 (2,2_3_0046.jpg",left,69,— ep. Marsican. 1027.,31
"..\He 6481 (2,2_3_0046.jpg",left,69,— tit. s. Martini in Montibus presb. card. 543.,32
"..\He 6481 (2,2_3_0046.jpg",left,69,— Moer 268 935.,33
"..\He 6481 (2,2_3_0046.jpg",left,69,— com. de Nassow et in Sarbrucken (Saraponte) 268.,34
"..\He 6481 (2,2_3_0046.jpg",left,69,— de Ormsperg 686.,35
"..\He 6481 (2,2_3_0046.jpg",left,69,— d. Pincerna 270 427.,36
"..\He 6481 (2,2_3_0046.jpg",left,69,— Pranhesser 270.,37
"..\He 6481 (2,2_3_0046.jpg",left,69,— Pretel 1352.,38
"..\He 6481 (2,2_3_0046.jpg",left,69,— Rasoris 270.,39
"..\He 6481 (2,2_3_0046.jpg",left,69,— de Schonenburg 270.,40
"..\He 6481 (2,2_3_0046.jpg",left,69,— Spede de Kirchperg 270 606.,41
"..\He 6481 (2,2_3_0047.jpg",left,71,Volmarus cantor Lubic. 126.,1
"..\He 6481 (2,2_3_0047.jpg",left,71,— de Lutzelstein (Lutzenstein) 30 235 645 666 667 717.,2
"..\He 6481 (2,2_3_0047.jpg",left,71,— Mertzennich 1043.,3
"..\He 6481 (2,2_3_0047.jpg",left,71,— Sak 273 615 688 826 1238 1239.,4
"..\He 6481 (2,2_3_0047.jpg",left,71,— de Saraponte 273 972.,5
"..\He 6481 (2,2_3_0047.jpg",left,71,— Schulten 273.,6
"..\He 6481 (2,2_3_0047.jpg",left,71,— Sporli 273.,7
"..\He 6481 (2,2_3_0047.jpg",left,71,— Warendorp 839.,8
"..\He 6481 (2,2_3_0047.jpg",left,71,Folpardus (Volpardus) de Hyen 42.,9
"..\He 6481 (2,2_3_0047.jpg",left,71,— Johannis 273.,10
"..\He 6481 (2,2_3_0047.jpg",left,71,— Schulte (Schult) 1213 1352.,11
"..\He 6481 (2,2_3_0047.jpg",left,71,Volpertus (Folpertus) de Deerse 831.,12
"..\He 6481 (2,2_3_0047.jpg",left,71,— de Hoveschen 1213.,13
"..\He 6481 (2,2_3_0047.jpg",left,71,— Lutunbach 457.,14
"..\He 6481 (2,2_3_0047.jpg",left,71,— Schickenrod 273.,15
"..\He 6481 (2,2_3_0047.jpg",left,71,Volquardus Erici 979.,16
"..\He 6481 (2,2_3_0047.jpg",left,71,Volquinus (Wolquinus) Bulshorn 274 454.,17
"..\He 6481 (2,2_3_0047.jpg",left,71,— Homelbeke 274.,18
"..\He 6481 (2,2_3_0047.jpg",left,71,— de Wolffhayn 273.,19
"..\He 6481 (2,2_3_0047.jpg",left,71,Volradus de Franckenfordia 274.,20
"..\He 6481 (2,2_3_0047.jpg",left,71,— Missener 1195.,21
"..\He 6481 (2,2_3_0047.jpg",left,71,— Schotzen 275 820.,22
"..\He 6481 (2,2_3_0047.jpg",left,71,Foltzanus Hermanni 200.,23
"..\He 6481 (2,2_3_0047.jpg",left,71,Formosa 802 (v. Yvo de Radomiro).,24
"..\He 6481 (2,2_3_0047.jpg",left,71,Fortlivus Hentzonis d. Mulners (Fortlevus Molner) 275 1393.,25
"..\He 6481 (2,2_3_0047.jpg",left,71,Francischinus Andree Pancere de Portu-gravarlo 276 342.,26
"..\He 6481 (2,2_3_0047.jpg",left,71,Franciscus ep. Argen. 276.,27
"..\He 6481 (2,2_3_0047.jpg",left,71,— de Berg (Bork) 276 912.,28
"..\He 6481 (2,2_3_0047.jpg",left,71,— Bolle 715.,29
"..\He 6481 (2,2_3_0047.jpg",left,71,— Bowellon 276.,30
"..\He 6481 (2,2_3_0047.jpg",left,71,— Burgh 1227.,31
"..\He 6481 (2,2_3_0047.jpg",left,71,— Kaybli 276.,32
"..\He 6481 (2,2_3_0047.jpg",left,71,— de Chaurisio 297.,33
"..\He 6481 (2,2_3_0047.jpg",left,71,— Cervaria 276.,34
"..\He 6481 (2,2_3_0047.jpg",left,71,— Kunigisbrücke 277.,35
"..\He 6481 (2,2_3_0047.jpg",left,71,— tit. s. Eustachii diac. card. 109 463 828 843.,36
"..\He 6481 (2,2_3_0047.jpg",left,71,— Fechsil 875.,37
"..\He 6481 (2,2_3_0047.jpg",left,71,— de Fischo 13.,38
"..\He 6481 (2,2_3_0047.jpg",left,71,— Floszer de Brega 277 1282.,39
"..\He 6481 (2,2_3_0047.jpg",left,71,— Gebetz 7.,40
"..\He 6481 (2,2_3_0047.jpg",left,71,— de Gewitz v. F. Johannis,41
"..\He 6481 (2,2_3_0047.jpg",left,71,— Goggensnabel 569 928.,42
"..\He 6481 (2,2_3_0047.jpg",left,71,— de Hofe 278.,43
"..\He 6481 (2,2_3_0047.jpg",left,71,— Hoppe 1213.,44
"..\He 6481 (2,2_3_0047.jpg",left,71,— Johannis de Gewiczka (Gewitz) 7 277.,45
"..\He 6481 (2,2_3_0047.jpg",left,71,— Johannis Symonis 278 656.,46
"..\He 6481 (2,2_3_0047.jpg",left,71,— Justiniano 1336.,47
"..\He 6481 (2,2_3_0049.jpg",left,75,Fredericus Forster 291.,1
"..\He 6481 (2,2_3_0049.jpg",left,75,— Franck de Hamburga 1215.,2
"..\He 6481 (2,2_3_0049.jpg",left,75,— Franke 290.,3
"..\He 6481 (2,2_3_0049.jpg",left,75,— Fraweberger (de Frawnberg) 290 528 626 743 1352.,4
"..\He 6481 (2,2_3_0049.jpg",left,75,— Frederici 290.,5
"..\He 6481 (2,2_3_0049.jpg",left,75,— Frye 290.,6
"..\He 6481 (2,2_3_0049.jpg",left,75,— Fritzonis de Nasteden de Confluentia 290.,7
"..\He 6481 (2,2_3_0049.jpg",left,75,— abb. mon. Fulden. 134 291 628.,8
"..\He 6481 (2,2_3_0049.jpg",left,75,— Phuntan 262.,9
"..\He 6481 (2,2_3_0049.jpg",left,75,— de Gars 291 314 774 1323.,10
"..\He 6481 (2,2_3_0049.jpg",left,75,— Geyler 291.,11
"..\He 6481 (2,2_3_0049.jpg",left,75,— de Geminiponte al. d. de Bitsche 291.,12
"..\He 6481 (2,2_3_0049.jpg",left,75,— Georgii 291.,13
"..\He 6481 (2,2_3_0049.jpg",left,75,— Gerardi de Egmond al. de Zoetermert 1303.,14
"..\He 6481 (2,2_3_0049.jpg",left,75,— Gherpstedem 1215.,15
"..\He 6481 (2,2_3_0049.jpg",left,75,— de Giltlingen 56.,16
"..\He 6481 (2,2_3_0049.jpg",left,75,— Gleyntzer 292 1058 1128.,17
"..\He 6481 (2,2_3_0049.jpg",left,75,— Glubatz 888.,18
"..\He 6481 (2,2_3_0049.jpg",left,75,— de Gors v. F. de Gars.,19
"..\He 6481 (2,2_3_0049.jpg",left,75,— Gryn de Sudel 292 1020.,20
"..\He 6481 (2,2_3_0049.jpg",left,75,— Groz 643.,21
"..\He 6481 (2,2_3_0049.jpg",left,75,— Grosze 292 890.,22
"..\He 6481 (2,2_3_0049.jpg",left,75,— Gummer de Quedelinchborg 527.,23
"..\He 6481 (2,2_3_0049.jpg",left,75,— baro de Gundelfragen 292.,24
"..\He 6481 (2,2_3_0049.jpg",left,75,— Gutbroet de Luternbach 292.,25
"..\He 6481 (2,2_3_0049.jpg",left,75,— Haberman 1215.,26
"..\He 6481 (2,2_3_0049.jpg",left,75,— Hakk 292.,27
"..\He 6481 (2,2_3_0049.jpg",left,75,— Haken 50.,28
"..\He 6481 (2,2_3_0049.jpg",left,75,— de Hadstat 292.,29
"..\He 6481 (2,2_3_0049.jpg",left,75,— de Haldesleve 432.,30
"..\He 6481 (2,2_3_0049.jpg",left,75,— Halmaw 1353.,31
"..\He 6481 (2,2_3_0049.jpg",left,75,— de Hanaw baro de Wytsperg (Voitsperg) 293.,32
"..\He 6481 (2,2_3_0049.jpg",left,75,— Harinkh 316.,33
"..\He 6481 (2,2_3_0049.jpg",left,75,— Hasler 293.,34
"..\He 6481 (2,2_3_0049.jpg",left,75,— baro de Hechenberg 293.,35
"..\He 6481 (2,2_3_0049.jpg",left,75,— Heyden 23 379.,36
"..\He 6481 (2,2_3_0049.jpg",left,75,— Heyden de Goch 293.,37
"..\He 6481 (2,2_3_0049.jpg",left,75,— baro de Helderigen 285.,38
"..\He 6481 (2,2_3_0049.jpg",left,75,— Hengst 293.,39
"..\He 6481 (2,2_3_0049.jpg",left,75,— Hermanni 293.,40
"..\He 6481 (2,2_3_0049.jpg",left,75,"— Hisdorf, abb. mon. in Campidona 7 286 769 1215.",41
"..\He 6481 (2,2_3_0049.jpg",left,75,— Hochschlitz 293.,42
"..\He 6481 (2,2_3_0049.jpg",left,75,— Honstorp 94.,43
"..\He 6481 (2,2_3_0049.jpg",left,75,— de Horne 294.,44
"..\He 6481 (2,2_3_0049.jpg",left,75,— Hose 294.,45
"..\He 6481 (2,2_3_0049.jpg",left,75,— Hubenhar de Cuba 294.,46
"..\He 6481 (2,2_3_0049.jpg",left,75,— Hudepol 824.,47
"..\He 6481 (2,2_3_0050.jpg",left,77,Fredericus com. de Otingen 157 297 727 833.,1
"..\He 6481 (2,2_3_0050.jpg",left,77,— Ottonis de Lapide 297.,2
"..\He 6481 (2,2_3_0050.jpg",left,77,"— Parnecker (Pernegk), ep. Seccov. 239 297 316 435 537 1169 1349.",3
"..\He 6481 (2,2_3_0050.jpg",left,77,— Passperger 713.,4
"..\He 6481 (2,2_3_0050.jpg",left,77,— Pawknecht de Nordli(n)ga 297.,5
"..\He 6481 (2,2_3_0050.jpg",left,77,— de Peterlehner de Hochberch 297.,6
"..\He 6481 (2,2_3_0050.jpg",left,77,— Petri de Lantzhut 297.,7
"..\He 6481 (2,2_3_0050.jpg",left,77,— Pirkheimer 298.,8
"..\He 6481 (2,2_3_0050.jpg",left,77,— de Possaw 60.,9
"..\He 6481 (2,2_3_0050.jpg",left,77,— d. Prainer 722.,10
"..\He 6481 (2,2_3_0050.jpg",left,77,— Pruckner 476.,11
"..\He 6481 (2,2_3_0050.jpg",left,77,— Pusch 298.,12
"..\He 6481 (2,2_3_0050.jpg",left,77,— Rabnoldi 298.,13
"..\He 6481 (2,2_3_0050.jpg",left,77,— de Ramelspach 759.,14
"..\He 6481 (2,2_3_0050.jpg",left,77,— Ranfeld 298.,15
"..\He 6481 (2,2_3_0050.jpg",left,77,— Raschel 298 1216.,16
"..\He 6481 (2,2_3_0050.jpg",left,77,— Rathardi (Rothardi) 66 98 128 298 300 437 439 524 583 675 702 740 741 782 791 797 824 837 917 932 1049 1095 1192 1216 1264 1284 1315.,17
"..\He 6481 (2,2_3_0050.jpg",left,77,— Ratmund 300.,18
"..\He 6481 (2,2_3_0050.jpg",left,77,— de Reno 300.,19
"..\He 6481 (2,2_3_0050.jpg",left,77,— Rentzel 300.,20
"..\He 6481 (2,2_3_0050.jpg",left,77,— Rese 300 1200.,21
"..\He 6481 (2,2_3_0050.jpg",left,77,— de Ryffenberg 185.,22
"..\He 6481 (2,2_3_0050.jpg",left,77,— Rinerii 435.,23
"..\He 6481 (2,2_3_0050.jpg",left,77,— de Ropa 301 768.,24
"..\He 6481 (2,2_3_0050.jpg",left,77,— Rosenezwig 1216.,25
"..\He 6481 (2,2_3_0050.jpg",left,77,— Rothardi v. F. Rathardi.,26
"..\He 6481 (2,2_3_0050.jpg",left,77,— de Ruckersleibin 1088.,27
"..\He 6481 (2,2_3_0050.jpg",left,77,— de Rulshusen 165.,28
"..\He 6481 (2,2_3_0050.jpg",left,77,— Rumelbach 486.,29
"..\He 6481 (2,2_3_0050.jpg",left,77,— Rune 128.,30
"..\He 6481 (2,2_3_0050.jpg",left,77,— Rusenpach 728.,31
"..\He 6481 (2,2_3_0050.jpg",left,77,— Saessenhusen 301.,32
"..\He 6481 (2,2_3_0050.jpg",left,77,— de Salendorp 92.,33
"..\He 6481 (2,2_3_0050.jpg",left,77,— aep. Saltzburg. 297.,34
"..\He 6481 (2,2_3_0050.jpg",left,77,— Satelpoger 79.,35
"..\He 6481 (2,2_3_0050.jpg",left,77,— Schavard (Schavhardis) 301 356 694.,36
"..\He 6481 (2,2_3_0050.jpg",left,77,— Schalichdorffer 301.,37
"..\He 6481 (2,2_3_0050.jpg",left,77,— Schaltzdorffer 143.,38
"..\He 6481 (2,2_3_0050.jpg",left,77,— Schencke 1353.,39
"..\He 6481 (2,2_3_0050.jpg",left,77,— Scepenstede 302.,40
"..\He 6481 (2,2_3_0050.jpg",left,77,— de Scherenberg 899 951.,41
"..\He 6481 (2,2_3_0050.jpg",left,77,— de Schonenberg (Schonenborg) 302 1225.,42
"..\He 6481 (2,2_3_0050.jpg",left,77,— Schulte 302.,43
"..\He 6481 (2,2_3_0050.jpg",left,77,— Schuttermann 302.,44
"..\He 6481 (2,2_3_0050.jpg",left,77,— ep. Seccov. v. Fredericus Parnecker.,45
"..\He 6481 (2,2_3_0051.jpg",left,79,Fredericus de Zolr 284 305.,1
"..\He 6481 (2,2_3_0051.jpg",left,79,— ep. Zwerin. 144.,2
"..\He 6481 (2,2_3_0051.jpg",left,79,Frederune 1400 (v. Johannes Westval).,3
"..\He 6481 (2,2_3_0051.jpg",left,79,Frentzo Mowe 700.,4
"..\He 6481 (2,2_3_0051.jpg",left,79,Fridericus v. Fridericus.,5
"..\He 6481 (2,2_3_0051.jpg",left,79,Frilo Petri de Oppinheim 306 1302.,6
"..\He 6481 (2,2_3_0051.jpg",left,79,— Czungenfleisch 445 513.,7
"..\He 6481 (2,2_3_0051.jpg",left,79,Fritzko Johannis 306.,8
"..\He 6481 (2,2_3_0051.jpg",left,79,— de Magnarudna 306.,9
"..\He 6481 (2,2_3_0051.jpg",left,79,Fritzo d. Kozeld 275.,10
"..\He 6481 (2,2_3_0051.jpg",left,79,— Faber 618.,11
"..\He 6481 (2,2_3_0051.jpg",left,79,Vromoldus Brakel 1216.,12
"..\He 6481 (2,2_3_0051.jpg",left,79,— Vischusen 17.,13
"..\He 6481 (2,2_3_0051.jpg",left,79,Vrouweke 1002 (v. Popeko Verachema).,14
"..\He 6481 (2,2_3_0051.jpg",left,79,Frowinus (Fruwtinus) Petri de Borg 306 1138.,15
"..\He 6481 (2,2_3_0051.jpg",left,79,Fulkerus de Ellentz 189.,16
"..\He 6481 (2,2_3_0051.jpg",left,79,Fulchetus de Saltu 2 4 9 20 21 23 25 26.,17
"..\He 6481 (2,2_3_0051.jpg",left,79,Fulco aep. Gnezn. 1149 1434.,18
"..\He 6481 (2,2_3_0051.jpg",left,79,Fulo Hinrici Craft 1217.,19
"..\He 6481 (2,2_3_0051.jpg",left,79,Vulpertus de Swalbach 13.,20
"..\He 6481 (2,2_3_0051.jpg",left,79,Vunantz baro de Sunberg 306.,21
"..\He 6481 (2,2_3_0051.jpg",left,79,Gabriel tit. s. Clementis presb. card. 1370.,22
"..\He 6481 (2,2_3_0051.jpg",left,79,— de Nuenburga 307.,23
"..\He 6481 (2,2_3_0051.jpg",left,79,— Pistoris 1353.,24
"..\He 6481 (2,2_3_0051.jpg",left,79,— Ridler 307.,25
"..\He 6481 (2,2_3_0051.jpg",left,79,— Rumel 307 1217 1353.,26
"..\He 6481 (2,2_3_0051.jpg",left,79,— de Sundis 685.,27
"..\He 6481 (2,2_3_0051.jpg",left,79,Galeottus d. de Petramala (tit. s. Agathe diac. card.) 10.,28
"..\He 6481 (2,2_3_0051.jpg",left,79,Gallus abb. mon. s. Petri Superioris-alte 1188.,29
"..\He 6481 (2,2_3_0051.jpg",left,79,— Prybko de Clenow 308.,30
"..\He 6481 (2,2_3_0051.jpg",left,79,— Runkonis de Parvostrelitz 308.,31
"..\He 6481 (2,2_3_0051.jpg",left,79,Galvanus Francisci de Mirixa 308.,32
"..\He 6481 (2,2_3_0051.jpg",left,79,— de Romanciis 629.,33
"..\He 6481 (2,2_3_0051.jpg",left,79,Garbrandus Vandercouster v. Gerbrandus de Couster.,34
"..\He 6481 (2,2_3_0051.jpg",left,79,Gaspar (Gasparus) v. Caspar.,35
"..\He 6481 (2,2_3_0051.jpg",left,79,Gatrimula Filimarini 761.,36
"..\He 6481 (2,2_3_0051.jpg",left,79,"Gebhardus (Gebardus, Gebehardus, Ghevehardus, Gheverardus) de Bardeleve 487.",37
"..\He 6481 (2,2_3_0051.jpg",left,79,— de Glina 57 309 1305.,38
"..\He 6481 (2,2_3_0051.jpg",left,79,— de Hildesem 433.,39
"..\He 6481 (2,2_3_0051.jpg",left,79,— Hodwelker al. d. S lote 309.,40
"..\He 6481 (2,2_3_0051.jpg",left,79,— de Mansfeld 614.,41
"..\He 6481 (2,2_3_0048.jpg",left,73,Franko Ludewici de superiori Heymbach 282.,1
"..\He 6481 (2,2_3_0048.jpg",left,73,— de Nederætereren 282.,2
"..\He 6481 (2,2_3_0048.jpg",left,73,— de Overdenecht 733.,3
"..\He 6481 (2,2_3_0048.jpg",left,73,— de Reys 282.,4
"..\He 6481 (2,2_3_0048.jpg",left,73,— Ryswyck 808.,5
"..\He 6481 (2,2_3_0048.jpg",left,73,Fredericus (Fridericus) 6.,6
"..\He 6481 (2,2_3_0048.jpg",left,73,— 303.,7
"..\He 6481 (2,2_3_0048.jpg",left,73,— 458.,8
"..\He 6481 (2,2_3_0048.jpg",left,73,— 1313.,9
"..\He 6481 (2,2_3_0048.jpg",left,73,— II. imperator 86 139 143 156 160 279 282 308 387 819 870 871 957 1093 1177 1197 1343 1350.,10
"..\He 6481 (2,2_3_0048.jpg",left,73,— de Adlatzheim 282.,11
"..\He 6481 (2,2_3_0048.jpg",left,73,— Alsence 283 1235.,12
"..\He 6481 (2,2_3_0048.jpg",left,73,— Altman de Purchusa 283.,13
"..\He 6481 (2,2_3_0048.jpg",left,73,— de Alvesleve 283.,14
"..\He 6481 (2,2_3_0048.jpg",left,73,— abb. mon. in Amorbach 1002.,15
"..\He 6481 (2,2_3_0048.jpg",left,73,— Archennagel 235.,16
"..\He 6481 (2,2_3_0048.jpg",left,73,"— ep. Argent., ep. Traiect., administrator eccl. Basil. 49 110 119 152 161 201 228 273 283 340 345 364 401 484 529 530 564 568 593 656 697 803 832 855 904 960 976 995 1010 1012 1022 1068 1118 1216 1220 1222 1313.",17
"..\He 6481 (2,2_3_0048.jpg",left,73,— Austrie dux 1197 1225 1283 1311 1420 1430.,18
"..\He 6481 (2,2_3_0048.jpg",left,73,— Awer 284.,19
"..\He 6481 (2,2_3_0048.jpg",left,73,— de Baer 284.,20
"..\He 6481 (2,2_3_0048.jpg",left,73,— Balthazaris lantgravii Thuringie et marchionis Misn. 284.,21
"..\He 6481 (2,2_3_0048.jpg",left,73,— scolast. Bamberg. 864.,22
"..\He 6481 (2,2_3_0048.jpg",left,73,— Bandow 284.,23
"..\He 6481 (2,2_3_0048.jpg",left,73,— dux Bavarie 7 67 115 816 1057 1289 1290.,24
"..\He 6481 (2,2_3_0048.jpg",left,73,— Below v. F. Johannis.,25
"..\He 6481 (2,2_3_0048.jpg",left,73,— Bere 285.,26
"..\He 6481 (2,2_3_0048.jpg",left,73,— com. de Bichelingen 285.,27
"..\He 6481 (2,2_3_0048.jpg",left,73,— Bopponis de Domnecke 285.,28
"..\He 6481 (2,2_3_0048.jpg",left,73,— ep. Brixin. 285 471 516 679 1126 1134.,29
"..\He 6481 (2,2_3_0048.jpg",left,73,— Bruman 285.,30
"..\He 6481 (2,2_3_0048.jpg",left,73,— in Brunswick et Lunemborg dux 285 507 823 1023.,31
"..\He 6481 (2,2_3_0048.jpg",left,73,— Burggravii 285.,32
"..\He 6481 (2,2_3_0048.jpg",left,73,— Kaemli 412.,33
"..\He 6481 (2,2_3_0048.jpg",left,73,— Caghener 285.,34
"..\He 6481 (2,2_3_0048.jpg",left,73,— de Kapolitz 226.,35
"..\He 6481 (2,2_3_0048.jpg",left,73,— Carlsperger 555.,36
"..\He 6481 (2,2_3_0048.jpg",left,73,— d. Keller (Cellerarii) 286.,37
"..\He 6481 (2,2_3_0048.jpg",left,73,— Kellner 236.,38
"..\He 6481 (2,2_3_0048.jpg",left,73,— de Kempen 286.,39
"..\He 6481 (2,2_3_0051.jpg",right,80,Gebhardus ep. Merseburg. 939.,1
"..\He 6481 (2,2_3_0051.jpg",right,80,— de Otinga 236.,2
"..\He 6481 (2,2_3_0051.jpg",right,80,— ep. Patav. 142.,3
"..\He 6481 (2,2_3_0051.jpg",right,80,— de Plato 284.,4
"..\He 6481 (2,2_3_0051.jpg",right,80,— de Remyn 338.,5
"..\He 6481 (2,2_3_0051.jpg",right,80,— Seber 309.,6
"..\He 6481 (2,2_3_0051.jpg",right,80,— Seressow 309.,7
"..\He 6481 (2,2_3_0051.jpg",right,80,— de Strapow 58.,8
"..\He 6481 (2,2_3_0051.jpg",right,80,— de Ungerlo de Stentz 309.,9
"..\He 6481 (2,2_3_0051.jpg",right,80,— Weddeloep 538.,10
"..\He 6481 (2,2_3_0051.jpg",right,80,Geygen 282 (v. Franco Luderin ghe).,11
"..\He 6481 (2,2_3_0051.jpg",right,80,Geisa de Tricht 266.,12
"..\He 6481 (2,2_3_0051.jpg",right,80,Geyselherus v. Giselherus.,13
"..\He 6481 (2,2_3_0051.jpg",right,80,Ghela 295 (v. Friedericus Maghere).,14
"..\He 6481 (2,2_3_0051.jpg",right,80,Gelasius abb. mon. s. Jacobi Schotorum Erfford. 387.,15
"..\He 6481 (2,2_3_0051.jpg",right,80,"Gelfridus Lukow (Luckow, Lucow) 310 1217 1301 1309 1354.",16
"..\He 6481 (2,2_3_0051.jpg",right,80,Ghemekinus de Bulow 567.,17
"..\He 6481 (2,2_3_0051.jpg",right,80,Gemundus de Swaynigem 289.,18
"..\He 6481 (2,2_3_0051.jpg",right,80,Gentelfloer van der Weyden 310.,19
"..\He 6481 (2,2_3_0051.jpg",right,80,Gentilis tit. s. Martini in Montibus presb. card. 1149 1434.,20
"..\He 6481 (2,2_3_0051.jpg",right,80,Georgina Danielis Meyers 310.,21
"..\He 6481 (2,2_3_0051.jpg",right,80,Georgius (Georius) 310.,22
"..\He 6481 (2,2_3_0051.jpg",right,80,— 316.,23
"..\He 6481 (2,2_3_0051.jpg",right,80,— 676.,24
"..\He 6481 (2,2_3_0051.jpg",right,80,— 1354.,25
"..\He 6481 (2,2_3_0051.jpg",right,80,— v. G. de Eresingen.,26
"..\He 6481 (2,2_3_0051.jpg",right,80,— v. G. de Nidernaltach.,27
"..\He 6481 (2,2_3_0051.jpg",right,80,— de Abenberg 310.,28
"..\He 6481 (2,2_3_0051.jpg",right,80,— Achleyter 310.,29
"..\He 6481 (2,2_3_0051.jpg",right,80,— Aron de Monte 1217.,30
"..\He 6481 (2,2_3_0051.jpg",right,80,— Belowe 125.,31
"..\He 6481 (2,2_3_0051.jpg",right,80,— Bemechin v. G. Nicolai B.,32
"..\He 6481 (2,2_3_0051.jpg",right,80,— Bisunti (Bisonti) de Gewitzka 311.,33
"..\He 6481 (2,2_3_0051.jpg",right,80,— de Blumenbergh 311.,34
"..\He 6481 (2,2_3_0051.jpg",right,80,— de Buchenbach 153.,35
"..\He 6481 (2,2_3_0051.jpg",right,80,— ep. Kyemen. 988.,36
"..\He 6481 (2,2_3_0051.jpg",right,80,— de Kolditz 311.,37
"..\He 6481 (2,2_3_0051.jpg",right,80,"— Conradi de Crayk, baro de Lantstein 311.",38
"..\He 6481 (2,2_3_0051.jpg",right,80,— Cosso de Trebnitz 311.,39
"..\He 6481 (2,2_3_0051.jpg",right,80,— de Cruce 311 669 1209.,40
"..\He 6481 (2,2_3_0051.jpg",right,80,— d. Kule 311.,41
"..\He 6481 (2,2_3_0051.jpg",right,80,— ep. Darien. 487.,42
"..\He 6481 (2,2_3_0051.jpg",right,80,— Detkonis (Sickonis) de Landesrost (Landestrost) 311 1060.,43
"..\He 6481 (2,2_3_0051.jpg",right,80,— abb. mon. s. Egidii Brunswic. 312.,44
"..\He 6481 (2,2_3_0051.jpg",right,80,— de Elspe 525.,45
"..\He 6481 (2,2_3_0051.jpg",right,80,"— de Eresingen (Eresing, Eresinger, Ersinger) 310 312 342 1334 1363 1380.",46
"..\He 6481 (2,2_3_0052.jpg",left,81,Georgius Velbrumir 312.,1
"..\He 6481 (2,2_3_0052.jpg",left,81,— de Veldencia (Veldenz) 255 640.,2
"..\He 6481 (2,2_3_0052.jpg",left,81,— de Welsperg 313.,3
"..\He 6481 (2,2_3_0052.jpg",left,81,— Phiffer 313.,4
"..\He 6481 (2,2_3_0052.jpg",left,81,— Vokch de Chiczpuchel 1354.,5
"..\He 6481 (2,2_3_0052.jpg",left,81,— de Fridingen 1217.,6
"..\He 6481 (2,2_3_0052.jpg",left,81,— Fullschussel (Fulschussil) de Nissa 524 851 931 969 1296.,7
"..\He 6481 (2,2_3_0052.jpg",left,81,— Gelbman (Gewman) 313 481.,8
"..\He 6481 (2,2_3_0052.jpg",left,81,— de Geroltzecke 135.,9
"..\He 6481 (2,2_3_0052.jpg",left,81,— Goldmari 313.,10
"..\He 6481 (2,2_3_0052.jpg",left,81,— de Gorca 902.,11
"..\He 6481 (2,2_3_0052.jpg",left,81,— Gregorii de Mogorowitz 313.,12
"..\He 6481 (2,2_3_0052.jpg",left,81,— de Greymoltzhausen 1352.,13
"..\He 6481 (2,2_3_0052.jpg",left,81,— Grosz 313.,14
"..\He 6481 (2,2_3_0052.jpg",left,81,— Guf 650.,15
"..\He 6481 (2,2_3_0052.jpg",left,81,— Heusse 313.,16
"..\He 6481 (2,2_3_0052.jpg",left,81,"— de Hochenloch, ep. Patav. 8 73 75 84 110 155 181 195 291 300 315 318 381 532 555 562 580 597 679 700 706 796 797 869 931 945 985 996 1045 1058 1059 1133 1147 1151 1159 1218 1271 1279 1305 1313 1322 1323 1431.",17
"..\He 6481 (2,2_3_0052.jpg",left,81,— Johannis 313.,18
"..\He 6481 (2,2_3_0052.jpg",left,81,— Johannis de Weytra 313 318.,19
"..\He 6481 (2,2_3_0052.jpg",left,81,— Labrer 1218.,20
"..\He 6481 (2,2_3_0052.jpg",left,81,— Laymminger 1351.,21
"..\He 6481 (2,2_3_0052.jpg",left,81,— ep. Lamburg. 313.,22
"..\He 6481 (2,2_3_0052.jpg",left,81,— Lang (Slang) 261 315.,23
"..\He 6481 (2,2_3_0052.jpg",left,81,— Leschmphesser 313.,24
"..\He 6481 (2,2_3_0052.jpg",left,81,— de Lewenstein 314 430 1218 1354.,25
"..\He 6481 (2,2_3_0052.jpg",left,81,— de Lichtenberg (Lichtenberger) 314 1218 1277.,26
"..\He 6481 (2,2_3_0052.jpg",left,81,— de Lumbardia 1218.,27
"..\He 6481 (2,2_3_0052.jpg",left,81,— Mair de Pechlarn 314.,28
"..\He 6481 (2,2_3_0052.jpg",left,81,— archid. s. Martini de Tolleya 1120.,29
"..\He 6481 (2,2_3_0052.jpg",left,81,— Mawter 314.,30
"..\He 6481 (2,2_3_0052.jpg",left,81,— iun. marchio Misn. 292.,31
"..\He 6481 (2,2_3_0052.jpg",left,81,— Nayl 1309.,32
"..\He 6481 (2,2_3_0052.jpg",left,81,— Nicolai Bemechin de Budisyn 314 908.,33
"..\He 6481 (2,2_3_0052.jpg",left,81,— Nicolai de Gelin 314.,34
"..\He 6481 (2,2_3_0052.jpg",left,81,— de Nidernaltach 848 853.,35
"..\He 6481 (2,2_3_0052.jpg",left,81,— de Pala 314 364 1014 1354.,36
"..\He 6481 (2,2_3_0052.jpg",left,81,— Patsperger 168.,37
"..\He 6481 (2,2_3_0052.jpg",left,81,— Pauli 1127.,38
"..\He 6481 (2,2_3_0052.jpg",left,81,— Poschel 569 1296.,39
"..\He 6481 (2,2_3_0052.jpg",left,81,— Poschel de Ryed 261 315.,40
"..\He 6481 (2,2_3_0052.jpg",left,81,— de Preysingen 169 315.,41
"..\He 6481 (2,2_3_0052.jpg",left,81,— Preysinger 402.,42
"..\He 6481 (2,2_3_0052.jpg",left,81,— Putzner 1219.,43
"..\He 6481 (2,2_3_0052.jpg",left,81,— Rayner 1246.,44
"..\He 6481 (2,2_3_0052.jpg",right,82,Georgius prior Razeburg. 820.,1
"..\He 6481 (2,2_3_0052.jpg",right,82,— Regel 315.,2
"..\He 6481 (2,2_3_0052.jpg",right,82,— Renbart (Rennbart) 107 315.,3
"..\He 6481 (2,2_3_0052.jpg",right,82,— de Rogiten 1219.,4
"..\He 6481 (2,2_3_0052.jpg",right,82,— Rudolphi de Alaspach 452.,5
"..\He 6481 (2,2_3_0052.jpg",right,82,— Santerleve 316.,6
"..\He 6481 (2,2_3_0052.jpg",right,82,— de Sawinsheim 109.,7
"..\He 6481 (2,2_3_0052.jpg",right,82,— Scharchel 316.,8
"..\He 6481 (2,2_3_0052.jpg",right,82,— Schelink 316.,9
"..\He 6481 (2,2_3_0052.jpg",right,82,"— (Gregorius) Schenk, aep. Salzeburg. 73 107 132 212 213 239 257 262 263 293 297 298 313 315 316 318 362 476 598 650 676 746 769 809 861 898 922 931 940 951 962 1030 1032 1034 1058 1068 1202 1207.",10
"..\He 6481 (2,2_3_0052.jpg",right,82,— Schrattenperiger 748.,11
"..\He 6481 (2,2_3_0052.jpg",right,82,— de Sewarn 316.,12
"..\He 6481 (2,2_3_0052.jpg",right,82,— Sickonis de Landestrost v. G. Detkonis.,13
"..\He 6481 (2,2_3_0052.jpg",right,82,— Siger 316.,14
"..\He 6481 (2,2_3_0052.jpg",right,82,— Syghardi de Landeshut 814.,15
"..\He 6481 (2,2_3_0052.jpg",right,82,— Slang v. G. Lang.,16
"..\He 6481 (2,2_3_0052.jpg",right,82,— Sletz 317.,17
"..\He 6481 (2,2_3_0052.jpg",right,82,— Spanberger 895.,18
"..\He 6481 (2,2_3_0052.jpg",right,82,— Staynpeck 756.,19
"..\He 6481 (2,2_3_0052.jpg",right,82,— Steyn 317.,20
"..\He 6481 (2,2_3_0052.jpg",right,82,— abb. mon. in Steynach o. s. B. Herbipol. dioc. 317.,21
"..\He 6481 (2,2_3_0052.jpg",right,82,— de Sunthem 317.,22
"..\He 6481 (2,2_3_0052.jpg",right,82,— Sweytzer 317.,23
"..\He 6481 (2,2_3_0052.jpg",right,82,— Thaheler 317.,24
"..\He 6481 (2,2_3_0052.jpg",right,82,— ep. Trident. 83 99 128 317 616 716 812 888 973 1034 1260 1264 1265 1321.,25
"..\He 6481 (2,2_3_0052.jpg",right,82,— de Walchering 317.,26
"..\He 6481 (2,2_3_0052.jpg",right,82,— de Weitra v. G. Johannis de W.,27
"..\He 6481 (2,2_3_0052.jpg",right,82,— Welsperg v. sub V.,28
"..\He 6481 (2,2_3_0052.jpg",right,82,— de Wertheim 318.,29
"..\He 6481 (2,2_3_0052.jpg",right,82,— Wilkin 1430.,30
"..\He 6481 (2,2_3_0052.jpg",right,82,— prior mon. in Wiltzburg 1321.,31
"..\He 6481 (2,2_3_0052.jpg",right,82,— Wyman de Arwylre 318.,32
"..\He 6481 (2,2_3_0052.jpg",right,82,— Wirnperk 318.,33
"..\He 6481 (2,2_3_0052.jpg",right,82,— d. Czaler de Varnpach 318.,34
"..\He 6481 (2,2_3_0052.jpg",right,82,— Zobel 318.,35
"..\He 6481 (2,2_3_0052.jpg",right,82,Georius v. Georgius.,36
"..\He 6481 (2,2_3_0052.jpg",right,82,Geradrude v. Gertrud.,37
"..\He 6481 (2,2_3_0052.jpg",right,82,Gerbertus Tenbusche 1221.,38
"..\He 6481 (2,2_3_0052.jpg",right,82,Gherbrandus de Couster (Vandercouster) 308 336 1220 1355.,39
"..\He 6481 (2,2_3_0052.jpg",right,82,Gherduncus de Lantorp 871.,40
"..\He 6481 (2,2_3_0052.jpg",right,82,Gherdus Breske 820.,41
"..\He 6481 (2,2_3_0052.jpg",right,82,Gereon de Suntra 749.,42
"..\He 6481 (2,2_3_0052.jpg",right,82,"Gerhardus (Gerardus, Gerrardus, Ger-",43
"..\He 6481 (2,2_3_0053.jpg",left,83,"hard, Gherardus, Girardus, Gierardus) 161.",1
"..\He 6481 (2,2_3_0053.jpg",left,83,Gerhardus 221.,2
"..\He 6481 (2,2_3_0053.jpg",left,83,— 513.,3
"..\He 6481 (2,2_3_0053.jpg",left,83,— 774.,4
"..\He 6481 (2,2_3_0053.jpg",left,83,— Alwini 1305.,5
"..\He 6481 (2,2_3_0053.jpg",left,83,— Antonii 1219.,6
"..\He 6481 (2,2_3_0053.jpg",left,83,— de Ardenna 536.,7
"..\He 6481 (2,2_3_0053.jpg",left,83,— abb. mon. in Arnsp erg 1161.,8
"..\He 6481 (2,2_3_0053.jpg",left,83,— de Awych (Awyli) 318 572.,9
"..\He 6481 (2,2_3_0053.jpg",left,83,— Bergerstorpe 578.,10
"..\He 6481 (2,2_3_0053.jpg",left,83,— Bernetaet 1354.,11
"..\He 6481 (2,2_3_0053.jpg",left,83,— Berseke 319.,12
"..\He 6481 (2,2_3_0053.jpg",left,83,— de Blia 319.,13
"..\He 6481 (2,2_3_0053.jpg",left,83,— de Bocholt 319 1033 1421.,14
"..\He 6481 (2,2_3_0053.jpg",left,83,— de Boislar 319.,15
"..\He 6481 (2,2_3_0053.jpg",left,83,— Boliaci 8.,16
"..\He 6481 (2,2_3_0053.jpg",left,83,— de Borgis 795.,17
"..\He 6481 (2,2_3_0053.jpg",left,83,— de Bronchorst 935.,18
"..\He 6481 (2,2_3_0053.jpg",left,83,— Buchmus 510.,19
"..\He 6481 (2,2_3_0053.jpg",left,83,— de Buren 319.,20
"..\He 6481 (2,2_3_0053.jpg",left,83,— Busterman 900.,21
"..\He 6481 (2,2_3_0053.jpg",left,83,— Kalker (Kalkar) 82 117 118 269.,22
"..\He 6481 (2,2_3_0053.jpg",left,83,— de Cambris 319.,23
"..\He 6481 (2,2_3_0053.jpg",left,83,— Cappelen 418 765.,24
"..\He 6481 (2,2_3_0053.jpg",left,83,— de Charrenceyo castro (Chaventrocastr i) 725 933 1254.,25
"..\He 6481 (2,2_3_0053.jpg",left,83,— Carsen 1341.,26
"..\He 6481 (2,2_3_0053.jpg",left,83,— de Katzenellenbogen 249.,27
"..\He 6481 (2,2_3_0053.jpg",left,83,— abb. mon. Cist. 24.,28
"..\He 6481 (2,2_3_0053.jpg",left,83,— abb. mon. Clarevallis 8.,29
"..\He 6481 (2,2_3_0053.jpg",left,83,— Cleyndinc (Cledinc) 117 190 269 319 342 347 575 1109 1223.,30
"..\He 6481 (2,2_3_0053.jpg",left,83,— Clinghart 320.,31
"..\He 6481 (2,2_3_0053.jpg",left,83,— com. Cliven. 1219.,32
"..\He 6481 (2,2_3_0053.jpg",left,83,— Kole de Altuns 320.,33
"..\He 6481 (2,2_3_0053.jpg",left,83,— Koncken (Koucken) 320.,34
"..\He 6481 (2,2_3_0053.jpg",left,83,— Cremer 320.,35
"..\He 6481 (2,2_3_0053.jpg",left,83,— Cristiani de Hengel 320.,36
"..\He 6481 (2,2_3_0053.jpg",left,83,— ep. Cristinopolit. 187.,37
"..\He 6481 (2,2_3_0053.jpg",left,83,— Cruger 320.,38
"..\He 6481 (2,2_3_0053.jpg",left,83,— Kundich (Kundige) 46 1035.,39
"..\He 6481 (2,2_3_0053.jpg",left,83,— d. Dymbout 645.,40
"..\He 6481 (2,2_3_0053.jpg",left,83,— Docluoct al. d. Hol 828.,41
"..\He 6481 (2,2_3_0053.jpg",left,83,— Dorn 320.,42
"..\He 6481 (2,2_3_0053.jpg",left,83,— de Dreve al. d. Kyneken (Kynbin) 314 320.,43
"..\He 6481 (2,2_3_0053.jpg",left,83,— de Drienen 1164.,44
"..\He 6481 (2,2_3_0053.jpg",left,83,— Droem 321.,45
"..\He 6481 (2,2_3_0053.jpg",left,83,— de Egmonda 321.,46
"..\He 6481 (2,2_3_0053.jpg",left,83,— abb. mon. Egmond. 1219.,47
"..\He 6481 (2,2_3_0053.jpg",left,83,— Eilndorp 321.,48
"..\He 6481 (2,2_3_0053.jpg",left,83,— Ellynk 524.,49
"..\He 6481 (2,2_3_0054.jpg",left,85,Gerhardus Lapater 617.,1
"..\He 6481 (2,2_3_0054.jpg",left,85,— d. Lardenoys (Lardenoix) 727,2
"..\He 6481 (2,2_3_0054.jpg",left,85,— Leydendecker 335 336 1349.,3
"..\He 6481 (2,2_3_0054.jpg",left,85,— Leonis de Aquis 1157.,4
"..\He 6481 (2,2_3_0054.jpg",left,85,— Linwebir 188.,5
"..\He 6481 (2,2_3_0054.jpg",left,85,— Lubeswitz 324.,6
"..\He 6481 (2,2_3_0054.jpg",left,85,— ep. Lubic. 774.,7
"..\He 6481 (2,2_3_0054.jpg",left,85,— Mabilie 324.,8
"..\He 6481 (2,2_3_0054.jpg",left,85,— Madder (Modder) 362.,9
"..\He 6481 (2,2_3_0054.jpg",left,85,— aep. Magunt. 64.,10
"..\He 6481 (2,2_3_0054.jpg",left,85,— Marschalg 324.,11
"..\He 6481 (2,2_3_0054.jpg",left,85,— de Marxem 1220.,12
"..\He 6481 (2,2_3_0054.jpg",left,85,— Mathie de Aquis 324.,13
"..\He 6481 (2,2_3_0054.jpg",left,85,— d. Merszeberghe 324.,14
"..\He 6481 (2,2_3_0054.jpg",left,85,— Millingen de Embrica 102 325 1113.,15
"..\He 6481 (2,2_3_0054.jpg",left,85,— de Miltenberg al. d. Gobel 914,16
"..\He 6481 (2,2_3_0054.jpg",left,85,— Modder v. G. Madder.,17
"..\He 6481 (2,2_3_0054.jpg",left,85,— de Modexen 527.,18
"..\He 6481 (2,2_3_0054.jpg",left,85,— Moelrepes v. G. Mulrepesch.,19
"..\He 6481 (2,2_3_0054.jpg",left,85,— de Monheim 189.,20
"..\He 6481 (2,2_3_0054.jpg",left,85,— Monik 1354.,21
"..\He 6481 (2,2_3_0054.jpg",left,85,— de Monte 326 632 639 1242.,22
"..\He 6481 (2,2_3_0054.jpg",left,85,— de Montenaken 688.,23
"..\He 6481 (2,2_3_0054.jpg",left,85,— Mos 151.,24
"..\He 6481 (2,2_3_0054.jpg",left,85,— Mulrepesch (Moelrepes) 326 1406 1420.,25
"..\He 6481 (2,2_3_0054.jpg",left,85,— Neghel 326.,26
"..\He 6481 (2,2_3_0054.jpg",left,85,— Nycolai de Drymilen 326.,27
"..\He 6481 (2,2_3_0054.jpg",left,85,— Nyendorp 326.,28
"..\He 6481 (2,2_3_0054.jpg",left,85,— Noen 1354.,29
"..\He 6481 (2,2_3_0054.jpg",left,85,— de Novacivitate 1352.,30
"..\He 6481 (2,2_3_0054.jpg",left,85,— de Novocastro 259 326.,31
"..\He 6481 (2,2_3_0054.jpg",left,85,— de Oysterdorp 326.,32
"..\He 6481 (2,2_3_0054.jpg",left,85,— ep. Padeburn. 594.,33
"..\He 6481 (2,2_3_0054.jpg",left,85,— de Palatio 1379.,34
"..\He 6481 (2,2_3_0054.jpg",left,85,— de Palude 510.,35
"..\He 6481 (2,2_3_0054.jpg",left,85,— Papenhagen 327.,36
"..\He 6481 (2,2_3_0054.jpg",left,85,— Pauwe 1354.,37
"..\He 6481 (2,2_3_0054.jpg",left,85,— Pelgrim 327.,38
"..\He 6481 (2,2_3_0054.jpg",left,85,— Pellificis 472.,39
"..\He 6481 (2,2_3_0054.jpg",left,85,— Poel 819.,40
"..\He 6481 (2,2_3_0054.jpg",left,85,— de Polle 480.,41
"..\He 6481 (2,2_3_0054.jpg",left,85,— de Ponial 916.,42
"..\He 6481 (2,2_3_0054.jpg",left,85,— de Ponte 691.,43
"..\He 6481 (2,2_3_0054.jpg",left,85,— Pop 327 667.,44
"..\He 6481 (2,2_3_0054.jpg",left,85,— de Puttingen 556.,45
"..\He 6481 (2,2_3_0054.jpg",left,85,— Raynoldi de Lubiswitz 324.,46
"..\He 6481 (2,2_3_0054.jpg",left,85,— ep. Razeburg. 8 224 327 740.,47
"..\He 6481 (2,2_3_0054.jpg",left,85,— Reymari 327 922.,48
"..\He 6481 (2,2_3_0054.jpg",left,85,— Reme 327.,49
"..\He 6481 (2,2_3_0054.jpg",left,85,— de Renen 793.,50
"..\He 6481 (2,2_3_0054.jpg",left,85,— Riquini Vanaken 327.,51
"..\He 6481 (2,2_3_0049.jpg",right,76,Fredericus Hulscher 89 294 314 431 629.,1
"..\He 6481 (2,2_3_0049.jpg",right,76,— prep. eccl. Jecheburg. 447 517.,2
"..\He 6481 (2,2_3_0049.jpg",right,76,— Johannis 295.,3
"..\He 6481 (2,2_3_0049.jpg",right,76,— Johannis Below al. de Schonenvelt 294 1134 1240.,4
"..\He 6481 (2,2_3_0049.jpg",right,76,— Johannis de Mutta 294 926.,5
"..\He 6481 (2,2_3_0049.jpg",right,76,— Johannis de Osanna 294.,6
"..\He 6481 (2,2_3_0049.jpg",right,76,— prep. mon. s. Ypoliti Patav. dioc. 337.,7
"..\He 6481 (2,2_3_0049.jpg",right,76,— d. Judex 295.,8
"..\He 6481 (2,2_3_0049.jpg",right,76,"— de Lamberg, abb. mon. s. Marie in Campidona 1215.",9
"..\He 6481 (2,2_3_0049.jpg",right,76,— de Lamsheim 462.,10
"..\He 6481 (2,2_3_0049.jpg",right,76,— de Langhen 856.,11
"..\He 6481 (2,2_3_0049.jpg",right,76,— Lantzinger 295 1215.,12
"..\He 6481 (2,2_3_0049.jpg",right,76,— Ledenther 295.,13
"..\He 6481 (2,2_3_0049.jpg",right,76,— Leghetzel 295.,14
"..\He 6481 (2,2_3_0049.jpg",right,76,— Leonis 1056.,15
"..\He 6481 (2,2_3_0049.jpg",right,76,— Lindecker 295.,16
"..\He 6481 (2,2_3_0049.jpg",right,76,— de Lyningen 1316 1407.,17
"..\He 6481 (2,2_3_0049.jpg",right,76,— Lobel 295 551 1170.,18
"..\He 6481 (2,2_3_0049.jpg",right,76,— Lochner 295.,19
"..\He 6481 (2,2_3_0049.jpg",right,76,— Luckhner 295.,20
"..\He 6481 (2,2_3_0049.jpg",right,76,— Ludovici Schencken de Reichenecck 453.,21
"..\He 6481 (2,2_3_0049.jpg",right,76,— Lupo 295.,22
"..\He 6481 (2,2_3_0049.jpg",right,76,— de Lusco 295.,23
"..\He 6481 (2,2_3_0049.jpg",right,76,— aep. Magdeburg. v. F. ep. Merseburg.,24
"..\He 6481 (2,2_3_0049.jpg",right,76,— Maghere 295.,25
"..\He 6481 (2,2_3_0049.jpg",right,76,— Marras 1321.,26
"..\He 6481 (2,2_3_0049.jpg",right,76,— prep. eccl. s. Martini Heilgenstad. 1260.,27
"..\He 6481 (2,2_3_0049.jpg",right,76,"— ep. Merseburg., aep. Magdeburg. 383 478.",28
"..\He 6481 (2,2_3_0049.jpg",right,76,— Mynn de Wimpina 295.,29
"..\He 6481 (2,2_3_0049.jpg",right,76,— marchio Misn. v. F. lantgravius Thuringie.,30
"..\He 6481 (2,2_3_0049.jpg",right,76,— com. Moersen. (Mursze) 296 627.,31
"..\He 6481 (2,2_3_0049.jpg",right,76,— Moliart 656.,32
"..\He 6481 (2,2_3_0049.jpg",right,76,— Monachi al. d. Feyser 296.,33
"..\He 6481 (2,2_3_0049.jpg",right,76,— Mormunt 1353.,34
"..\He 6481 (2,2_3_0049.jpg",right,76,— Mulbecke 1297.,35
"..\He 6481 (2,2_3_0049.jpg",right,76,— de Mulhusen 296.,36
"..\He 6481 (2,2_3_0049.jpg",right,76,— com. de Mursze v. F. com. de Moers.,37
"..\He 6481 (2,2_3_0049.jpg",right,76,— de Norwegia 296.,38
"..\He 6481 (2,2_3_0049.jpg",right,76,— burggravius Nurenberc. 53 296 712 727 1216 1309.,39
"..\He 6481 (2,2_3_0049.jpg",right,76,— com. Ortenburg. ac Cilie 296 746 781 1225 1320.,40
"..\He 6481 (2,2_3_0049.jpg",right,76,— ep. Osnaburg. v. Theodericus ep. O.,41
"..\He 6481 (2,2_3_0049.jpg",right,76,— com. de Ostenburg 363.,42
"..\He 6481 (2,2_3_0053.jpg",right,84,Gerhardus Erardi de Gorceyo 321.,1
"..\He 6481 (2,2_3_0053.jpg",right,84,— de Erkelrade 579.,2
"..\He 6481 (2,2_3_0053.jpg",right,84,— de Erenberg 321 1219.,3
"..\He 6481 (2,2_3_0053.jpg",right,84,— Fabri 726.,4
"..\He 6481 (2,2_3_0053.jpg",right,84,— Fabri al. d. Bekeman 1409.,5
"..\He 6481 (2,2_3_0053.jpg",right,84,— van den Masch 324.,6
"..\He 6481 (2,2_3_0053.jpg",right,84,— van der Steghen 1220.,7
"..\He 6481 (2,2_3_0053.jpg",right,84,— Viirblat 321 352.,8
"..\He 6481 (2,2_3_0053.jpg",right,84,— de Virneberg 355.,9
"..\He 6481 (2,2_3_0053.jpg",right,84,— Visschenich 660 661 663.,10
"..\He 6481 (2,2_3_0053.jpg",right,84,— Visscher 72 1219.,11
"..\He 6481 (2,2_3_0053.jpg",right,84,— Vlasman 500.,12
"..\He 6481 (2,2_3_0053.jpg",right,84,— Voel 321 1338.,13
"..\He 6481 (2,2_3_0053.jpg",right,84,— Voys 583.,14
"..\He 6481 (2,2_3_0053.jpg",right,84,— Vos 321 347 687.,15
"..\He 6481 (2,2_3_0053.jpg",right,84,— Vuer 125.,16
"..\He 6481 (2,2_3_0053.jpg",right,84,— de Ganzerris de Parma 1007.,17
"..\He 6481 (2,2_3_0053.jpg",right,84,— Gerardi de Dynslaken 321.,18
"..\He 6481 (2,2_3_0053.jpg",right,84,— Gysonis de Tekenborg 322.,19
"..\He 6481 (2,2_3_0053.jpg",right,84,— Goltbeke 1194 1219.,20
"..\He 6481 (2,2_3_0053.jpg",right,84,— Gotfridi Monachi (Monichi) 322.,21
"..\He 6481 (2,2_3_0053.jpg",right,84,— Grecie 1170.,22
"..\He 6481 (2,2_3_0053.jpg",right,84,— Grys (Gruss) 322 954.,23
"..\He 6481 (2,2_3_0053.jpg",right,84,— Gruter 1354.,24
"..\He 6481 (2,2_3_0053.jpg",right,84,— Guetkint 1220.,25
"..\He 6481 (2,2_3_0053.jpg",right,84,— Wilhelmi 1173.,26
"..\He 6481 (2,2_3_0053.jpg",right,84,— Wilhelmi ducis Monten. 322 627.,27
"..\He 6481 (2,2_3_0053.jpg",right,84,— Haveldingh al. d. Rancke 730.,28
"..\He 6481 (2,2_3_0053.jpg",right,84,— de Hanstede 322.,29
"..\He 6481 (2,2_3_0053.jpg",right,84,— Heerman 284 322.,30
"..\He 6481 (2,2_3_0053.jpg",right,84,— Hennequini de Chineys 322.,31
"..\He 6481 (2,2_3_0053.jpg",right,84,— Henrici de Verden 323.,32
"..\He 6481 (2,2_3_0053.jpg",right,84,— Henrici comitis de Swartspurg 323.,33
"..\He 6481 (2,2_3_0053.jpg",right,84,— ep. Herbipol. 149 150 158 192 193 199 232 256 258 323 370 424 431 482 496 500 522 613 700 723 727 745 767 776 790 925 973 999 1076 1115 1166.,34
"..\He 6481 (2,2_3_0053.jpg",right,84,— ep. Hildesem. 8 51 141 323 341 483 506 616 665 1023 1094 1261.,35
"..\He 6481 (2,2_3_0053.jpg",right,84,— Hoken 323.,36
"..\He 6481 (2,2_3_0053.jpg",right,84,— de Hoya 279 456 505.,37
"..\He 6481 (2,2_3_0053.jpg",right,84,— Holtzappel 323.,38
"..\He 6481 (2,2_3_0053.jpg",right,84,— de Honchom 913.,39
"..\He 6481 (2,2_3_0053.jpg",right,84,— abb. mon. in Hornbach 138.,40
"..\He 6481 (2,2_3_0053.jpg",right,84,— Horter 323.,41
"..\He 6481 (2,2_3_0053.jpg",right,84,— Hugonis 267 809.,42
"..\He 6481 (2,2_3_0053.jpg",right,84,— Jacobi 323.,43
"..\He 6481 (2,2_3_0053.jpg",right,84,— Johannis 323.,44
"..\He 6481 (2,2_3_0053.jpg",right,84,— Johannis Hamkers de Wynsberch 323.,45
"..\He 6481 (2,2_3_0053.jpg",right,84,— de Iselstein 323 1222.,46
"..\He 6481 (2,2_3_0053.jpg",right,84,— Langenhaghen 324.,47
"..\He 6481 (2,2_3_0055.jpg",right,88,Gerlacus Spekin 825.,1
"..\He 6481 (2,2_3_0055.jpg",right,88,— de Weert 1220.,2
"..\He 6481 (2,2_3_0055.jpg",right,88,— Welter 1222.,3
"..\He 6481 (2,2_3_0055.jpg",right,88,— Werinboldi de Hattem 336.,4
"..\He 6481 (2,2_3_0055.jpg",right,88,— Wichmann 336.,5
"..\He 6481 (2,2_3_0055.jpg",right,88,— de Wydena 1061.,6
"..\He 6481 (2,2_3_0055.jpg",right,88,— de Wynnenberg 599.,7
"..\He 6481 (2,2_3_0055.jpg",right,88,Germanus Lubberti 89.,8
"..\He 6481 (2,2_3_0055.jpg",right,88,Ghermarus de Remmelinge 702.,9
"..\He 6481 (2,2_3_0055.jpg",right,88,Geroldus Harztop 582.,10
"..\He 6481 (2,2_3_0055.jpg",right,88,"Gertrud (Geradrude, Gertruda, Gerdrude, Gertrudis) Alberti Trew 895.",11
"..\He 6481 (2,2_3_0055.jpg",right,88,— 69 (v. Andreas Vischel).,12
"..\He 6481 (2,2_3_0055.jpg",right,88,— 1341 (v. Bertoldus Kumerow).,13
"..\He 6481 (2,2_3_0055.jpg",right,88,— d. Kolerin de Nuremberga 336.,14
"..\He 6481 (2,2_3_0055.jpg",right,88,— de Konigynne de Gdantz 336.,15
"..\He 6481 (2,2_3_0055.jpg",right,88,— 197 (v. Conradus Redichstorp).,16
"..\He 6481 (2,2_3_0055.jpg",right,88,— Vleschen 1316 (v. Tilmannus de Esche).,17
"..\He 6481 (2,2_3_0055.jpg",right,88,— Volmerstein de Elbingo 337.,18
"..\He 6481 (2,2_3_0055.jpg",right,88,— 336 (v. Gerwinus de Balwen).,19
"..\He 6481 (2,2_3_0055.jpg",right,88,— 460 (v. Henricus de Nussia).,20
"..\He 6481 (2,2_3_0055.jpg",right,88,— de Hovele 1221.,21
"..\He 6481 (2,2_3_0055.jpg",right,88,— 1246 (v. Hugo Suebblinger).,22
"..\He 6481 (2,2_3_0055.jpg",right,88,— 677 (v. Johannes de Lansbergh).,23
"..\He 6481 (2,2_3_0055.jpg",right,88,— 734 (v. Johannes Raven).,24
"..\He 6481 (2,2_3_0055.jpg",right,88,— de Merenberg 61.,25
"..\He 6481 (2,2_3_0055.jpg",right,88,— 336 (v. Nicolaus Wilkische).,26
"..\He 6481 (2,2_3_0055.jpg",right,88,— de Olsna 337.,27
"..\He 6481 (2,2_3_0055.jpg",right,88,— 944 (v. Ortlinus Fruenlinger).,28
"..\He 6481 (2,2_3_0055.jpg",right,88,— de Rawtenbergerin 337.,29
"..\He 6481 (2,2_3_0055.jpg",right,88,"— 1030 (v. Rupertus Frederici de Sassenhusen, Franko de Cronenberg).",30
"..\He 6481 (2,2_3_0055.jpg",right,88,— 337 (v. Weyneke de Rode de Thorun).,31
"..\He 6481 (2,2_3_0055.jpg",right,88,Gerungus Altpusser 991.,32
"..\He 6481 (2,2_3_0055.jpg",right,88,— abb. mon. Augieminoris 337 1222.,33
"..\He 6481 (2,2_3_0055.jpg",right,88,— prep. Eystet. 183.,34
"..\He 6481 (2,2_3_0055.jpg",right,88,— Frisschinger 337 557.,35
"..\He 6481 (2,2_3_0055.jpg",right,88,— prep. mon. s. Ypoliti 337.,36
"..\He 6481 (2,2_3_0055.jpg",right,88,— Sweniger (Swayningen) 7 317 337 1226 1429.,37
"..\He 6481 (2,2_3_0055.jpg",right,88,— Wetzell 1413.,38
"..\He 6481 (2,2_3_0055.jpg",right,88,Gerwicus Mugkewin de Spangenberg 13 337 482 524 542 680 702 1264.,39
"..\He 6481 (2,2_3_0055.jpg",right,88,Gerwinus de Affelen 338.,40
"..\He 6481 (2,2_3_0055.jpg",right,88,— de Balwen 336.,41
"..\He 6481 (2,2_3_0055.jpg",right,88,— de Camen 338.,42
"..\He 6481 (2,2_3_0055.jpg",right,88,— Cleppinges 1325.,43
"..\He 6481 (2,2_3_0055.jpg",right,88,Ghese Louwers 336.,44
"..\He 6481 (2,2_3_0055.jpg",right,88,Gevehardus v. Gebhardus.,45
"..\He 6481 (2,2_3_0055.jpg",right,88,Gilius de Pomponi 338.,46
"..\He 6481 (2,2_3_0054.jpg",right,86,Gerhardus Rodulfi de Amerongen 1057.,1
"..\He 6481 (2,2_3_0054.jpg",right,86,— Roever 1318.,2
"..\He 6481 (2,2_3_0054.jpg",right,86,— Roitstock 251 327.,3
"..\He 6481 (2,2_3_0054.jpg",right,86,— de Saffenbergh 327.,4
"..\He 6481 (2,2_3_0054.jpg",right,86,— Salmanni 328 1016.,5
"..\He 6481 (2,2_3_0054.jpg",right,86,— de Sapogne 58.,6
"..\He 6481 (2,2_3_0054.jpg",right,86,— Sartoris 1095.,7
"..\He 6481 (2,2_3_0054.jpg",right,86,— Schaffert 146.,8
"..\He 6481 (2,2_3_0054.jpg",right,86,— Schaup 1217.,9
"..\He 6481 (2,2_3_0054.jpg",right,86,— Scheyne Thonen v. G. Thonen.,10
"..\He 6481 (2,2_3_0054.jpg",right,86,— Scheynen (Scheyven) 328 1220.,11
"..\He 6481 (2,2_3_0054.jpg",right,86,— Scheling 328 442.,12
"..\He 6481 (2,2_3_0054.jpg",right,86,— Schencke de Cuba 328.,13
"..\He 6481 (2,2_3_0054.jpg",right,86,— Scheper 622.,14
"..\He 6481 (2,2_3_0054.jpg",right,86,— Scheue 582.,15
"..\He 6481 (2,2_3_0054.jpg",right,86,— Scoddecrone v. G. Schudecrome.,16
"..\He 6481 (2,2_3_0054.jpg",right,86,— Scoenouer 89 328 467 470 806.,17
"..\He 6481 (2,2_3_0054.jpg",right,86,— Schroder 328.,18
"..\He 6481 (2,2_3_0054.jpg",right,86,— Schudecrome 330 1214 1243 1341.,19
"..\He 6481 (2,2_3_0054.jpg",right,86,— Selighen 329 1225 1355.,20
"..\He 6481 (2,2_3_0054.jpg",right,86,— dux Sleswic. 329.,21
"..\He 6481 (2,2_3_0054.jpg",right,86,— Smalenborg 329.,22
"..\He 6481 (2,2_3_0054.jpg",right,86,— Smeltzighin 329.,23
"..\He 6481 (2,2_3_0054.jpg",right,86,— Smollentyn 329.,24
"..\He 6481 (2,2_3_0054.jpg",right,86,— Spandow 329.,25
"..\He 6481 (2,2_3_0054.jpg",right,86,— ep. Spiren. 778.,26
"..\He 6481 (2,2_3_0054.jpg",right,86,— Spronck 329.,27
"..\He 6481 (2,2_3_0054.jpg",right,86,— Stalviter 1220.,28
"..\He 6481 (2,2_3_0054.jpg",right,86,— abb. mon. s. Stephani Herbipol. 330.,29
"..\He 6481 (2,2_3_0054.jpg",right,86,— Steling 234 1242.,30
"..\He 6481 (2,2_3_0054.jpg",right,86,— Stenkamp 330 1229.,31
"..\He 6481 (2,2_3_0054.jpg",right,86,— Stetin 1259.,32
"..\He 6481 (2,2_3_0054.jpg",right,86,— Stoep 330.,33
"..\He 6481 (2,2_3_0054.jpg",right,86,— Studdecrone v. G. Schudecrome.,34
"..\He 6481 (2,2_3_0054.jpg",right,86,— de Suleghen 331.,35
"..\He 6481 (2,2_3_0054.jpg",right,86,— de Swech 467.,36
"..\He 6481 (2,2_3_0054.jpg",right,86,— de Tekeneborch 331.,37
"..\He 6481 (2,2_3_0054.jpg",right,86,— Thome 443 859.,38
"..\He 6481 (2,2_3_0054.jpg",right,86,— Thomstehus 320 331.,39
"..\He 6481 (2,2_3_0054.jpg",right,86,— de Thonen 331 356 1220 1303 1304 1356.,40
"..\He 6481 (2,2_3_0054.jpg",right,86,— Tzenenbant 332.,41
"..\He 6481 (2,2_3_0054.jpg",right,86,— de Ubach 332.,42
"..\He 6481 (2,2_3_0054.jpg",right,86,— de Uden 633.,43
"..\He 6481 (2,2_3_0054.jpg",right,86,— uff der Schuppen de Lympurc 1354.,44
"..\He 6481 (2,2_3_0054.jpg",right,86,— Uteleen 332.,45
"..\He 6481 (2,2_3_0054.jpg",right,86,— uten Kelre 1173.,46
"..\He 6481 (2,2_3_0054.jpg",right,86,— de Wach 145.,47
"..\He 6481 (2,2_3_0054.jpg",right,86,— Walen 993.,48
"..\He 6481 (2,2_3_0054.jpg",right,86,— de Varendorpe 321.,49
"..\He 6481 (2,2_3_0054.jpg",right,86,— Weert 86 283 332 369 676 989 990 1095 1108 1189 1220 1355.,50
"..\He 6481 (2,2_3_0054.jpg",right,86,— Wepel al. d. de Ponte 332.,51
"..\He 6481 (2,2_3_0056.jpg",right,90,Gobelinus Gruysser de Tulpeto 343.,1
"..\He 6481 (2,2_3_0056.jpg",right,90,— de Hamerstein 343.,2
"..\He 6481 (2,2_3_0056.jpg",right,90,— Huwardi de Altari et Stinpignich 343.,3
"..\He 6481 (2,2_3_0056.jpg",right,90,— de Ly senkirchen 684 1224.,4
"..\He 6481 (2,2_3_0056.jpg",right,90,— Ludendorff 515.,5
"..\He 6481 (2,2_3_0056.jpg",right,90,— Meyer de Bunn a 343.,6
"..\He 6481 (2,2_3_0056.jpg",right,90,— Mirtzenich 527.,7
"..\He 6481 (2,2_3_0056.jpg",right,90,"— Person (Persoen, Persona) 9 343 1223.",8
"..\He 6481 (2,2_3_0056.jpg",right,90,— de Ratingen 749 1223.,9
"..\He 6481 (2,2_3_0056.jpg",right,90,— d. Socius 714.,10
"..\He 6481 (2,2_3_0056.jpg",right,90,— Winterberch 319.,11
"..\He 6481 (2,2_3_0056.jpg",right,90,Gobellus Dapifer 977.,12
"..\He 6481 (2,2_3_0056.jpg",right,90,Godefridus v. Gotfridus.,13
"..\He 6481 (2,2_3_0056.jpg",right,90,"Goeswinus, Goyswinus v. Goswinus.",14
"..\He 6481 (2,2_3_0056.jpg",right,90,Gholardus de Luca 343.,15
"..\He 6481 (2,2_3_0056.jpg",right,90,Gholda 242 (v. Everardus Witboldi).,16
"..\He 6481 (2,2_3_0056.jpg",right,90,Goldeboldus 291.,17
"..\He 6481 (2,2_3_0056.jpg",right,90,Gorcilius de Aller 344.,18
"..\He 6481 (2,2_3_0056.jpg",right,90,Gorzo de Cassel 1399.,19
"..\He 6481 (2,2_3_0056.jpg",right,90,Goscalcus v. Gotscalcus.,20
"..\He 6481 (2,2_3_0056.jpg",right,90,Goslaus de Marunnio 74.,21
"..\He 6481 (2,2_3_0056.jpg",right,90,Gosso Gossonis de Kagen ecke 344.,22
"..\He 6481 (2,2_3_0056.jpg",right,90,— de Mulnheim 344 1029.,23
"..\He 6481 (2,2_3_0056.jpg",right,90,"Goswinus (Goeswinus, Goyswinus, Gotswinus) de Castro 345.",24
"..\He 6481 (2,2_3_0056.jpg",right,90,— Koc 345 1141 1304.,25
"..\He 6481 (2,2_3_0056.jpg",right,90,— d. Cumhaer 345.,26
"..\He 6481 (2,2_3_0056.jpg",right,90,— de Duysburg 583.,27
"..\He 6481 (2,2_3_0056.jpg",right,90,— de Engelssem 345.,28
"..\He 6481 (2,2_3_0056.jpg",right,90,— van dem Stranghe 1223.,29
"..\He 6481 (2,2_3_0056.jpg",right,90,— Vandengrunthus (de Gruythuys) 346 862.,30
"..\He 6481 (2,2_3_0056.jpg",right,90,— de Herike 9.,31
"..\He 6481 (2,2_3_0056.jpg",right,90,— d. Loeric de Tyla 346.,32
"..\He 6481 (2,2_3_0056.jpg",right,90,— d. Muy l 1355.,33
"..\He 6481 (2,2_3_0056.jpg",right,90,— de Nussia 633.,34
"..\He 6481 (2,2_3_0056.jpg",right,90,— Stecken 346.,35
"..\He 6481 (2,2_3_0056.jpg",right,90,— de Stralen 346.,36
"..\He 6481 (2,2_3_0056.jpg",right,90,— Theuben hove 749.,37
"..\He 6481 (2,2_3_0056.jpg",right,90,— de Tyele 722.,38
"..\He 6481 (2,2_3_0056.jpg",right,90,— Thilmanni d. Bac 346.,39
"..\He 6481 (2,2_3_0056.jpg",right,90,— Wederman 1356.,40
"..\He 6481 (2,2_3_0056.jpg",right,90,— de Wengha 101.,41
"..\He 6481 (2,2_3_0056.jpg",right,90,— Wieri 346.,42
"..\He 6481 (2,2_3_0056.jpg",right,90,"Gotfridus (Godefridus, Gotzfridus, Gu- fridus) 324.",43
"..\He 6481 (2,2_3_0056.jpg",right,90,— 353.,44
"..\He 6481 (2,2_3_0056.jpg",right,90,— 355.,45
"..\He 6481 (2,2_3_0056.jpg",right,90,— 1256.,46
"..\He 6481 (2,2_3_0056.jpg",right,90,— de Baerl al. d. Figgert de Goch 1355.,47
"..\He 6481 (2,2_3_0057.jpg",left,91,Gotfridus abb. mon. s. Bartini de Malovia 346.,1
"..\He 6481 (2,2_3_0057.jpg",left,91,— de Barum 683.,2
"..\He 6481 (2,2_3_0057.jpg",left,91,— Bedeke 346 790.,3
"..\He 6481 (2,2_3_0057.jpg",left,91,— Beynheuwer 347.,4
"..\He 6481 (2,2_3_0057.jpg",left,91,— Berchem de Replaer 1013.,5
"..\He 6481 (2,2_3_0057.jpg",left,91,— de Bernbach 403.,6
"..\He 6481 (2,2_3_0057.jpg",left,91,— Bienbach 347.,7
"..\He 6481 (2,2_3_0057.jpg",left,91,— Bley 1355.,8
"..\He 6481 (2,2_3_0057.jpg",left,91,— Bochorne de Monasterio 104 347 1356 1367.,9
"..\He 6481 (2,2_3_0057.jpg",left,91,— Boyege 348.,10
"..\He 6481 (2,2_3_0057.jpg",left,91,— Boytin 1154.,11
"..\He 6481 (2,2_3_0057.jpg",left,91,— Bornebach 1391.,12
"..\He 6481 (2,2_3_0057.jpg",left,91,— Bottowe 172.,13
"..\He 6481 (2,2_3_0057.jpg",left,91,— Breidinbach 579.,14
"..\He 6481 (2,2_3_0057.jpg",left,91,— de Brunek 1356.,15
"..\He 6481 (2,2_3_0057.jpg",left,91,— Cayphe 347.,16
"..\He 6481 (2,2_3_0057.jpg",left,91,— de Kappenberch 348.,17
"..\He 6481 (2,2_3_0057.jpg",left,91,— Carentarii 390.,18
"..\He 6481 (2,2_3_0057.jpg",left,91,— Kykart 703.,19
"..\He 6481 (2,2_3_0057.jpg",left,91,— de Cynoy al. d. de Hoerne 348.,20
"..\He 6481 (2,2_3_0057.jpg",left,91,— Cleyne 348.,21
"..\He 6481 (2,2_3_0057.jpg",left,91,— Konowe 1386.,22
"..\He 6481 (2,2_3_0057.jpg",left,91,— Chraitemer 348.,23
"..\He 6481 (2,2_3_0057.jpg",left,91,— de Krempe 820.,24
"..\He 6481 (2,2_3_0057.jpg",left,91,— Creuwel de Linchen 348 1224.,25
"..\He 6481 (2,2_3_0057.jpg",left,91,"— de Dese (Deze, van der Deze) 325 460 524 1261 1113.",26
"..\He 6481 (2,2_3_0057.jpg",left,91,— de Dynslaken v. G. Ghemen.,27
"..\He 6481 (2,2_3_0057.jpg",left,91,— Dortsand 348.,28
"..\He 6481 (2,2_3_0057.jpg",left,91,— Duderstad 1252.,29
"..\He 6481 (2,2_3_0057.jpg",left,91,— de Duren 598.,30
"..\He 6481 (2,2_3_0057.jpg",left,91,— Everschutte 348 1013 1425.,31
"..\He 6481 (2,2_3_0057.jpg",left,91,— de Valvider 349.,32
"..\He 6481 (2,2_3_0057.jpg",left,91,— van der Deze v. G. de Dese.,33
"..\He 6481 (2,2_3_0057.jpg",left,91,— Vetcoper de Novimagio 9 349 1013 1108 1304.,34
"..\He 6481 (2,2_3_0057.jpg",left,91,— Fingerlein 201.,35
"..\He 6481 (2,2_3_0057.jpg",left,91,— de Vlodorp 349 1224 1356.,36
"..\He 6481 (2,2_3_0057.jpg",left,91,— Florini de Kalkar 350.,37
"..\He 6481 (2,2_3_0057.jpg",left,91,— de Vrentze 604.,38
"..\He 6481 (2,2_3_0057.jpg",left,91,— Vryese 1034.,39
"..\He 6481 (2,2_3_0057.jpg",left,91,— Gamme 9.,40
"..\He 6481 (2,2_3_0057.jpg",left,91,— Gedeke 553.,41
"..\He 6481 (2,2_3_0057.jpg",left,91,— de Gevenich 351.,42
"..\He 6481 (2,2_3_0057.jpg",left,91,— Ghemen de Dynslaken 350 353 357 462 1316.,43
"..\He 6481 (2,2_3_0057.jpg",left,91,— de Goch 351 612.,44
"..\He 6481 (2,2_3_0057.jpg",left,91,— Grym 351.,45
"..\He 6481 (2,2_3_0057.jpg",left,91,— de Hamme 692.,46
"..\He 6481 (2,2_3_0057.jpg",left,91,— de Hammerade (Hammerode) 101 103 152 321 351 423 614 730.,47
"..\He 6481 (2,2_3_0055.jpg",left,87,Gerhardus de Werdena 335 669.,1
"..\He 6481 (2,2_3_0055.jpg",left,87,— dom. de Werdenberch 332.,2
"..\He 6481 (2,2_3_0055.jpg",left,87,— de Westerhusen 333.,3
"..\He 6481 (2,2_3_0055.jpg",left,87,— d. Wickenbroet de Rossem 333.,4
"..\He 6481 (2,2_3_0055.jpg",left,87,— Wille 320.,5
"..\He 6481 (2,2_3_0055.jpg",left,87,— de Wyssenich v. G. Visschenich.,6
"..\He 6481 (2,2_3_0055.jpg",left,87,— de Witte 8 121.,7
"..\He 6481 (2,2_3_0055.jpg",left,87,— Wolcerdynch 83.,8
"..\He 6481 (2,2_3_0055.jpg",left,87,— Woldershusen 514.,9
"..\He 6481 (2,2_3_0055.jpg",left,87,— Wostenye 1221.,10
"..\He 6481 (2,2_3_0055.jpg",left,87,— Wrechol de Widerden 530.,11
"..\He 6481 (2,2_3_0055.jpg",left,87,— Wulf 1027 1221 1236 1270 1283.,12
"..\He 6481 (2,2_3_0055.jpg",left,87,— de Czappenfeld 185.,13
"..\He 6481 (2,2_3_0055.jpg",left,87,— Ziberti 247.,14
"..\He 6481 (2,2_3_0055.jpg",left,87,— de Zyl 1057.,15
"..\He 6481 (2,2_3_0055.jpg",left,87,— de Zulen 1355.,16
"..\He 6481 (2,2_3_0055.jpg",left,87,Gerhochus de Walekh 1353.,17
"..\He 6481 (2,2_3_0055.jpg",left,87,Gherike Bruder 930.,18
"..\He 6481 (2,2_3_0055.jpg",left,87,"Gerlacus (Girlacus, Gherlacus, Gerlacius) 1086.",19
"..\He 6481 (2,2_3_0055.jpg",left,87,— de Bremis 333 1221.,20
"..\He 6481 (2,2_3_0055.jpg",left,87,— de Brunfels 243.,21
"..\He 6481 (2,2_3_0055.jpg",left,87,— prep. eccl. Buccen. 1342.,22
"..\He 6481 (2,2_3_0055.jpg",left,87,— de Duren 632.,23
"..\He 6481 (2,2_3_0055.jpg",left,87,— de Erclentz 1428.,24
"..\He 6481 (2,2_3_0055.jpg",left,87,— Ernesti de Liche 333.,25
"..\He 6481 (2,2_3_0055.jpg",left,87,— de Esch v. G. Heriberti.,26
"..\He 6481 (2,2_3_0055.jpg",left,87,— Pfansmit 59.,27
"..\He 6481 (2,2_3_0055.jpg",left,87,— Florentii 1355.,28
"..\He 6481 (2,2_3_0055.jpg",left,87,— de Franckenberch (Franckenberg) 234 333 1031.,29
"..\He 6481 (2,2_3_0055.jpg",left,87,— Gerlaci de Erpel 333.,30
"..\He 6481 (2,2_3_0055.jpg",left,87,— Gripeshop 225.,31
"..\He 6481 (2,2_3_0055.jpg",left,87,— de Ghur 509.,32
"..\He 6481 (2,2_3_0055.jpg",left,87,— Gutzil 397.,33
"..\He 6481 (2,2_3_0055.jpg",left,87,— de Haren 333.,34
"..\He 6481 (2,2_3_0055.jpg",left,87,— Heriberti Buck de Esch 333 604 775 999 1199 1221 1313 1318.,35
"..\He 6481 (2,2_3_0055.jpg",left,87,— de Homburg (Homborch) 335 753 1259 1312 1377.,36
"..\He 6481 (2,2_3_0055.jpg",left,87,— Johannis Budel 8.,37
"..\He 6481 (2,2_3_0055.jpg",left,87,— de Lymburg (in castro Limburg.) 335 868 904 1222.,38
"..\He 6481 (2,2_3_0055.jpg",left,87,— aep. Magunt. 98 771 816 940 1043 1056 1202.,39
"..\He 6481 (2,2_3_0055.jpg",left,87,— de Merzenich 335.,40
"..\He 6481 (2,2_3_0055.jpg",left,87,— de Molendino 818.,41
"..\He 6481 (2,2_3_0055.jpg",left,87,— Mone 335.,42
"..\He 6481 (2,2_3_0055.jpg",left,87,— Morren 1276.,43
"..\He 6481 (2,2_3_0055.jpg",left,87,— de Oytgenbach 197.,44
"..\He 6481 (2,2_3_0055.jpg",left,87,— Scepenberg 335.,45
"..\He 6481 (2,2_3_0055.jpg",left,87,— Silvestri de Monthabur 335 1349 1402.,46
"..\He 6481 (2,2_3_0050.jpg",right,78,Fredericus de See 1392.,1
"..\He 6481 (2,2_3_0050.jpg",right,78,— Sentzkow 1216 1249.,2
"..\He 6481 (2,2_3_0050.jpg",right,78,— Sickingen 302 632 694.,3
"..\He 6481 (2,2_3_0050.jpg",right,78,— Symeler de Melpach 302 526.,4
"..\He 6481 (2,2_3_0050.jpg",right,78,— dec. eccl. ss. Simonis et Jude Goslar. 227.,5
"..\He 6481 (2,2_3_0050.jpg",right,78,— Slecht 1028.,6
"..\He 6481 (2,2_3_0050.jpg",right,78,— de Sleyda 1039.,7
"..\He 6481 (2,2_3_0050.jpg",right,78,"— de Sleyda, abb. mon. Prumen. 302.",8
"..\He 6481 (2,2_3_0050.jpg",right,78,— de Slywen 302.,9
"..\He 6481 (2,2_3_0050.jpg",right,78,— ep. Spiren. 778 1135.,10
"..\He 6481 (2,2_3_0050.jpg",right,78,— Spoek 891.,11
"..\He 6481 (2,2_3_0050.jpg",right,78,— Stadler 8.,12
"..\He 6481 (2,2_3_0050.jpg",right,78,— vom Staynhus 302.,13
"..\He 6481 (2,2_3_0050.jpg",right,78,— Stalberch 302.,14
"..\He 6481 (2,2_3_0050.jpg",right,78,— Streber 71.,15
"..\He 6481 (2,2_3_0050.jpg",right,78,— baro de Stubenberg 303.,16
"..\He 6481 (2,2_3_0050.jpg",right,78,— Stump 303 442.,17
"..\He 6481 (2,2_3_0050.jpg",right,78,— Surinc 96.,18
"..\He 6481 (2,2_3_0050.jpg",right,78,— Sussner de Sultzpach 303 924.,19
"..\He 6481 (2,2_3_0050.jpg",right,78,— Techler 303.,20
"..\He 6481 (2,2_3_0050.jpg",right,78,— Textoris de Miltenberch 290.,21
"..\He 6481 (2,2_3_0050.jpg",right,78,— prep. eccl. s. Thome Argent. 1255.,22
"..\He 6481 (2,2_3_0050.jpg",right,78,— Torraien 303.,23
"..\He 6481 (2,2_3_0050.jpg",right,78,— de Tortzebach 303.,24
"..\He 6481 (2,2_3_0050.jpg",right,78,— ep. Traiect. v. F. ep. Argent.,25
"..\He 6481 (2,2_3_0050.jpg",right,78,— de Trebere 417.,26
"..\He 6481 (2,2_3_0050.jpg",right,78,— lantgravius Thuringie et marchio Misn. 57 104 292 822 1215 1298 1353.,27
"..\He 6481 (2,2_3_0050.jpg",right,78,— Twivel al. d. Unrawe 1228.,28
"..\He 6481 (2,2_3_0050.jpg",right,78,— Udalrici Cerdonis de Vicendortus 304.,29
"..\He 6481 (2,2_3_0050.jpg",right,78,— Unruge 304.,30
"..\He 6481 (2,2_3_0050.jpg",right,78,— de Urdinghen 496.,31
"..\He 6481 (2,2_3_0050.jpg",right,78,— Usk 304.,32
"..\He 6481 (2,2_3_0050.jpg",right,78,— Walteri d. Kress 304.,33
"..\He 6481 (2,2_3_0050.jpg",right,78,— baro de Waltse (Walse) 66 131 1028.,34
"..\He 6481 (2,2_3_0050.jpg",right,78,— de Wansleve v- F. Erici de W.,35
"..\He 6481 (2,2_3_0050.jpg",right,78,— de Weinzirrl 304.,36
"..\He 6481 (2,2_3_0050.jpg",right,78,— de Wenden 304.,37
"..\He 6481 (2,2_3_0050.jpg",right,78,— Wene 781.,38
"..\He 6481 (2,2_3_0050.jpg",right,78,— Werde 417.,39
"..\He 6481 (2,2_3_0050.jpg",right,78,— de Werna 304.,40
"..\He 6481 (2,2_3_0050.jpg",right,78,— de Wertheim 304.,41
"..\He 6481 (2,2_3_0050.jpg",right,78,— d. Westner 304.,42
"..\He 6481 (2,2_3_0050.jpg",right,78,— de Wyenna 304.,43
"..\He 6481 (2,2_3_0050.jpg",right,78,— Wigger 304.,44
"..\He 6481 (2,2_3_0050.jpg",right,78,— Wilczicz 305 536.,45
"..\He 6481 (2,2_3_0050.jpg",right,78,— Wirssing 305.,46
"..\He 6481 (2,2_3_0050.jpg",right,78,— d. Wolf 305.,47
"..\He 6481 (2,2_3_0050.jpg",right,78,— Wonnecker 305.,48
"..\He 6481 (2,2_3_0050.jpg",right,78,— Czolner de Wesalia 305.,49
"..\He 6481 (2,2_3_0058.jpg",right,94,Gotswinus v. Goswinus.,1
"..\He 6481 (2,2_3_0058.jpg",right,94,Grebba 1148 1433.,2
"..\He 6481 (2,2_3_0058.jpg",right,94,Greda (Greta) Bar de Wunnenberg 9.,3
"..\He 6481 (2,2_3_0058.jpg",right,94,— d. Kurtzin 1122.,4
"..\He 6481 (2,2_3_0058.jpg",right,94,— 302 1225 (v. Fredericus de Schonenburg).,5
"..\He 6481 (2,2_3_0058.jpg",right,94,— 802 (v. Ywanus Prick).,6
"..\He 6481 (2,2_3_0058.jpg",right,94,— de Nunhusen 1140 (v. Waltherus de Owe).,7
"..\He 6481 (2,2_3_0058.jpg",right,94,— 1301 (v. Petrus Bart).,8
"..\He 6481 (2,2_3_0058.jpg",right,94,— 361 (v. Petrus Zungensefleisch).,9
"..\He 6481 (2,2_3_0058.jpg",right,94,— 1043 (v. Siboldus d. Leonis de Steynfurt).,10
"..\He 6481 (2,2_3_0058.jpg",right,94,"— 1102 (v. Theodericus Thewus, Amelongus Moren).",11
"..\He 6481 (2,2_3_0058.jpg",right,94,— Ungelter 380.,12
"..\He 6481 (2,2_3_0058.jpg",right,94,Gregorius papa XI. 836.,13
"..\He 6481 (2,2_3_0058.jpg",right,94,— Bisschofeswerder 1357.,14
"..\He 6481 (2,2_3_0058.jpg",right,94,— de Butzcow 362.,15
"..\He 6481 (2,2_3_0058.jpg",right,94,— Kirchenmayr 362.,16
"..\He 6481 (2,2_3_0058.jpg",right,94,— Ditelini 362.,17
"..\He 6481 (2,2_3_0058.jpg",right,94,— de Gorka 876.,18
"..\He 6481 (2,2_3_0058.jpg",right,94,— Gutensteiner 716.,19
"..\He 6481 (2,2_3_0058.jpg",right,94,— Henrici Taem 362 651 1366.,20
"..\He 6481 (2,2_3_0058.jpg",right,94,— de Lescowitz 534.,21
"..\He 6481 (2,2_3_0058.jpg",right,94,— Nicolai de Chwalcowitz 362.,22
"..\He 6481 (2,2_3_0058.jpg",right,94,— ep. Patav. v. Georgius de Hochenloch.,23
"..\He 6481 (2,2_3_0058.jpg",right,94,— d. Peynre de Tyla 362.,24
"..\He 6481 (2,2_3_0058.jpg",right,94,— Poeta 1117.,25
"..\He 6481 (2,2_3_0058.jpg",right,94,— aep. Salzburg. v. Georgius Schenk.,26
"..\He 6481 (2,2_3_0058.jpg",right,94,— Tam v. G. Henrici.,27
"..\He 6481 (2,2_3_0058.jpg",right,94,— de Trewnitz 363.,28
"..\He 6481 (2,2_3_0058.jpg",right,94,— de Wandesleiben 4 9.,29
"..\He 6481 (2,2_3_0058.jpg",right,94,— Wekenstorfer 716.,30
"..\He 6481 (2,2_3_0058.jpg",right,94,Grimoldus prep. mon. [Berchtesgaden.] 29.,31
"..\He 6481 (2,2_3_0058.jpg",right,94,Gualterus v. Walterus.,32
"..\He 6481 (2,2_3_0058.jpg",right,94,Guaspar v. Caspar.,33
"..\He 6481 (2,2_3_0058.jpg",right,94,Guda 1407 (v. Merkelinus Staff).,34
"..\He 6481 (2,2_3_0058.jpg",right,94,Gudchine 1263 (v. Johannes de Lapide).,35
"..\He 6481 (2,2_3_0058.jpg",right,94,Guemarus Went 342 381.,36
"..\He 6481 (2,2_3_0058.jpg",right,94,Gufridus v. Ernfridus.,37
"..\He 6481 (2,2_3_0058.jpg",right,94,Guido de Busco 1225.,38
"..\He 6481 (2,2_3_0058.jpg",right,94,— tit. s. Crucis in Jerus. presb. card. 77.,39
"..\He 6481 (2,2_3_0058.jpg",right,94,— tit. s. Laurentii in Lucina presb. card. 1421.,40
"..\He 6481 (2,2_3_0058.jpg",right,94,— Portuen. ep. card. 340.,41
"..\He 6481 (2,2_3_0058.jpg",right,94,— de la Preele 384.,42
"..\He 6481 (2,2_3_0058.jpg",right,94,Guignisii (Guinisii) civ. Lucan. 10 14.,43
"..\He 6481 (2,2_3_0056.jpg",left,89,Ginghelbertus Saelhusin v. Engelbertus de S.,1
"..\He 6481 (2,2_3_0056.jpg",left,89,Girardus v. Gerhardus.,2
"..\He 6481 (2,2_3_0056.jpg",left,89,Girlacus v. Gerlacus.,3
"..\He 6481 (2,2_3_0056.jpg",left,89,"Giselbertus (Ghysbertus, Ghiselbertus) de Aemsterdam 339.",4
"..\He 6481 (2,2_3_0056.jpg",left,89,— Bot 3.,5
"..\He 6481 (2,2_3_0056.jpg",left,89,— Kok 369.,6
"..\He 6481 (2,2_3_0056.jpg",left,89,— Dobberkow 947.,7
"..\He 6481 (2,2_3_0056.jpg",left,89,— Don 339.,8
"..\He 6481 (2,2_3_0056.jpg",left,89,— de Eke 339.,9
"..\He 6481 (2,2_3_0056.jpg",left,89,— de Ense 339 990.,10
"..\He 6481 (2,2_3_0056.jpg",left,89,— Gerardi Vleerdinghen 339.,11
"..\He 6481 (2,2_3_0056.jpg",left,89,— Girlaci de Poppelsdorf 339.,12
"..\He 6481 (2,2_3_0056.jpg",left,89,— de Gruysbeke 339.,13
"..\He 6481 (2,2_3_0056.jpg",left,89,— Heynonis 680.,14
"..\He 6481 (2,2_3_0056.jpg",left,89,— Henrici de Yselsteyn 340.,15
"..\He 6481 (2,2_3_0056.jpg",left,89,— de Herwinen (Horwinen) 480 534.,16
"..\He 6481 (2,2_3_0056.jpg",left,89,— Johannis Hereman 401 1222.,17
"..\He 6481 (2,2_3_0056.jpg",left,89,— de Lochorst 323 338 1115.,18
"..\He 6481 (2,2_3_0056.jpg",left,89,— de Mynden 1072.,19
"..\He 6481 (2,2_3_0056.jpg",left,89,— de Monte 1090.,20
"..\He 6481 (2,2_3_0056.jpg",left,89,— d. Schardenberch de Heyden 340.,21
"..\He 6481 (2,2_3_0056.jpg",left,89,— de Tyela 1222 1338 1355 1372 1375.,22
"..\He 6481 (2,2_3_0056.jpg",left,89,— de Wel 327.,23
"..\He 6481 (2,2_3_0056.jpg",left,89,— de Wytenhorst 340.,24
"..\He 6481 (2,2_3_0056.jpg",left,89,"Giselherus (Geyselherus, Giselerus) de Boventen 167 340 1223.",25
"..\He 6481 (2,2_3_0056.jpg",left,89,— de Dobrachow (Dowrotaw) 340 1136.,26
"..\He 6481 (2,2_3_0056.jpg",left,89,— Freve 1223.,27
"..\He 6481 (2,2_3_0056.jpg",left,89,— Jungen 9 341 483.,28
"..\He 6481 (2,2_3_0056.jpg",left,89,— de Munden 341.,29
"..\He 6481 (2,2_3_0056.jpg",left,89,Giselina 341 (v. Remboldus d. Wetzsel).,30
"..\He 6481 (2,2_3_0056.jpg",left,89,Ghislarus Dormegede 469.,31
"..\He 6481 (2,2_3_0056.jpg",left,89,Gyso Catzmann (Gatzmann) 166 185 341 389 1233 1244 1280.,32
"..\He 6481 (2,2_3_0056.jpg",left,89,— Dusse de Ratingen 26 233 337 365 804.,33
"..\He 6481 (2,2_3_0056.jpg",left,89,— Schoneberghe (Schonenberch) 319 823 1223.,34
"..\He 6481 (2,2_3_0056.jpg",left,89,— de Tanna 777 997.,35
"..\He 6481 (2,2_3_0056.jpg",left,89,— de Tekeneborch 123.,36
"..\He 6481 (2,2_3_0056.jpg",left,89,— Usdemgraben 341.,37
"..\He 6481 (2,2_3_0056.jpg",left,89,Gobelinus v. G. de Lysenkirchen.,38
"..\He 6481 (2,2_3_0056.jpg",left,89,— de Assel 342.,39
"..\He 6481 (2,2_3_0056.jpg",left,89,— de Berka 314 342 639.,40
"..\He 6481 (2,2_3_0056.jpg",left,89,— Busschoff 343 1090.,41
"..\He 6481 (2,2_3_0056.jpg",left,89,— de Kempen 632.,42
"..\He 6481 (2,2_3_0056.jpg",left,89,— de Dych 343.,43
"..\He 6481 (2,2_3_0056.jpg",left,89,— de Duren 343.,44
"..\He 6481 (2,2_3_0059.jpg",right,96,Guilelmus Clari 669 783.,1
"..\He 6481 (2,2_3_0059.jpg",right,96,— Cleye 366.,2
"..\He 6481 (2,2_3_0059.jpg",right,96,— Koelskijn (Coelsken) de Duysborgh 366 1370.,3
"..\He 6481 (2,2_3_0059.jpg",right,96,— aep. Colon. 341.,4
"..\He 6481 (2,2_3_0059.jpg",right,96,— Conradi Piscatoris de Pechlarn 366.,5
"..\He 6481 (2,2_3_0059.jpg",right,96,— Conradi Torar 366.,6
"..\He 6481 (2,2_3_0059.jpg",right,96,— Kortelangen 367.,7
"..\He 6481 (2,2_3_0059.jpg",right,96,— Decani al. d. Ginter 674.,8
"..\He 6481 (2,2_3_0059.jpg",right,96,— Depenbrok 367.,9
"..\He 6481 (2,2_3_0059.jpg",right,96,— de Dyepenbroke 367.,10
"..\He 6481 (2,2_3_0059.jpg",right,96,— de Diest 533.,11
"..\He 6481 (2,2_3_0059.jpg",right,96,— de Does 367.,12
"..\He 6481 (2,2_3_0059.jpg",right,96,— de Druten 367.,13
"..\He 6481 (2,2_3_0059.jpg",right,96,— Durinc 69.,14
"..\He 6481 (2,2_3_0059.jpg",right,96,— Eberhardi de Wulensteyn 367.,15
"..\He 6481 (2,2_3_0059.jpg",right,96,— de Eyb 367.,16
"..\He 6481 (2,2_3_0059.jpg",right,96,— Englonder 10.,17
"..\He 6481 (2,2_3_0059.jpg",right,96,— de Esch 367.,18
"..\He 6481 (2,2_3_0059.jpg",right,96,— Fabri 367.,19
"..\He 6481 (2,2_3_0059.jpg",right,96,— van der Causter 689.,20
"..\He 6481 (2,2_3_0059.jpg",right,96,— van der Lynden de Wissershem 1242.,21
"..\He 6481 (2,2_3_0059.jpg",right,96,— ep. Pharen. 1159.,22
"..\He 6481 (2,2_3_0059.jpg",right,96,— Verig 267.,23
"..\He 6481 (2,2_3_0059.jpg",right,96,— de Firmionis 380.,24
"..\He 6481 (2,2_3_0059.jpg",right,96,— de Vishusen 117.,25
"..\He 6481 (2,2_3_0059.jpg",right,96,— d. Visscher 1103.,26
"..\He 6481 (2,2_3_0059.jpg",right,96,— abb. mon. s. Viti in Teris 367.,27
"..\He 6481 (2,2_3_0059.jpg",right,96,— de Flaslanden 367.,28
"..\He 6481 (2,2_3_0059.jpg",right,96,— de Volkensem 239 498 1007 1371.,29
"..\He 6481 (2,2_3_0059.jpg",right,96,— Vrachtorp 24.,30
"..\He 6481 (2,2_3_0059.jpg",right,96,— de Frawemberg 727.,31
"..\He 6481 (2,2_3_0059.jpg",right,96,— de Vrelenberg 368.,32
"..\He 6481 (2,2_3_0059.jpg",right,96,— Freseken 117 269 318 350 353 368 1316 1406.,33
"..\He 6481 (2,2_3_0059.jpg",right,96,— Vreze 368.,34
"..\He 6481 (2,2_3_0059.jpg",right,96,— Gaysendorff 368.,35
"..\He 6481 (2,2_3_0059.jpg",right,96,— Galonis 665.,36
"..\He 6481 (2,2_3_0059.jpg",right,96,— de Geent 368.,37
"..\He 6481 (2,2_3_0059.jpg",right,96,"— Gelrie ac Juliac. dux, com. Zutphan. 10 113 237 345 346 368 371 372 522 744 832 939 1014 1068 1163.",38
"..\He 6481 (2,2_3_0059.jpg",right,96,— Gerbrandi 368.,39
"..\He 6481 (2,2_3_0059.jpg",right,96,— Ghiselberti de Dyepenburch 369.,40
"..\He 6481 (2,2_3_0059.jpg",right,96,— de Glaedbach 145.,41
"..\He 6481 (2,2_3_0059.jpg",right,96,— de Goch 1229 1244 1273 1316 1369.,42
"..\He 6481 (2,2_3_0059.jpg",right,96,— Grywel 345.,43
"..\He 6481 (2,2_3_0059.jpg",right,96,— de Gruesbeke (Grasbeke) 369 643.,44
"..\He 6481 (2,2_3_0059.jpg",right,96,— Wilhelmi de Kerne 592.,45
"..\He 6481 (2,2_3_0059.jpg",right,96,— Wilhelmi Nicolai de Hildernisse (Hidernisse) 369 1226.,46
"..\He 6481 (2,2_3_0059.jpg",right,96,— Wilhelmi de Sachszenheim 370 465.,47
"..\He 6481 (2,2_3_0058.jpg",left,93,Gotfridus Sure de Bacheraco 356.,1
"..\He 6481 (2,2_3_0058.jpg",left,93,— de Theonisvilla 1356 1390.,2
"..\He 6481 (2,2_3_0058.jpg",left,93,— Transoys 123.,3
"..\He 6481 (2,2_3_0058.jpg",left,93,— Uptenberghe 357.,4
"..\He 6481 (2,2_3_0058.jpg",left,93,— Warendorp 626 847.,5
"..\He 6481 (2,2_3_0058.jpg",left,93,— Wegghezyn 254 357 756.,6
"..\He 6481 (2,2_3_0058.jpg",left,93,— de Welhoven 5.,7
"..\He 6481 (2,2_3_0058.jpg",left,93,— de Wichtenbeke 357.,8
"..\He 6481 (2,2_3_0058.jpg",left,93,— Wilderich 1356.,9
"..\He 6481 (2,2_3_0058.jpg",left,93,— Wittene 357.,10
"..\He 6481 (2,2_3_0058.jpg",left,93,— de Wlodorp v. G. de Vlodorp.,11
"..\He 6481 (2,2_3_0058.jpg",left,93,— Zagel 1397.,12
"..\He 6481 (2,2_3_0058.jpg",left,93,— de Zanda de Zyrexee 357.,13
"..\He 6481 (2,2_3_0058.jpg",left,93,— Czumberne 357.,14
"..\He 6481 (2,2_3_0058.jpg",left,93,Gothardus Stummel de Sygin 357 1276.,15
"..\He 6481 (2,2_3_0058.jpg",left,93,— de Wycherow 358.,16
"..\He 6481 (2,2_3_0058.jpg",left,93,Gotho el. Sevastopol. 917.,17
"..\He 6481 (2,2_3_0058.jpg",left,93,"Gotscalcus (Gotschalcus, Goscalcus) de Aldenzalo 625.",18
"..\He 6481 (2,2_3_0058.jpg",left,93,— Beuermann 359.,19
"..\He 6481 (2,2_3_0058.jpg",left,93,— de Caltheim 565 1108.,20
"..\He 6481 (2,2_3_0058.jpg",left,93,— de Campen 9 22 358 658 788 797.,21
"..\He 6481 (2,2_3_0058.jpg",left,93,— Canczecow 687.,22
"..\He 6481 (2,2_3_0058.jpg",left,93,— de Kerpena 358.,23
"..\He 6481 (2,2_3_0058.jpg",left,93,— de Crame 1355.,24
"..\He 6481 (2,2_3_0058.jpg",left,93,— ep. Curon. v. G. Scutte.,25
"..\He 6481 (2,2_3_0058.jpg",left,93,— abb. mon. in Dargun 359.,26
"..\He 6481 (2,2_3_0058.jpg",left,93,— Divitus 359.,27
"..\He 6481 (2,2_3_0058.jpg",left,93,— van der Culen 358.,28
"..\He 6481 (2,2_3_0058.jpg",left,93,— Vrese 359 916.,29
"..\He 6481 (2,2_3_0058.jpg",left,93,— Hoveman 119 359 366 372 626 660.,30
"..\He 6481 (2,2_3_0058.jpg",left,93,— Inpruker 359.,31
"..\He 6481 (2,2_3_0058.jpg",left,93,— abb. mon. Melicen. 20 832.,32
"..\He 6481 (2,2_3_0058.jpg",left,93,— abb. mon. Pigavien. 194.,33
"..\He 6481 (2,2_3_0058.jpg",left,93,— Rode 359.,34
"..\He 6481 (2,2_3_0058.jpg",left,93,"— Scutte (Stutte), ep. Curon. 359 1224 1276.",35
"..\He 6481 (2,2_3_0058.jpg",left,93,— Selendunck de Ratinghen 236 359 1224.,36
"..\He 6481 (2,2_3_0058.jpg",left,93,— de Smedestete 292.,37
"..\He 6481 (2,2_3_0058.jpg",left,93,— Swarte 1225.,38
"..\He 6481 (2,2_3_0058.jpg",left,93,— Tylon de Calenhart 360.,39
"..\He 6481 (2,2_3_0058.jpg",left,93,— Warendorp 360 362 651 1225 1284.,40
"..\He 6481 (2,2_3_0058.jpg",left,93,— de Werd a 779.,41
"..\He 6481 (2,2_3_0058.jpg",left,93,— de Woesten 360.,42
"..\He 6481 (2,2_3_0058.jpg",left,93,— de Wuren 358 360.,43
"..\He 6481 (2,2_3_0058.jpg",left,93,Gotzko de Berckech 1122.,44
"..\He 6481 (2,2_3_0058.jpg",left,93,Gotzmannus 926.,45
"..\He 6481 (2,2_3_0058.jpg",left,93,Gotzo de Bettinhusen 133.,46
"..\He 6481 (2,2_3_0058.jpg",left,93,— Brunonis 1192 1229 1273.,47
"..\He 6481 (2,2_3_0058.jpg",left,93,— de Nydeck 361.,48
"..\He 6481 (2,2_3_0058.jpg",left,93,— Schertroger de Monthabur 361.,49
"..\He 6481 (2,2_3_0058.jpg",left,93,— Schilling 972.,50
"..\He 6481 (2,2_3_0060.jpg",left,97,Guilelmus de Halsingen 79.,1
"..\He 6481 (2,2_3_0060.jpg",left,97,— Hase 937.,2
"..\He 6481 (2,2_3_0060.jpg",left,97,— de Heer 87.,3
"..\He 6481 (2,2_3_0060.jpg",left,97,— de Helffensteyn 240 370.,4
"..\He 6481 (2,2_3_0060.jpg",left,97,— de Hemeringhe 370.,5
"..\He 6481 (2,2_3_0060.jpg",left,97,— Hennepman (Hanepman) 359 370 501 768 1105.,6
"..\He 6481 (2,2_3_0060.jpg",left,97,— Heinrici de Heyle 370.,7
"..\He 6481 (2,2_3_0060.jpg",left,97,— Henrici Ysaac de Bullisheim 370.,8
"..\He 6481 (2,2_3_0060.jpg",left,97,— Henrici Opdemcampe 1357.,9
"..\He 6481 (2,2_3_0060.jpg",left,97,— de Herbelstat 370.,10
"..\He 6481 (2,2_3_0060.jpg",left,97,— dec. Herbipol. 1357 1385.,11
"..\He 6481 (2,2_3_0060.jpg",left,97,— de Herne 370.,12
"..\He 6481 (2,2_3_0060.jpg",left,97,— de Hohenstein 370.,13
"..\He 6481 (2,2_3_0060.jpg",left,97,— Holtzer 74.,14
"..\He 6481 (2,2_3_0060.jpg",left,97,— Humbel de Stouffenberg 370.,15
"..\He 6481 (2,2_3_0060.jpg",left,97,— Jacobi 966.,16
"..\He 6481 (2,2_3_0060.jpg",left,97,— Jacobi 1226.,17
"..\He 6481 (2,2_3_0060.jpg",left,97,— Jacobi Joils de Luiss 370.,18
"..\He 6481 (2,2_3_0060.jpg",left,97,— de Ydemesheim 371 525.,19
"..\He 6481 (2,2_3_0060.jpg",left,97,— de Ynghen 479.,20
"..\He 6481 (2,2_3_0060.jpg",left,97,— Johannis de Bochem 371.,21
"..\He 6481 (2,2_3_0060.jpg",left,97,— Johannis d. Kup de Steenbergis 371.,22
"..\He 6481 (2,2_3_0060.jpg",left,97,— Johannis de Ghorkem 371.,23
"..\He 6481 (2,2_3_0060.jpg",left,97,— Johannis de Topalico 82.,24
"..\He 6481 (2,2_3_0060.jpg",left,97,— de Isenburg 460.,25
"..\He 6481 (2,2_3_0060.jpg",left,97,— de Ysendoren 371 1085.,26
"..\He 6481 (2,2_3_0060.jpg",left,97,— Jud de Monaco 1248.,27
"..\He 6481 (2,2_3_0060.jpg",left,97,— dux Juliac. v. G. Gelrie.,28
"..\He 6481 (2,2_3_0060.jpg",left,97,— Juncferinch (Juncfrich) 125 371.,29
"..\He 6481 (2,2_3_0060.jpg",left,97,— Iwani de Jeizen al. de Necztin 1241.,30
"..\He 6481 (2,2_3_0060.jpg",left,97,— Ywini 1357.,31
"..\He 6481 (2,2_3_0060.jpg",left,97,— de Lacu 10.,32
"..\He 6481 (2,2_3_0060.jpg",left,97,— Ledderpaep 69.,33
"..\He 6481 (2,2_3_0060.jpg",left,97,— Leo de Reys 41 103 220 348 372 663 675 729 740 741 772 932 1192 1220 1226 1231 1242 1258 1260 1286 1297 1314.,34
"..\He 6481 (2,2_3_0060.jpg",left,97,— de Leonrad 374 1200 1226 1307.,35
"..\He 6481 (2,2_3_0060.jpg",left,97,— Lyfgher (Luffiger) 372 1109.,36
"..\He 6481 (2,2_3_0060.jpg",left,97,— Ludowici de Doensdal 374.,37
"..\He 6481 (2,2_3_0060.jpg",left,97,— Maelwael 374.,38
"..\He 6481 (2,2_3_0060.jpg",left,97,— Mangel de Gdantzk 374.,39
"..\He 6481 (2,2_3_0060.jpg",left,97,— abb. mon. b. Marie de Insula 374.,40
"..\He 6481 (2,2_3_0060.jpg",left,97,— abb. mon. s. Marie Middeburg. 374 1324.,41
"..\He 6481 (2,2_3_0060.jpg",left,97,— Marquardi 374.,42
"..\He 6481 (2,2_3_0060.jpg",left,97,— abb. mon. s. Martinie. m. Trever. 533.,43
"..\He 6481 (2,2_3_0060.jpg",left,97,"— Mawter, baro de Catzenperig 374.",44
"..\He 6481 (2,2_3_0060.jpg",left,97,— Menlin de Nurembega 375.,45
"..\He 6481 (2,2_3_0060.jpg",left,97,— abb. mon. s. Michaelis Montismonachorum prope Bambergam (Brandeburgam) 375.,46
"..\He 6481 (2,2_3_0057.jpg",right,92,Gotfridus de Harne (Herne) 94 353 404 451 509 1103 1226 1271 1316.,1
"..\He 6481 (2,2_3_0057.jpg",right,92,— Heket 353 972.,2
"..\He 6481 (2,2_3_0057.jpg",right,92,— Heelt 658.,3
"..\He 6481 (2,2_3_0057.jpg",right,92,— de Heydensbach 1139.,4
"..\He 6481 (2,2_3_0057.jpg",right,92,— dom. de Heynsberg 152.,5
"..\He 6481 (2,2_3_0057.jpg",right,92,— Henrici de Bruchsel 1356.,6
"..\He 6481 (2,2_3_0057.jpg",right,92,— ep. Herbipo¹. 1166.,7
"..\He 6481 (2,2_3_0057.jpg",right,92,— Herbordi 494.,8
"..\He 6481 (2,2_3_0057.jpg",right,92,— de Herne v. G. de Harne.,9
"..\He 6481 (2,2_3_0057.jpg",right,92,— Hessen 479.,10
"..\He 6481 (2,2_3_0057.jpg",right,92,— Hoelwogh 1356.,11
"..\He 6481 (2,2_3_0057.jpg",right,92,— de Hongede (Hongide) 354 407.,12
"..\He 6481 (2,2_3_0057.jpg",right,92,— d. Hulwecke de Monthabur 354.,13
"..\He 6481 (2,2_3_0057.jpg",right,92,— Lamesnase 595.,14
"..\He 6481 (2,2_3_0057.jpg",right,92,— de Leinbach (Laimbach) 184 354.,15
"..\He 6481 (2,2_3_0057.jpg",right,92,— Levoldi 354 681.,16
"..\He 6481 (2,2_3_0057.jpg",right,92,— Liebsperger 354.,17
"..\He 6481 (2,2_3_0057.jpg",right,92,— de Lyenen 90 354 772 799.,18
"..\He 6481 (2,2_3_0057.jpg",right,92,— Lilkenlo 1356.,19
"..\He 6481 (2,2_3_0057.jpg",right,92,— de Linche 354 603 (cf. G. Creuwel).,20
"..\He 6481 (2,2_3_0057.jpg",right,92,— de Lysenkirchen 355.,21
"..\He 6481 (2,2_3_0057.jpg",right,92,— de Lobio 975.,22
"..\He 6481 (2,2_3_0057.jpg",right,92,— de Lombardia 251.,23
"..\He 6481 (2,2_3_0057.jpg",right,92,— de Maetlar 1356.,24
"..\He 6481 (2,2_3_0057.jpg",right,92,— Mast 809.,25
"..\He 6481 (2,2_3_0057.jpg",right,92,— de Meppen 1342.,26
"..\He 6481 (2,2_3_0057.jpg",right,92,— Negelkin 355.,27
"..\He 6481 (2,2_3_0057.jpg",right,92,— abb. mon. s. Nicolai de Cambrec 381.,28
"..\He 6481 (2,2_3_0057.jpg",right,92,— de Oestum 43.,29
"..\He 6481 (2,2_3_0057.jpg",right,92,— de Oldenhus al. de Retberghe v. G. Retberch.,30
"..\He 6481 (2,2_3_0057.jpg",right,92,— Papulator 355.,31
"..\He 6481 (2,2_3_0057.jpg",right,92,— ep. Patav. 65 142 155.,32
"..\He 6481 (2,2_3_0057.jpg",right,92,— de Pomerio 712 1012.,33
"..\He 6481 (2,2_3_0057.jpg",right,92,— de Pomezzo 349.,34
"..\He 6481 (2,2_3_0057.jpg",right,92,— Pribitze 355.,35
"..\He 6481 (2,2_3_0057.jpg",right,92,— Reick de Nerendorf 1224.,36
"..\He 6481 (2,2_3_0057.jpg",right,92,— Retberch al. van Oldenhues 355 1224.,37
"..\He 6481 (2,2_3_0057.jpg",right,92,— Rode de Holtzwilre 356 579.,38
"..\He 6481 (2,2_3_0057.jpg",right,92,— abb. mon. Rutten. 577.,39
"..\He 6481 (2,2_3_0057.jpg",right,92,— Salekint 356.,40
"..\He 6481 (2,2_3_0057.jpg",right,92,— de Saneheim 249.,41
"..\He 6481 (2,2_3_0057.jpg",right,92,— de Schermbeke 356.,42
"..\He 6481 (2,2_3_0057.jpg",right,92,— Schulo 1312.,43
"..\He 6481 (2,2_3_0057.jpg",right,92,— Sluter 356.,44
"..\He 6481 (2,2_3_0057.jpg",right,92,— de Spanheim (Sponheim) 692 831.,45
"..\He 6481 (2,2_3_0057.jpg",right,92,— de Stamham 1385.,46
"..\He 6481 (2,2_3_0057.jpg",right,92,— Stoter de Plettemberg 356 1367 1400 1401.,47
"..\He 6481 (2,2_3_0057.jpg",right,92,— de Stummel 576.,48
"..\He 6481 (2,2_3_0061.jpg",left,99,Guilelmus Silberberg de Menkenmer 379.,1
"..\He 6481 (2,2_3_0061.jpg",left,99,— Spyc 329.,2
"..\He 6481 (2,2_3_0061.jpg",left,99,— Sprenger 299 379 737.,3
"..\He 6481 (2,2_3_0061.jpg",left,99,— Stephani 20.,4
"..\He 6481 (2,2_3_0061.jpg",left,99,— Stephani de Legatis 384.,5
"..\He 6481 (2,2_3_0061.jpg",left,99,— Stimezant 48.,6
"..\He 6481 (2,2_3_0061.jpg",left,99,— Stipite de Siberg 379.,7
"..\He 6481 (2,2_3_0061.jpg",left,99,— Stortzkop 378.,8
"..\He 6481 (2,2_3_0061.jpg",left,99,— Stotze 379.,9
"..\He 6481 (2,2_3_0061.jpg",left,99,— de Stralen 346.,10
"..\He 6481 (2,2_3_0061.jpg",left,99,— de Subreff (Sumbreff) 380 680.,11
"..\He 6481 (2,2_3_0061.jpg",left,99,— Swan 1358.,12
"..\He 6481 (2,2_3_0061.jpg",left,99,— ep. Theatin. v. G. Carbono.,13
"..\He 6481 (2,2_3_0061.jpg",left,99,— Tenger 380 686 1409.,14
"..\He 6481 (2,2_3_0061.jpg",left,99,— Theolonarii 836.,15
"..\He 6481 (2,2_3_0061.jpg",left,99,— ep. Traiect. 221 320.,16
"..\He 6481 (2,2_3_0061.jpg",left,99,— abb. mon. s. Trudonis 401.,17
"..\He 6481 (2,2_3_0061.jpg",left,99,— ep. Tudert. v. G. ep. Anconitan.,18
"..\He 6481 (2,2_3_0061.jpg",left,99,— Thuringie lantgravius v. G. marchio Misn.,19
"..\He 6481 (2,2_3_0061.jpg",left,99,— Turs 898 901 1056.,20
"..\He 6481 (2,2_3_0061.jpg",left,99,— Ungelter 380.,21
"..\He 6481 (2,2_3_0061.jpg",left,99,— de Ursfelt 301 396 678 1391.,22
"..\He 6481 (2,2_3_0061.jpg",left,99,— uter Lyre 217.,23
"..\He 6481 (2,2_3_0061.jpg",left,99,— Waltheri Kesinger de Gundelfingen 380.,24
"..\He 6481 (2,2_3_0061.jpg",left,99,— de Waltreia 347.,25
"..\He 6481 (2,2_3_0061.jpg",left,99,— de Weda 380 736 975.,26
"..\He 6481 (2,2_3_0061.jpg",left,99,— de Wye 1227.,27
"..\He 6481 (2,2_3_0061.jpg",left,99,— de Wierinne 380.,28
"..\He 6481 (2,2_3_0061.jpg",left,99,— Wilchin 380.,29
"..\He 6481 (2,2_3_0061.jpg",left,99,— Wild 380.,30
"..\He 6481 (2,2_3_0061.jpg",left,99,— d. Wynter 381.,31
"..\He 6481 (2,2_3_0061.jpg",left,99,— d. Wynter de Albichem 891.,32
"..\He 6481 (2,2_3_0061.jpg",left,99,— Wolferstorfer 727.,33
"..\He 6481 (2,2_3_0061.jpg",left,99,— d. Wrlames 918.,34
"..\He 6481 (2,2_3_0061.jpg",left,99,— de Zale (Zael) 1152 1323 1358.,35
"..\He 6481 (2,2_3_0061.jpg",left,99,— Zedeman 381 1213 1278 1326 1327.,36
"..\He 6481 (2,2_3_0061.jpg",left,99,— Ziberti 381.,37
"..\He 6481 (2,2_3_0061.jpg",left,99,— de Zyl 1032.,38
"..\He 6481 (2,2_3_0061.jpg",left,99,— de Zutphania 381.,39
"..\He 6481 (2,2_3_0061.jpg",left,99,Guinisii v. Guignisii.,40
"..\He 6481 (2,2_3_0061.jpg",left,99,Gumbertus Fabri 381.,41
"..\He 6481 (2,2_3_0061.jpg",left,99,Gumpardus advocatus Colon. 1083.,42
"..\He 6481 (2,2_3_0061.jpg",left,99,"Gundakerus (Gundakarus, Gundekeerus) de Aschpekh (Schpekh) 381 1058 1147.",43
"..\He 6481 (2,2_3_0061.jpg",left,99,— Tamberger 1227.,44
"..\He 6481 (2,2_3_0061.jpg",left,99,Gundlocus d. Marschalich 592.,45
"..\He 6481 (2,2_3_0061.jpg",left,99,Guntherus (Ghunterus) 692.,46
"..\He 6481 (2,2_3_0061.jpg",left,99,— 923.,47
"..\He 6481 (2,2_3_0061.jpg",left,99,— de Babinberg 382.,48
"..\He 6481 (2,2_3_0061.jpg",left,99,— de Barby 382.,49
"..\He 6481 (2,2_3_0059.jpg",left,95,"Guilelmus (Guilhelmus, Guiller mus, Vilhelmus, Vililmus, Wilhelmus, Willelmus, Willermus) 140.",1
"..\He 6481 (2,2_3_0059.jpg",left,95,— 378.,2
"..\He 6481 (2,2_3_0059.jpg",left,95,— 636.,3
"..\He 6481 (2,2_3_0059.jpg",left,95,— 697.,4
"..\He 6481 (2,2_3_0059.jpg",left,95,— 737.,5
"..\He 6481 (2,2_3_0059.jpg",left,95,— v. G. de Ursfelt.,6
"..\He 6481 (2,2_3_0059.jpg",left,95,— dom. de Abconde et Duerstede 1325.,7
"..\He 6481 (2,2_3_0059.jpg",left,95,— Ade 364.,8
"..\He 6481 (2,2_3_0059.jpg",left,95,— de Adelzheim (Adoltzheim) 364.,9
"..\He 6481 (2,2_3_0059.jpg",left,95,"— ep. Anconit., ep. Tudert. 9 20 364 690 1225.",10
"..\He 6481 (2,2_3_0059.jpg",left,95,— de Anhalt 511.,11
"..\He 6481 (2,2_3_0059.jpg",left,95,— ep. Argent. 75 127 207 235 291 344 364 580 624 879 887 934 960 1092 1125 1154 1203 1225 1337 1357 1401.,12
"..\He 6481 (2,2_3_0059.jpg",left,95,— dux Austriae 1 571 1159 1225.,13
"..\He 6481 (2,2_3_0059.jpg",left,95,— d. Backer 364.,14
"..\He 6481 (2,2_3_0059.jpg",left,95,— Baronis 20.,15
"..\He 6481 (2,2_3_0059.jpg",left,95,— ep. Basil. 364.,16
"..\He 6481 (2,2_3_0059.jpg",left,95,— dux Bavariae et comes Hollandie et comes de Oestervant 365 832 1380.,17
"..\He 6481 (2,2_3_0059.jpg",left,95,"— Bellers, el. Soltan. 365.",18
"..\He 6481 (2,2_3_0059.jpg",left,95,— Beszeler 52.,19
"..\He 6481 (2,2_3_0059.jpg",left,95,— de Bibrach 26.,20
"..\He 6481 (2,2_3_0059.jpg",left,95,— Bocker 319.,21
"..\He 6481 (2,2_3_0059.jpg",left,95,— de Boemel 1225.,22
"..\He 6481 (2,2_3_0059.jpg",left,95,— Bolten 284.,23
"..\He 6481 (2,2_3_0059.jpg",left,95,— Bruen de Renen 365.,24
"..\He 6481 (2,2_3_0059.jpg",left,95,— de Brunshorn 365.,25
"..\He 6481 (2,2_3_0059.jpg",left,95,— dux Brunsvig. 837.,26
"..\He 6481 (2,2_3_0059.jpg",left,95,— Buer 632 935 990 1258.,27
"..\He 6481 (2,2_3_0059.jpg",left,95,— abb. mon. s. Burghardi e. m. Herbi-pol. 500.,28
"..\He 6481 (2,2_3_0059.jpg",left,95,— de Burne 365.,29
"..\He 6481 (2,2_3_0059.jpg",left,95,"— Busche, ep. Minden. 375 520 755 700 1273 1307 1434.",30
"..\He 6481 (2,2_3_0059.jpg",left,95,— Buzer 989 990 1107.,31
"..\He 6481 (2,2_3_0059.jpg",left,95,"— Carbono, ep. Theatin. 366 546 591.",32
"..\He 6481 (2,2_3_0059.jpg",left,95,— d. Cardinael 88 366.,33
"..\He 6481 (2,2_3_0059.jpg",left,95,— com. de Castel 521.,34
"..\He 6481 (2,2_3_0059.jpg",left,95,— archid. s. Castoris in Cardono in eccl. Trever. 355.,35
"..\He 6481 (2,2_3_0059.jpg",left,95,— Kat 366.,36
"..\He 6481 (2,2_3_0059.jpg",left,95,— Keppel 1357.,37
"..\He 6481 (2,2_3_0059.jpg",left,95,— Kesinga (Kesinger) de Nuremberga 380 1226.,38
"..\He 6481 (2,2_3_0059.jpg",left,95,— Cesini d. Splinter 366.,39
"..\He 6481 (2,2_3_0059.jpg",left,95,— Kilcher 366.,40
"..\He 6481 (2,2_3_0059.jpg",left,95,— com. de Kirchberg 234.,41
"..\He 6481 (2,2_3_0059.jpg",left,95,— d. Kirnagel 426.,42
"..\He 6481 (2,2_3_0062.jpg",left,101,Hayo 44.,1
"..\He 6481 (2,2_3_0062.jpg",left,101,— de Anglym 387.,2
"..\He 6481 (2,2_3_0062.jpg",left,101,Hanko el. Camin. 585.,3
"..\He 6481 (2,2_3_0062.jpg",left,101,— de Goslowitz 251.,4
"..\He 6481 (2,2_3_0062.jpg",left,101,Hannannus Johannis Hserichers 291.,5
"..\He 6481 (2,2_3_0062.jpg",left,101,Hanna 601 (v. Johannes Daghemir).,6
"..\He 6481 (2,2_3_0062.jpg",left,101,Hanns Zwyerhunderthub 944.,7
"..\He 6481 (2,2_3_0062.jpg",left,101,Happelo Catzman 388.,8
"..\He 6481 (2,2_3_0062.jpg",left,101,Happo de Kula 417.,9
"..\He 6481 (2,2_3_0062.jpg",left,101,Harachinus Seedorp 97.,10
"..\He 6481 (2,2_3_0062.jpg",left,101,Harbertus v. Herbertus.,11
"..\He 6481 (2,2_3_0062.jpg",left,101,Haremannus Brimon 20.,12
"..\He 6481 (2,2_3_0062.jpg",left,101,— de Elzem 20.,13
"..\He 6481 (2,2_3_0062.jpg",left,101,Haro Edzardisna 389.,14
"..\He 6481 (2,2_3_0062.jpg",left,101,— archid. Monast. 389.,15
"..\He 6481 (2,2_3_0062.jpg",left,101,Hartlevus (Hertlevus) Adolphi Frolich de Heidelberg 526 606.,16
"..\He 6481 (2,2_3_0062.jpg",left,101,— de Marka 483.,17
"..\He 6481 (2,2_3_0062.jpg",left,101,Hartmannus 200.,18
"..\He 6481 (2,2_3_0062.jpg",left,101,— 706.,19
"..\He 6481 (2,2_3_0062.jpg",left,101,— de Babenberg 25 28.,20
"..\He 6481 (2,2_3_0062.jpg",left,101,— ep. Brixin. 872.,21
"..\He 6481 (2,2_3_0062.jpg",left,101,— Buschenberg iun. 1165.,22
"..\He 6481 (2,2_3_0062.jpg",left,101,— Buschenberg sen. 1165.,23
"..\He 6481 (2,2_3_0062.jpg",left,101,— Keyser 204 389.,24
"..\He 6481 (2,2_3_0062.jpg",left,101,— Kirren 389.,25
"..\He 6481 (2,2_3_0062.jpg",left,101,— Conradi 389.,26
"..\He 6481 (2,2_3_0062.jpg",left,101,— com. palat. in Crayburg 142.,27
"..\He 6481 (2,2_3_0062.jpg",left,101,— Dylmanni Syboden de Battinburg 389.,28
"..\He 6481 (2,2_3_0062.jpg",left,101,— Veyertager 11.,29
"..\He 6481 (2,2_3_0062.jpg",left,101,— Gambecher Gambechel 646 1149.,30
"..\He 6481 (2,2_3_0062.jpg",left,101,— de Geilnhusen 63 1165.,31
"..\He 6481 (2,2_3_0062.jpg",left,101,— Gippser 390.,32
"..\He 6481 (2,2_3_0062.jpg",left,101,— Glyme 390.,33
"..\He 6481 (2,2_3_0062.jpg",left,101,— Guffer 390.,34
"..\He 6481 (2,2_3_0062.jpg",left,101,— de Husenstain 1251.,35
"..\He 6481 (2,2_3_0062.jpg",left,101,— de Loubirbach 390.,36
"..\He 6481 (2,2_3_0062.jpg",left,101,— de Lowekint 11 1031.,37
"..\He 6481 (2,2_3_0062.jpg",left,101,— Meyden 1359.,38
"..\He 6481 (2,2_3_0062.jpg",left,101,— Monachi 258.,39
"..\He 6481 (2,2_3_0062.jpg",left,101,— Olffer al. Urlege 184.,40
"..\He 6481 (2,2_3_0062.jpg",left,101,— Ortolfi 1228 1257.,41
"..\He 6481 (2,2_3_0062.jpg",left,101,— de Prasberg 1358.,42
"..\He 6481 (2,2_3_0062.jpg",left,101,— d. Sybot 390.,43
"..\He 6481 (2,2_3_0062.jpg",left,101,— Swertvegber 1359.,44
"..\He 6481 (2,2_3_0062.jpg",left,101,— de Wissenwegen 379 881.,45
"..\He 6481 (2,2_3_0062.jpg",left,101,— d. Wolf 152.,46
"..\He 6481 (2,2_3_0062.jpg",left,101,— de Wuntz 390.,47
"..\He 6481 (2,2_3_0062.jpg",left,101,Hartmodus Fabri 390.,48
"..\He 6481 (2,2_3_0062.jpg",left,101,Hartnidus (Hertnidus) 926.,49
"..\He 6481 (2,2_3_0062.jpg",left,101,— abb.mon.Admont.390 526 1290 1428.,50
"..\He 6481 (2,2_3_0062.jpg",left,101,— de Lichtenstein 1.,51
"..\He 6481 (2,2_3_0062.jpg",right,102,Hartungus Alskop 390.,1
"..\He 6481 (2,2_3_0062.jpg",right,102,— de Cappel v. H. Molitoris.,2
"..\He 6481 (2,2_3_0062.jpg",right,102,— Kerchbergis 417.,3
"..\He 6481 (2,2_3_0062.jpg",right,102,— Crutzeburg 1358.,4
"..\He 6481 (2,2_3_0062.jpg",right,102,— d. Kunig de Hagenovia 391.,5
"..\He 6481 (2,2_3_0062.jpg",right,102,— Glasewalt al. d. de Rodenberg 513.,6
"..\He 6481 (2,2_3_0062.jpg",right,102,— de Limpurg 471.,7
"..\He 6481 (2,2_3_0062.jpg",right,102,— de Meyningen 391.,8
"..\He 6481 (2,2_3_0062.jpg",right,102,— Molitoris de Cappel 335 357 391 443 495 773 775 973 1198 1207 1208 1211 1228 1230 1238 1263 1268 1274 1285 1303 1314 1318 1320 1359.,9
"..\He 6481 (2,2_3_0062.jpg",right,102,— abb. mon. s. Petri Erford. 391.,10
"..\He 6481 (2,2_3_0062.jpg",right,102,— Stralenvelser 256.,11
"..\He 6481 (2,2_3_0062.jpg",right,102,— Udenstete 392.,12
"..\He 6481 (2,2_3_0062.jpg",right,102,Hartwicus (Hertwicus) de Ekeren (Ekrn) al. Everhardi 392 641 716.,13
"..\He 6481 (2,2_3_0062.jpg",right,102,— Huchler 526.,14
"..\He 6481 (2,2_3_0062.jpg",right,102,— de Lo 1193.,15
"..\He 6481 (2,2_3_0062.jpg",right,102,— prep. mon. s. Nicolai e. m. Patav. 84.,16
"..\He 6481 (2,2_3_0062.jpg",right,102,— de Reczrowe 1398.,17
"..\He 6481 (2,2_3_0062.jpg",right,102,— Richwini de Wonnecken 468 526.,18
"..\He 6481 (2,2_3_0062.jpg",right,102,— Sliker 392.,19
"..\He 6481 (2,2_3_0062.jpg",right,102,— Splic (Splitt) 275 288 715.,20
"..\He 6481 (2,2_3_0062.jpg",right,102,— Stralinberg 526.,21
"..\He 6481 (2,2_3_0062.jpg",right,102,— Würtzwaler de Strazz 392.,22
"..\He 6481 (2,2_3_0062.jpg",right,102,Haselina 177.,23
"..\He 6481 (2,2_3_0062.jpg",right,102,Hassco de Lemberg 72.,24
"..\He 6481 (2,2_3_0062.jpg",right,102,— purggravius in Luchovia 943.,25
"..\He 6481 (2,2_3_0062.jpg",right,102,Hasso Staden 654.,26
"..\He 6481 (2,2_3_0062.jpg",right,102,Hawliko baro de Zwicyzecicz 943.,27
"..\He 6481 (2,2_3_0062.jpg",right,102,Hazeko 221.,28
"..\He 6481 (2,2_3_0062.jpg",right,102,Hebela (Hebele) 226 392 (v. Emericus de Leyen).,29
"..\He 6481 (2,2_3_0062.jpg",right,102,— 397 (v. Heyno de Hollen).,30
"..\He 6481 (2,2_3_0062.jpg",right,102,— 697 (v. Johannes Mercatoris).,31
"..\He 6481 (2,2_3_0062.jpg",right,102,"— 1294 (v. Nicolaus Johannis Sculteti de Husen, Johannes d. Pyel de Padisberg).",32
"..\He 6481 (2,2_3_0062.jpg",right,102,Hedela Snepperinn 930 (v. Nicolaus Stump).,33
"..\He 6481 (2,2_3_0062.jpg",right,102,"Hedwig (Hedewig, Hedwiga, Hedwigis) de Baldeburne 688 (v. Johannes Machfrede de Molleshem).",34
"..\He 6481 (2,2_3_0062.jpg",right,102,— abba mon. in Kitzingen 392 1053.,35
"..\He 6481 (2,2_3_0062.jpg",right,102,— abba mon. s. Clare Wratislav. dioc. 1146. (v. Bolko dux Falkinberg.),36
"..\He 6481 (2,2_3_0062.jpg",right,102,— 171 (v. Conrardus Curtzmannni de Swartzbach).,37
"..\He 6481 (2,2_3_0062.jpg",right,102,— de Lodewigestorff 392.,38
"..\He 6481 (2,2_3_0062.jpg",right,102,— Polonie regina 51 393 961.,39
"..\He 6481 (2,2_3_0063.jpg",right,104,Heyrichus Wyxen 944.,1
"..\He 6481 (2,2_3_0063.jpg",right,104,Heyso de Duderstat 412 802 829.,2
"..\He 6481 (2,2_3_0063.jpg",right,104,— Vunke (Funken) 397 527 1228.,3
"..\He 6481 (2,2_3_0063.jpg",right,104,— de Segele 417.,4
"..\He 6481 (2,2_3_0063.jpg",right,104,Heitmannus Johannis Kessler de superiori Laynstein 398.,5
"..\He 6481 (2,2_3_0063.jpg",right,104,Helena 1358 (v. Guntherus com. de Swartzpurg).,6
"..\He 6481 (2,2_3_0063.jpg",right,104,— 974 (v. Petrus Valkenstainer).,7
"..\He 6481 (2,2_3_0063.jpg",right,104,Helias de Gravia 251.,8
"..\He 6481 (2,2_3_0063.jpg",right,104,Helizabeth v. Elizabeth.,9
"..\He 6481 (2,2_3_0063.jpg",right,104,Helmannus v. Heilmannus.,10
"..\He 6481 (2,2_3_0063.jpg",right,104,Helmbertus Alperot 1228.,11
"..\He 6481 (2,2_3_0063.jpg",right,104,Helmicus Beyerstorp 398.,12
"..\He 6481 (2,2_3_0063.jpg",right,104,— de Dijck 1360.,13
"..\He 6481 (2,2_3_0063.jpg",right,104,— de Halle 398.,14
"..\He 6481 (2,2_3_0063.jpg",right,104,— Liremamn 615.,15
"..\He 6481 (2,2_3_0063.jpg",right,104,— Pistoris de Brunsperg 398.,16
"..\He 6481 (2,2_3_0063.jpg",right,104,— Schroder 1228 1360.,17
"..\He 6481 (2,2_3_0063.jpg",right,104,Helmoldus de Hannover (Honovere) 399 422 949 1093.,18
"..\He 6481 (2,2_3_0063.jpg",right,104,— de Westhusen 201.,19
"..\He 6481 (2,2_3_0063.jpg",right,104,Helpricus de Ostenwolde 579.,20
"..\He 6481 (2,2_3_0063.jpg",right,104,Helwicus de Remrode 558.,21
"..\He 6481 (2,2_3_0063.jpg",right,104,Helwig v. Heilwiga.,22
"..\He 6481 (2,2_3_0063.jpg",right,104,Heneke de Monichusen v. Heyneko.,23
"..\He 6481 (2,2_3_0063.jpg",right,104,"Henningus (Henninghus, Hennighus, Heyningus, Hinningus) de Alvensleve 399.",24
"..\He 6481 (2,2_3_0063.jpg",right,104,— Bercecowe 150.,25
"..\He 6481 (2,2_3_0063.jpg",right,104,— Bernhagen (Benhagen) 129 399.,26
"..\He 6481 (2,2_3_0063.jpg",right,104,— de Bodendik 520.,27
"..\He 6481 (2,2_3_0063.jpg",right,104,— de Borgh v. H. Niendorf.,28
"..\He 6481 (2,2_3_0063.jpg",right,104,— (Emingius) ep. Brandeburg. 1360.,29
"..\He 6481 (2,2_3_0063.jpg",right,104,— Calvorde 641.,30
"..\He 6481 (2,2_3_0063.jpg",right,104,— Keller 151.,31
"..\He 6481 (2,2_3_0063.jpg",right,104,— Kertzendorf 399.,32
"..\He 6481 (2,2_3_0063.jpg",right,104,— Kufhusen 399.,33
"..\He 6481 (2,2_3_0063.jpg",right,104,— Vlanderigen 399.,34
"..\He 6481 (2,2_3_0063.jpg",right,104,— Gherchel 735.,35
"..\He 6481 (2,2_3_0063.jpg",right,104,— Grammentze 399.,36
"..\He 6481 (2,2_3_0063.jpg",right,104,— Grope 399 414 935 950.,37
"..\He 6481 (2,2_3_0063.jpg",right,104,— Haghemester 400.,38
"..\He 6481 (2,2_3_0063.jpg",right,104,— Heket 1229.,39
"..\He 6481 (2,2_3_0063.jpg",right,104,— dec. eccl. Jechburg. v. H. de Saltza.,40
"..\He 6481 (2,2_3_0063.jpg",right,104,— Lange 883.,41
"..\He 6481 (2,2_3_0063.jpg",right,104,— Middenwald 700.,42
"..\He 6481 (2,2_3_0063.jpg",right,104,— dec. eccl. s. Nicolai Stendal. v. H. Niendorf.,43
"..\He 6481 (2,2_3_0063.jpg",right,104,— Niendorf de Borgh 400 1156 1377.,44
"..\He 6481 (2,2_3_0063.jpg",right,104,— dec. Nuemburg. v. H. Grope.,45
"..\He 6481 (2,2_3_0063.jpg",right,104,— Palendorf 150.,46
"..\He 6481 (2,2_3_0063.jpg",right,104,— de Pudbusche 400.,47
"..\He 6481 (2,2_3_0060.jpg",right,98,Guilelmus de Milberch 1099.,1
"..\He 6481 (2,2_3_0060.jpg",right,98,— de Milne 152.,2
"..\He 6481 (2,2_3_0060.jpg",right,98,— el. Minden. v. Guilelmus Busche.,3
"..\He 6481 (2,2_3_0060.jpg",right,98,"— marchio Misn., Thuringie lantgravius 104 114 258 292 375 392 470 519 929 1207 1216 1226 1298 1314.",4
"..\He 6481 (2,2_3_0060.jpg",right,98,— Monstegen 479.,5
"..\He 6481 (2,2_3_0060.jpg",right,98,"— de Monte, ep. Padeburn., el. Colon. 376 1021 1187 1195 1199 1242 1272 1314 1358.",6
"..\He 6481 (2,2_3_0060.jpg",right,98,— de Monteforti 428.,7
"..\He 6481 (2,2_3_0060.jpg",right,98,— dux Monten. 26 189 231 376 1093 1340 1350 1379.,8
"..\He 6481 (2,2_3_0060.jpg",right,98,— abb. mon. Morbac. 376.,9
"..\He 6481 (2,2_3_0060.jpg",right,98,— Mow 89.,10
"..\He 6481 (2,2_3_0060.jpg",right,98,— Naghel 376.,11
"..\He 6481 (2,2_3_0060.jpg",right,98,— Neetboom 1105.,12
"..\He 6481 (2,2_3_0060.jpg",right,98,— Nitgheri de Alcmaria 376.,13
"..\He 6481 (2,2_3_0060.jpg",right,98,— de None 1358.,14
"..\He 6481 (2,2_3_0060.jpg",right,98,— de Novomagio 1094.,15
"..\He 6481 (2,2_3_0060.jpg",right,98,— Odynch 376.,16
"..\He 6481 (2,2_3_0060.jpg",right,98,— com. de Oestervant. v. G. dux Bavarie.,17
"..\He 6481 (2,2_3_0060.jpg",right,98,— de Orsfelt v. G. de Ursfelt.,18
"..\He 6481 (2,2_3_0060.jpg",right,98,— ep. Padeburn. v. G. de Monte.,19
"..\He 6481 (2,2_3_0060.jpg",right,98,— de Parma 1358.,20
"..\He 6481 (2,2_3_0060.jpg",right,98,— Plees de Goch 376 647 805.,21
"..\He 6481 (2,2_3_0060.jpg",right,98,— de Pregrad 377.,22
"..\He 6481 (2,2_3_0060.jpg",right,98,— de Ramberg 624 1040.,23
"..\He 6481 (2,2_3_0060.jpg",right,98,— de Ramersdorp 209 377 470.,24
"..\He 6481 (2,2_3_0060.jpg",right,98,— de Ramoka de Berlandia 1226.,25
"..\He 6481 (2,2_3_0060.jpg",right,98,— Renbot 1227.,26
"..\He 6481 (2,2_3_0060.jpg",right,98,— de Renen 49 273 284 365 371 401 697 802 904 960 1022 1222 1273.,27
"..\He 6481 (2,2_3_0060.jpg",right,98,— Ricol di v. G. Ritoldi.,28
"..\He 6481 (2,2_3_0060.jpg",right,98,— de Rinhem 137.,29
"..\He 6481 (2,2_3_0060.jpg",right,98,— de Rypen 1173.,30
"..\He 6481 (2,2_3_0060.jpg",right,98,— Riperti de Geilnhusen 377.,31
"..\He 6481 (2,2_3_0060.jpg",right,98,— Ritoldi (Ricol di) 717 954.,32
"..\He 6481 (2,2_3_0060.jpg",right,98,— de Rodenberg 892.,33
"..\He 6481 (2,2_3_0060.jpg",right,98,— de Roede 60.,34
"..\He 6481 (2,2_3_0060.jpg",right,98,— de Rorrer 378.,35
"..\He 6481 (2,2_3_0060.jpg",right,98,— de Sachszem v. G. Wilhelmi.,36
"..\He 6481 (2,2_3_0060.jpg",right,98,— abb. mon. in Salem 378 555.,37
"..\He 6481 (2,2_3_0060.jpg",right,98,— de Sanctamargareta 378.,38
"..\He 6481 (2,2_3_0060.jpg",right,98,— Schenk 368.,39
"..\He 6481 (2,2_3_0060.jpg",right,98,— de Scoenbrenç (Schoenbrinc) 378 1213 1227.,40
"..\He 6481 (2,2_3_0060.jpg",right,98,— Scholer de Tuyçio 378.,41
"..\He 6481 (2,2_3_0060.jpg",right,98,— de Scoten 379 389.,42
"..\He 6481 (2,2_3_0060.jpg",right,98,— Sculteti 379.,43
"..\He 6481 (2,2_3_0060.jpg",right,98,— de Secka 1092.,44
"..\He 6481 (2,2_3_0060.jpg",right,98,— Siger 379.,45
"..\He 6481 (2,2_3_0061.jpg",right,100,Guntherus Blassenberger 522.,1
"..\He 6481 (2,2_3_0061.jpg",right,100,— de Kere 10 382 700 1035.,2
"..\He 6481 (2,2_3_0061.jpg",right,100,— Kunonis de Arnstede 382.,3
"..\He 6481 (2,2_3_0061.jpg",right,100,— Emvr de Isenach 382.,4
"..\He 6481 (2,2_3_0061.jpg",right,100,— de Gammestre 11.,5
"..\He 6481 (2,2_3_0061.jpg",right,100,— Gerlaci 465 492.,6
"..\He 6481 (2,2_3_0061.jpg",right,100,— Greve 382 857 1288.,7
"..\He 6481 (2,2_3_0061.jpg",right,100,— de Hoenstein 383.,8
"..\He 6481 (2,2_3_0061.jpg",right,100,— Houbt 166 619 1143.,9
"..\He 6481 (2,2_3_0061.jpg",right,100,— de Landersperg 882.,10
"..\He 6481 (2,2_3_0061.jpg",right,100,— com. de Lindow 1358.,11
"..\He 6481 (2,2_3_0061.jpg",right,100,— aep. Magdeburg. v. G. de Swarzburg.,12
"..\He 6481 (2,2_3_0061.jpg",right,100,— com. de Mansfeld 151 383.,13
"..\He 6481 (2,2_3_0061.jpg",right,100,— Mercatoris 383 675 1227.,14
"..\He 6481 (2,2_3_0061.jpg",right,100,— Muntzemeister 384.,15
"..\He 6481 (2,2_3_0061.jpg",right,100,— de Oberinghen 391.,16
"..\He 6481 (2,2_3_0061.jpg",right,100,— de Prata (Prato) 384 1227.,17
"..\He 6481 (2,2_3_0061.jpg",right,100,— prep. Ratispon. 1210.,18
"..\He 6481 (2,2_3_0061.jpg",right,100,— Reynhardi 186 384 1346.,19
"..\He 6481 (2,2_3_0061.jpg",right,100,— de Rudolfstad 382.,20
"..\He 6481 (2,2_3_0061.jpg",right,100,— prep. eccl. s. Sebastiani Magdeburg. 889.,21
"..\He 6481 (2,2_3_0061.jpg",right,100,— Stauffer 384 473.,22
"..\He 6481 (2,2_3_0061.jpg",right,100,— can. eccl. s. Stephani Bamber g. 655.,23
"..\He 6481 (2,2_3_0061.jpg",right,100,— com. de Swartzburg 384 1240 1358 1368.,24
"..\He 6481 (2,2_3_0061.jpg",right,100,"— de Swartzburg d. Sundershusen, aep. Magdeburg. 47 382 416 435 487 607 1016 1195 1228 1248 1272 1310 1312.",25
"..\He 6481 (2,2_3_0061.jpg",right,100,— de Wisen 385.,26
"..\He 6481 (2,2_3_0061.jpg",right,100,Guntramus de Grunenberg 1249.,27
"..\He 6481 (2,2_3_0061.jpg",right,100,Guoyotus de Ceranciiis 267.,28
"..\He 6481 (2,2_3_0061.jpg",right,100,Guta 201 (v. Conratus [III.] iun. dux Olsnic. [Slesie]).,29
"..\He 6481 (2,2_3_0061.jpg",right,100,Hacko de Ontehuesden 1227.,30
"..\He 6481 (2,2_3_0061.jpg",right,100,"Hadewig 41 1169 (v. Adrianus de Heenvliet, Nicolaus de Berselen, Wolfardus de Barsalia).",31
"..\He 6481 (2,2_3_0061.jpg",right,100,— 973 (v. Petrus dominus de Cronenberg).,32
"..\He 6481 (2,2_3_0061.jpg",right,100,Hadmarus de Lober (Laber) 1203 1422.,33
"..\He 6481 (2,2_3_0061.jpg",right,100,— dec. mon. in Newmburga 385.,34
"..\He 6481 (2,2_3_0061.jpg",right,100,Haghemanus de Wilbodesseu 386.,35
"..\He 6481 (2,2_3_0061.jpg",right,100,Haydelgestner 386.,36
"..\He 6481 (2,2_3_0061.jpg",right,100,Haylmannus v. Heilmannus.,37
"..\He 6481 (2,2_3_0061.jpg",right,100,Hainoldus de Emelisse v. Arnoldus de E.,38
"..\He 6481 (2,2_3_0061.jpg",right,100,Hainricus v. Henricus.,39
"..\He 6481 (2,2_3_0064.jpg",right,106,912 913 1044 1089 1113 1124 1270 1317 1348 1400 1426.,1
"..\He 6481 (2,2_3_0064.jpg",right,106,Henricus de Andela (Andelahe) 401 842.,2
"..\He 6481 (2,2_3_0064.jpg",right,106,— Andree de Hersfeldia 420.,3
"..\He 6481 (2,2_3_0064.jpg",right,106,— Anexen de Einbecke 188.,4
"..\He 6481 (2,2_3_0064.jpg",right,106,— de Angeren 402 503 520 723.,5
"..\He 6481 (2,2_3_0064.jpg",right,106,— de Angerenad 863.,6
"..\He 6481 (2,2_3_0064.jpg",right,106,— Anhusser 1229.,7
"..\He 6481 (2,2_3_0064.jpg",right,106,— Apenborg 1285.,8
"..\He 6481 (2,2_3_0064.jpg",right,106,— Aplonis 402.,9
"..\He 6481 (2,2_3_0064.jpg",right,106,— Apt al. Altacker 402.,10
"..\He 6481 (2,2_3_0064.jpg",right,106,— ep. Argent. 85.,11
"..\He 6481 (2,2_3_0064.jpg",right,106,— Arnoldi 402.,12
"..\He 6481 (2,2_3_0064.jpg",right,106,— Arnoldishusin 402.,13
"..\He 6481 (2,2_3_0064.jpg",right,106,— d. Artet (Artzet) 402 590.,14
"..\He 6481 (2,2_3_0064.jpg",right,106,— de Aw 895.,15
"..\He 6481 (2,2_3_0064.jpg",right,106,— Awbinger 1061.,16
"..\He 6481 (2,2_3_0064.jpg",right,106,— Awi 1230.,17
"..\He 6481 (2,2_3_0064.jpg",right,106,— de Baden v. H. Wyse.,18
"..\He 6481 (2,2_3_0064.jpg",right,106,— de Baeck al. de Holthusen 402.,19
"..\He 6481 (2,2_3_0064.jpg",right,106,— Balalle (Ballawe) 402 536.,20
"..\He 6481 (2,2_3_0064.jpg",right,106,— Balte 403.,21
"..\He 6481 (2,2_3_0064.jpg",right,106,— de Bamberg a 403.,22
"..\He 6481 (2,2_3_0064.jpg",right,106,— Bampusch 1360.,23
"..\He 6481 (2,2_3_0064.jpg",right,106,— de Bardorp 1089.,24
"..\He 6481 (2,2_3_0064.jpg",right,106,— Basserstorff de Wintertur 7 12 403.,25
"..\He 6481 (2,2_3_0064.jpg",right,106,— de Bastlo (Batflo) 62 403.,26
"..\He 6481 (2,2_3_0064.jpg",right,106,— dux Bavarie 275 1005.,27
"..\He 6481 (2,2_3_0064.jpg",right,106,— Bechem (Beychem) 1261 1266.,28
"..\He 6481 (2,2_3_0064.jpg",right,106,— Beesde 65 403.,29
"..\He 6481 (2,2_3_0064.jpg",right,106,— de Bevern 403.,30
"..\He 6481 (2,2_3_0064.jpg",right,106,— Beydenbach 945.,31
"..\He 6481 (2,2_3_0064.jpg",right,106,— Beyenvleet 403.,32
"..\He 6481 (2,2_3_0064.jpg",right,106,— Beyer de Bopparten 230.,33
"..\He 6481 (2,2_3_0064.jpg",right,106,— Beiler 25 28.,34
"..\He 6481 (2,2_3_0064.jpg",right,106,— abb. mon. Bellilagie 1230.,35
"..\He 6481 (2,2_3_0064.jpg",right,106,— Benningh 523.,36
"..\He 6481 (2,2_3_0064.jpg",right,106,— d. Ber 404.,37
"..\He 6481 (2,2_3_0064.jpg",right,106,— de Berka 417.,38
"..\He 6481 (2,2_3_0064.jpg",right,106,— de Bercheim 1230.,39
"..\He 6481 (2,2_3_0064.jpg",right,106,— de Berchem 374 404.,40
"..\He 6481 (2,2_3_0064.jpg",right,106,— de Berchingen 200 404 1319.,41
"..\He 6481 (2,2_3_0064.jpg",right,106,— Berkholt 404.,42
"..\He 6481 (2,2_3_0064.jpg",right,106,— Berko 404 823.,43
"..\He 6481 (2,2_3_0064.jpg",right,106,— Berenberg h 727.,44
"..\He 6481 (2,2_3_0064.jpg",right,106,— de Bergheim v. H. de Berchem.,45
"..\He 6481 (2,2_3_0064.jpg",right,106,— Beringeri de Giselrangen 404.,46
"..\He 6481 (2,2_3_0064.jpg",right,106,— Bernghos 404 628 1213 1344.,47
"..\He 6481 (2,2_3_0064.jpg",right,106,— Berrensten 404.,48
"..\He 6481 (2,2_3_0064.jpg",right,106,— Bertolf 417.,49
"..\He 6481 (2,2_3_0064.jpg",right,106,— Berwici 406.,50
"..\He 6481 (2,2_3_0064.jpg",right,106,— d. Besserer 406.,51
"..\He 6481 (2,2_3_0065.jpg",right,108,Henricus Brune 409.,1
"..\He 6481 (2,2_3_0065.jpg",right,108,— Brunningh 1419.,2
"..\He 6481 (2,2_3_0065.jpg",right,108,— de Brunsvelt 913.,3
"..\He 6481 (2,2_3_0065.jpg",right,108,— dux Brunswic. et Lunenburg. 117 176 285 409 1340.,4
"..\He 6481 (2,2_3_0065.jpg",right,108,— Buck 1077 1090.,5
"..\He 6481 (2,2_3_0065.jpg",right,108,— Buckow 179.,6
"..\He 6481 (2,2_3_0065.jpg",right,108,— Buer 409.,7
"..\He 6481 (2,2_3_0065.jpg",right,108,— Buestock 409.,8
"..\He 6481 (2,2_3_0065.jpg",right,108,— Bughe 409.,9
"..\He 6481 (2,2_3_0065.jpg",right,108,— Bule 910.,10
"..\He 6481 (2,2_3_0065.jpg",right,108,— Bultz de Lutzan 409.,11
"..\He 6481 (2,2_3_0065.jpg",right,108,— Bune 1361.,12
"..\He 6481 (2,2_3_0065.jpg",right,108,— de Buren 409.,13
"..\He 6481 (2,2_3_0065.jpg",right,108,— Burgouer 25 28.,14
"..\He 6481 (2,2_3_0065.jpg",right,108,— d. Burgraff 409 1049.,15
"..\He 6481 (2,2_3_0065.jpg",right,108,— de Burne (Burn) 172 580 700 947.,16
"..\He 6481 (2,2_3_0065.jpg",right,108,— de Bursem v. H. de Borsem.,17
"..\He 6481 (2,2_3_0065.jpg",right,108,— de Buscoducis 1071.,18
"..\He 6481 (2,2_3_0065.jpg",right,108,— Bussen 410.,19
"..\He 6481 (2,2_3_0065.jpg",right,108,— Butte 569.,20
"..\He 6481 (2,2_3_0065.jpg",right,108,— Chadlstorfer 256.,21
"..\He 6481 (2,2_3_0065.jpg",right,108,— Kaldenburn 1061.,22
"..\He 6481 (2,2_3_0065.jpg",right,108,"— de Kalvelde, ep. Salon. 55 410.",23
"..\He 6481 (2,2_3_0065.jpg",right,108,— Cals 410.,24
"..\He 6481 (2,2_3_0065.jpg",right,108,— de Camenaco 410.,25
"..\He 6481 (2,2_3_0065.jpg",right,108,— Kameret 1361.,26
"..\He 6481 (2,2_3_0065.jpg",right,108,— de Campo 410.,27
"..\He 6481 (2,2_3_0065.jpg",right,108,— de Karchow 15.,28
"..\He 6481 (2,2_3_0065.jpg",right,108,— dux Karinthie 958.,29
"..\He 6481 (2,2_3_0065.jpg",right,108,— Karlperger 410.,30
"..\He 6481 (2,2_3_0065.jpg",right,108,— Carentarii de Isenaco 410.,31
"..\He 6481 (2,2_3_0065.jpg",right,108,— Carentarii de Wissenloch 410.,32
"..\He 6481 (2,2_3_0065.jpg",right,108,— de Karstede 802.,33
"..\He 6481 (2,2_3_0065.jpg",right,108,— Catrenberch 411.,34
"..\He 6481 (2,2_3_0065.jpg",right,108,— Cattenstede 974.,35
"..\He 6481 (2,2_3_0065.jpg",right,108,— Katzman v. H. Gobelini.,36
"..\He 6481 (2,2_3_0065.jpg",right,108,— Kauspawiner 722.,37
"..\He 6481 (2,2_3_0065.jpg",right,108,— Keyser 534.,38
"..\He 6481 (2,2_3_0065.jpg",right,108,— Kelch 73.,39
"..\He 6481 (2,2_3_0065.jpg",right,108,— Keller de Diefftal 1361.,40
"..\He 6481 (2,2_3_0065.jpg",right,108,— Kelner 1212.,41
"..\He 6481 (2,2_3_0065.jpg",right,108,— Kelner de Rutlinga 411.,42
"..\He 6481 (2,2_3_0065.jpg",right,108,— Kemnater 411.,43
"..\He 6481 (2,2_3_0065.jpg",right,108,— dom. de Kentnich 411.,44
"..\He 6481 (2,2_3_0065.jpg",right,108,— Centurio (Centorionis) de Prawnaw 411 1045.,45
"..\He 6481 (2,2_3_0065.jpg",right,108,— Kentzeler 851.,46
"..\He 6481 (2,2_3_0065.jpg",right,108,— Cerdonis 412.,47
"..\He 6481 (2,2_3_0065.jpg",right,108,— Cesaris 412 1241.,48
"..\He 6481 (2,2_3_0065.jpg",right,108,— Keseman 412.,49
"..\He 6481 (2,2_3_0065.jpg",right,108,— Keser 412.,50
"..\He 6481 (2,2_3_0065.jpg",right,108,— de Ceteras 413.,51
"..\He 6481 (2,2_3_0066.jpg",left,109,Henricus Kyl 848.,1
"..\He 6481 (2,2_3_0066.jpg",left,109,— de Kilchhofen 1302.,2
"..\He 6481 (2,2_3_0066.jpg",left,109,— Kynd 1361.,3
"..\He 6481 (2,2_3_0066.jpg",left,109,— Kynenhagen 413.,4
"..\He 6481 (2,2_3_0066.jpg",left,109,— Cirkendorfer 413.,5
"..\He 6481 (2,2_3_0066.jpg",left,109,— Kirperg 413.,6
"..\He 6481 (2,2_3_0066.jpg",left,109,— Kyssig 413.,7
"..\He 6481 (2,2_3_0066.jpg",left,109,— Clapsoenen 1190.,8
"..\He 6481 (2,2_3_0066.jpg",left,109,— Kleingedang 413.,9
"..\He 6481 (2,2_3_0066.jpg",left,109,— Cleneke 414 461.,10
"..\He 6481 (2,2_3_0066.jpg",left,109,— Cleren de Eyk 1230.,11
"..\He 6481 (2,2_3_0066.jpg",left,109,— Chletwach 782.,12
"..\He 6481 (2,2_3_0066.jpg",left,109,— de Clivis 414 880.,13
"..\He 6481 (2,2_3_0066.jpg",left,109,— de Cloet 414.,14
"..\He 6481 (2,2_3_0066.jpg",left,109,— d. Kluk 26 28.,15
"..\He 6481 (2,2_3_0066.jpg",left,109,— Knyggen 414.,16
"..\He 6481 (2,2_3_0066.jpg",left,109,— Knyypekerne 414.,17
"..\He 6481 (2,2_3_0066.jpg",left,109,— Knippinch 1230.,18
"..\He 6481 (2,2_3_0066.jpg",left,109,— de Knoeringen 414.,19
"..\He 6481 (2,2_3_0066.jpg",left,109,— Knorre (Korre) 414 832.,20
"..\He 6481 (2,2_3_0066.jpg",left,109,— Knorum 933.,21
"..\He 6481 (2,2_3_0066.jpg",left,109,— Knotztzon 118.,22
"..\He 6481 (2,2_3_0066.jpg",left,109,— Knut al. d. Beel 1289.,23
"..\He 6481 (2,2_3_0066.jpg",left,109,— Knwt (Knut) de Hatzigerade (Harzgerode) 335 414 429 487 495 556 661 669 778 917 973 1207 1230 1361.,24
"..\He 6481 (2,2_3_0066.jpg",left,109,— Chobel 415.,25
"..\He 6481 (2,2_3_0066.jpg",left,109,— Kock 1067.,26
"..\He 6481 (2,2_3_0066.jpg",left,109,— de Kocheberg 415.,27
"..\He 6481 (2,2_3_0066.jpg",left,109,— Koker 1270.,28
"..\He 6481 (2,2_3_0066.jpg",left,109,— Coci 245 415.,29
"..\He 6481 (2,2_3_0066.jpg",left,109,— Kochler 1231.,30
"..\He 6481 (2,2_3_0066.jpg",left,109,— Cochme 1361.,31
"..\He 6481 (2,2_3_0066.jpg",left,109,— Koveman 820.,32
"..\He 6481 (2,2_3_0066.jpg",left,109,— Kolneri 1401.,33
"..\He 6481 (2,2_3_0066.jpg",left,109,— aep. Colon. 99 152 341 1191.,34
"..\He 6481 (2,2_3_0066.jpg",left,109,— Kolreken de Nussia 415.,35
"..\He 6481 (2,2_3_0066.jpg",left,109,— Coman 415.,36
"..\He 6481 (2,2_3_0066.jpg",left,109,— Comitis 416.,37
"..\He 6481 (2,2_3_0066.jpg",left,109,— de Compostella 89 416 679.,38
"..\He 6481 (2,2_3_0066.jpg",left,109,— Conditoris 1361.,39
"..\He 6481 (2,2_3_0066.jpg",left,109,— de Kongerode 416 447 607 696.,40
"..\He 6481 (2,2_3_0066.jpg",left,109,— Conradi de Kirchagen 911.,41
"..\He 6481 (2,2_3_0066.jpg",left,109,— Conradi d. de Grevendorf 416.,42
"..\He 6481 (2,2_3_0066.jpg",left,109,— Conradi de Welsa 416.,43
"..\He 6481 (2,2_3_0066.jpg",left,109,— ep. Constant. 38 226 238 739 765 1022.,44
"..\He 6481 (2,2_3_0066.jpg",left,109,— Coppenberg 416.,45
"..\He 6481 (2,2_3_0066.jpg",left,109,— Kopperbach 416.,46
"..\He 6481 (2,2_3_0066.jpg",left,109,— Korre v. H. Knorre.,47
"..\He 6481 (2,2_3_0066.jpg",left,109,— Corrigiatoris 407 417 422 1307.,48
"..\He 6481 (2,2_3_0066.jpg",left,109,— Kot 460.,49
"..\He 6481 (2,2_3_0066.jpg",left,109,— Chraft de Ulm 417.,50
"..\He 6481 (2,2_3_0066.jpg",right,110,Henricus de Kraghe 417.,1
"..\He 6481 (2,2_3_0066.jpg",right,110,— Crampen 417.,2
"..\He 6481 (2,2_3_0066.jpg",right,110,— Kree 418.,3
"..\He 6481 (2,2_3_0066.jpg",right,110,— Kreick de Berka 1196.,4
"..\He 6481 (2,2_3_0066.jpg",right,110,— Creyenberch 144.,5
"..\He 6481 (2,2_3_0066.jpg",right,110,— de Creyenschot 608.,6
"..\He 6481 (2,2_3_0066.jpg",right,110,— Kreymer al. Rennpemp 1361.,7
"..\He 6481 (2,2_3_0066.jpg",right,110,— Kremer al. d. Ruwe 90 354 418 470 473 998.,8
"..\He 6481 (2,2_3_0066.jpg",right,110,— de Krenkigem 20.,9
"..\He 6481 (2,2_3_0066.jpg",right,110,— Cretzer 518.,10
"..\He 6481 (2,2_3_0066.jpg",right,110,— de Krewsen 418.,11
"..\He 6481 (2,2_3_0066.jpg",right,110,— Krieck 1231.,12
"..\He 6481 (2,2_3_0066.jpg",right,110,— Cristiani al. de Roesman 419.,13
"..\He 6481 (2,2_3_0066.jpg",right,110,— Cronberger 419 667.,14
"..\He 6481 (2,2_3_0066.jpg",right,110,— de Crosik 58.,15
"..\He 6481 (2,2_3_0066.jpg",right,110,— dec. eccl. s. Crucis Northusen. 245.,16
"..\He 6481 (2,2_3_0066.jpg",right,110,— Cruger 1123.,17
"..\He 6481 (2,2_3_0066.jpg",right,110,— Chrump de Lauffen 419.,18
"..\He 6481 (2,2_3_0066.jpg",right,110,— Krumpen (Crumpein) 419.,19
"..\He 6481 (2,2_3_0066.jpg",right,110,— Cruse 211 420.,20
"..\He 6481 (2,2_3_0066.jpg",right,110,— de Chuden 48.,21
"..\He 6481 (2,2_3_0066.jpg",right,110,— Kule 420.,22
"..\He 6481 (2,2_3_0066.jpg",right,110,— Kungk 1210.,23
"..\He 6481 (2,2_3_0066.jpg",right,110,— Kunonis de Arnestete 420 1084.,24
"..\He 6481 (2,2_3_0066.jpg",right,110,— Cunonis de Dyvelich 648.,25
"..\He 6481 (2,2_3_0066.jpg",right,110,— Kunser 1277.,26
"..\He 6481 (2,2_3_0066.jpg",right,110,— de Curia 421.,27
"..\He 6481 (2,2_3_0066.jpg",right,110,— Currificis 1269.,28
"..\He 6481 (2,2_3_0066.jpg",right,110,— Kusche 683.,29
"..\He 6481 (2,2_3_0066.jpg",right,110,— d. Kusel 757.,30
"..\He 6481 (2,2_3_0066.jpg",right,110,— Cusvelt 1206.,31
"..\He 6481 (2,2_3_0066.jpg",right,110,— de Cusino 421 1339.,32
"..\He 6481 (2,2_3_0066.jpg",right,110,"— Kuwal, ep. Sambien. 11.",33
"..\He 6481 (2,2_3_0066.jpg",right,110,— Dachs 902.,34
"..\He 6481 (2,2_3_0066.jpg",right,110,— Dalem 421.,35
"..\He 6481 (2,2_3_0066.jpg",right,110,— dom. de Damys 1095.,36
"..\He 6481 (2,2_3_0066.jpg",right,110,— de Damme d. Eghester 421 448.,37
"..\He 6481 (2,2_3_0066.jpg",right,110,— Danneken 421.,38
"..\He 6481 (2,2_3_0066.jpg",right,110,— de Daspach 660.,39
"..\He 6481 (2,2_3_0066.jpg",right,110,— Decker 421.,40
"..\He 6481 (2,2_3_0066.jpg",right,110,— Decimatoris de Anaso 421.,41
"..\He 6481 (2,2_3_0066.jpg",right,110,— Deghen 421.,42
"..\He 6481 (2,2_3_0066.jpg",right,110,— Deymer 1345 1361 1426.,43
"..\He 6481 (2,2_3_0066.jpg",right,110,— de Deynhardi 421.,44
"..\He 6481 (2,2_3_0066.jpg",right,110,— Dene 1145.,45
"..\He 6481 (2,2_3_0066.jpg",right,110,— Dens de Eysveldia 1362.,46
"..\He 6481 (2,2_3_0066.jpg",right,110,— de Dicke 766.,47
"..\He 6481 (2,2_3_0066.jpg",right,110,— de Dyest 422.,48
"..\He 6481 (2,2_3_0066.jpg",right,110,— Dilger 422.,49
"..\He 6481 (2,2_3_0066.jpg",right,110,— de Dynslaken v. H. Braedbeck.,50
"..\He 6481 (2,2_3_0066.jpg",right,110,— de Dockum 422 848.,51
"..\He 6481 (2,2_3_0066.jpg",right,110,— Doelel 934.,52
"..\He 6481 (2,2_3_0063.jpg",left,103,Hedwig 1086 (v. Theodericus de Hopfgarten).,1
"..\He 6481 (2,2_3_0063.jpg",left,103,Heydekinus de Bygeron 710.,2
"..\He 6481 (2,2_3_0063.jpg",left,103,Heydeko de Hedderszken 58.,3
"..\He 6481 (2,2_3_0063.jpg",left,103,Heidenricus Arnoldi de Erpel d. Moirghyn 241 393 648 1256.,4
"..\He 6481 (2,2_3_0063.jpg",left,103,— (Heydo) de Byern 57 394 1289.,5
"..\He 6481 (2,2_3_0063.jpg",left,103,— Johannis de Capella 394 1388.,6
"..\He 6481 (2,2_3_0063.jpg",left,103,— de Lynden 507.,7
"..\He 6481 (2,2_3_0063.jpg",left,103,— ep. Monast. 403 824 954 1035.,8
"..\He 6481 (2,2_3_0063.jpg",left,103,— Morghin v. H. Arnoldi.,9
"..\He 6481 (2,2_3_0063.jpg",left,103,— d. Odendorp 395 661.,10
"..\He 6481 (2,2_3_0063.jpg",left,103,— d. Wlf v. Henricus Wulf.,11
"..\He 6481 (2,2_3_0063.jpg",left,103,Heydo de Byeren v. Heydenricus de B.,12
"..\He 6481 (2,2_3_0063.jpg",left,103,Heylkint Beđenkas 395.,13
"..\He 6481 (2,2_3_0063.jpg",left,103,Heylgerus v. Hilgerus.,14
"..\He 6481 (2,2_3_0063.jpg",left,103,"Heilmannus (Haylmannus, Helmannus) de Kirwilre 922.",15
"..\He 6481 (2,2_3_0063.jpg",left,103,— Doliatoris de Pingwia 395.,16
"..\He 6481 (2,2_3_0063.jpg",left,103,— Hape de Landenburg 1228.,17
"..\He 6481 (2,2_3_0063.jpg",left,103,— Harder 386.,18
"..\He 6481 (2,2_3_0063.jpg",left,103,— de Indagine 1359.,19
"..\He 6481 (2,2_3_0063.jpg",left,103,— Oesterich 395.,20
"..\He 6481 (2,2_3_0063.jpg",left,103,— Rucker (Ruckeri) 6 202.,21
"..\He 6481 (2,2_3_0063.jpg",left,103,— de Utzen 395.,22
"..\He 6481 (2,2_3_0063.jpg",left,103,— de Weren 476.,23
"..\He 6481 (2,2_3_0063.jpg",left,103,— Wolle de Omstad (Umstad) 71 395.,24
"..\He 6481 (2,2_3_0063.jpg",left,103,— Wunnenberg 395.,25
"..\He 6481 (2,2_3_0063.jpg",left,103,Heylo Kuwiler 1001.,26
"..\He 6481 (2,2_3_0063.jpg",left,103,Heilwiga 396 (v. Detmarus in Dembnhove).,27
"..\He 6481 (2,2_3_0063.jpg",left,103,— 396 (v. Everhardus de Polen).,28
"..\He 6481 (2,2_3_0063.jpg",left,103,— 1261 (v. Johannes de Heenvliet).,29
"..\He 6481 (2,2_3_0063.jpg",left,103,Heymannus (Heynmannus) Rychwini de Montebur v. Heynemannus Rychwini.,30
"..\He 6481 (2,2_3_0063.jpg",left,103,— Sturweder de Umar 1360.,31
"..\He 6481 (2,2_3_0063.jpg",left,103,Heymericus Muyie 396.,32
"..\He 6481 (2,2_3_0063.jpg",left,103,Heymo de Kalkar 799.,33
"..\He 6481 (2,2_3_0063.jpg",left,103,— van der Haghe 396.,34
"..\He 6481 (2,2_3_0063.jpg",left,103,Heyneka de Biberstein 397.,35
"..\He 6481 (2,2_3_0063.jpg",left,103,Heynekinus de Mandeslo 397.,36
"..\He 6481 (2,2_3_0063.jpg",left,103,Heyneko de Monychusen 397 399.,37
"..\He 6481 (2,2_3_0063.jpg",left,103,Heynemannus Hagen de Dridorff 396.,38
"..\He 6481 (2,2_3_0063.jpg",left,103,— Johannis de Leye 396.,39
"..\He 6481 (2,2_3_0063.jpg",left,103,— Pagenscort de Attendorn 1064.,40
"..\He 6481 (2,2_3_0063.jpg",left,103,— Rychwini de Monthabur 396 1360.,41
"..\He 6481 (2,2_3_0063.jpg",left,103,— Sculteti de Sygen 397.,42
"..\He 6481 (2,2_3_0063.jpg",left,103,Heyningus v. Henningus.,43
"..\He 6481 (2,2_3_0063.jpg",left,103,Heynitzo Pogerelle de Merysstale 397.,44
"..\He 6481 (2,2_3_0063.jpg",left,103,Heyno Folner 994.,45
"..\He 6481 (2,2_3_0063.jpg",left,103,— de Hollen 397.,46
"..\He 6481 (2,2_3_0063.jpg",left,103,Heinricus v. Henricus.,47
"..\He 6481 (2,2_3_0067.jpg",left,111,Henricus Doerman 422.,1
"..\He 6481 (2,2_3_0067.jpg",left,111,— Doliatoris de Milsungen 981.,2
"..\He 6481 (2,2_3_0067.jpg",left,111,— Doliatoris de Rathingen 1231 1362.,3
"..\He 6481 (2,2_3_0067.jpg",left,111,— Dorhaghen 422 1352 1362 1426.,4
"..\He 6481 (2,2_3_0067.jpg",left,111,— Doring 1152.,5
"..\He 6481 (2,2_3_0067.jpg",left,111,— Doringehusen 1231.,6
"..\He 6481 (2,2_3_0067.jpg",left,111,— Dorlach v. H. de Durlach.,7
"..\He 6481 (2,2_3_0067.jpg",left,111,— Dorre 422.,8
"..\He 6481 (2,2_3_0067.jpg",left,111,— Dragler 1235.,9
"..\He 6481 (2,2_3_0067.jpg",left,111,— de Drepack 422.,10
"..\He 6481 (2,2_3_0067.jpg",left,111,— Drever 422.,11
"..\He 6481 (2,2_3_0067.jpg",left,111,— de Driffordia 60.,12
"..\He 6481 (2,2_3_0067.jpg",left,111,— de Drynhusen 423 1231.,13
"..\He 6481 (2,2_3_0067.jpg",left,111,— Drypel 423.,14
"..\He 6481 (2,2_3_0067.jpg",left,111,— Drogh 121 856 1342.,15
"..\He 6481 (2,2_3_0067.jpg",left,111,— Dubbel de Clivis 423.,16
"..\He 6481 (2,2_3_0067.jpg",left,111,— Duvel 423.,17
"..\He 6481 (2,2_3_0067.jpg",left,111,— Dur d. de Ardringa 549.,18
"..\He 6481 (2,2_3_0067.jpg",left,111,— de Duren 1370.,19
"..\He 6481 (2,2_3_0067.jpg",left,111,— During (Durnigh) 773 977.,20
"..\He 6481 (2,2_3_0067.jpg",left,111,— de Durlach 422 424.,21
"..\He 6481 (2,2_3_0067.jpg",left,111,— Eber 424 1228.,22
"..\He 6481 (2,2_3_0067.jpg",left,111,— Eberhardi de Hallis 1231.,23
"..\He 6481 (2,2_3_0067.jpg",left,111,— Eberlini 1228 1299.,24
"..\He 6481 (2,2_3_0067.jpg",left,111,— Ebra 1362.,25
"..\He 6481 (2,2_3_0067.jpg",left,111,— abb. mon. Ebrac. 424 1231 1362.,26
"..\He 6481 (2,2_3_0067.jpg",left,111,— Eck 973.,27
"..\He 6481 (2,2_3_0067.jpg",left,111,— Echard 424.,28
"..\He 6481 (2,2_3_0067.jpg",left,111,— de Ecke 424.,29
"..\He 6481 (2,2_3_0067.jpg",left,111,— Eckermann 319.,30
"..\He 6481 (2,2_3_0067.jpg",left,111,— Echtzil v. H. Johannis.,31
"..\He 6481 (2,2_3_0067.jpg",left,111,— Edelkint 286.,32
"..\He 6481 (2,2_3_0067.jpg",left,111,— Edelknecht 424.,33
"..\He 6481 (2,2_3_0067.jpg",left,111,— de Eholeibin 1100.,34
"..\He 6481 (2,2_3_0067.jpg",left,111,— de Eyck 1205.,35
"..\He 6481 (2,2_3_0067.jpg",left,111,— de Eylenstede 424.,36
"..\He 6481 (2,2_3_0067.jpg",left,111,— Einsideller 424.,37
"..\He 6481 (2,2_3_0067.jpg",left,111,— de Eynsideln 58.,38
"..\He 6481 (2,2_3_0067.jpg",left,111,— de Eyntin 1362.,39
"..\He 6481 (2,2_3_0067.jpg",left,111,— de Elerbach (Elrbach) 425 1135.,40
"..\He 6481 (2,2_3_0067.jpg",left,111,— Elrich 425.,41
"..\He 6481 (2,2_3_0067.jpg",left,111,— Elrichshuser 1255.,42
"..\He 6481 (2,2_3_0067.jpg",left,111,— de Elsepe 1232.,43
"..\He 6481 (2,2_3_0067.jpg",left,111,— Emerici de Calichem 626.,44
"..\He 6481 (2,2_3_0067.jpg",left,111,— d. Engel 780 978.,45
"..\He 6481 (2,2_3_0067.jpg",left,111,— Engelberti 186.,46
"..\He 6481 (2,2_3_0067.jpg",left,111,— de Enslingen 425.,47
"..\He 6481 (2,2_3_0067.jpg",left,111,— Enczlesdorfer 425.,48
"..\He 6481 (2,2_3_0067.jpg",left,111,— Erker 745.,49
"..\He 6481 (2,2_3_0067.jpg",left,111,— de Eremberg (Ernberg) 203 285 338 425 880 1005 1063 1219.,50
"..\He 6481 (2,2_3_0067.jpg",left,111,— Erenfels 425 1214.,51
"..\He 6481 (2,2_3_0067.jpg",left,111,— de Erlekin 425.,52
"..\He 6481 (2,2_3_0067.jpg",right,112,Henricus Ernesti 425.,1
"..\He 6481 (2,2_3_0067.jpg",right,112,— de Esdorf 993.,2
"..\He 6481 (2,2_3_0067.jpg",right,112,— Ewersteyn 426.,3
"..\He 6481 (2,2_3_0067.jpg",right,112,— Pfabe 426.,4
"..\He 6481 (2,2_3_0067.jpg",right,112,— Fabri 426 1232 1362 1403.,5
"..\He 6481 (2,2_3_0067.jpg",right,112,— Fabri de Alteneglofsheim 426.,6
"..\He 6481 (2,2_3_0067.jpg",right,112,— Fabri de Fridewalt 426.,7
"..\He 6481 (2,2_3_0067.jpg",right,112,— Vach de Gudensberg 426 489.,8
"..\He 6481 (2,2_3_0067.jpg",right,112,— Phaffey 427.,9
"..\He 6481 (2,2_3_0067.jpg",right,112,— Falkenhaghen 329.,10
"..\He 6481 (2,2_3_0067.jpg",right,112,— dux Falkinberg. 342.,11
"..\He 6481 (2,2_3_0067.jpg",right,112,— de Valde 496.,12
"..\He 6481 (2,2_3_0067.jpg",right,112,— Vandenvelde 427.,13
"..\He 6481 (2,2_3_0067.jpg",right,112,— Vandenzande 427.,14
"..\He 6481 (2,2_3_0067.jpg",right,112,— van (von) der Linden (Lynden) 426 447 449 527 1193 1239.,15
"..\He 6481 (2,2_3_0067.jpg",right,112,— van der Trappen 484.,16
"..\He 6481 (2,2_3_0067.jpg",right,112,— de Pharkkirchen v. H. Medo.,17
"..\He 6481 (2,2_3_0067.jpg",right,112,— de Varensbech (Varensbach) 1046 1216.,18
"..\He 6481 (2,2_3_0067.jpg",right,112,— Varnvekes 442.,19
"..\He 6481 (2,2_3_0067.jpg",right,112,— de Veethusen 1362.,20
"..\He 6481 (2,2_3_0067.jpg",right,112,— Feylinger 835.,21
"..\He 6481 (2,2_3_0067.jpg",right,112,— de Velde 898 1232.,22
"..\He 6481 (2,2_3_0067.jpg",right,112,— Verber 60.,23
"..\He 6481 (2,2_3_0067.jpg",right,112,— de Verden 427.,24
"..\He 6481 (2,2_3_0067.jpg",right,112,— de Veringen 1285.,25
"..\He 6481 (2,2_3_0067.jpg",right,112,— Verne 829.,26
"..\He 6481 (2,2_3_0067.jpg",right,112,— Veterler 1232.,27
"..\He 6481 (2,2_3_0067.jpg",right,112,— Videm 1386.,28
"..\He 6481 (2,2_3_0067.jpg",right,112,— Vierim 427.,29
"..\He 6481 (2,2_3_0067.jpg",right,112,— Phyl 427.,30
"..\He 6481 (2,2_3_0067.jpg",right,112,— Philippi 687.,31
"..\He 6481 (2,2_3_0067.jpg",right,112,— Vilmershusen 428.,32
"..\He 6481 (2,2_3_0067.jpg",right,112,— Vynke 428 617.,33
"..\He 6481 (2,2_3_0067.jpg",right,112,— Vinkenberch 428.,34
"..\He 6481 (2,2_3_0067.jpg",right,112,— Phynnen 428.,35
"..\He 6481 (2,2_3_0067.jpg",right,112,— Vynow 428.,36
"..\He 6481 (2,2_3_0067.jpg",right,112,— d. Finsternach 428.,37
"..\He 6481 (2,2_3_0067.jpg",right,112,— Visbeken 428.,38
"..\He 6481 (2,2_3_0067.jpg",right,112,— Vischer 328 470 800.,39
"..\He 6481 (2,2_3_0067.jpg",right,112,— Vitantz 428.,40
"..\He 6481 (2,2_3_0067.jpg",right,112,— Vitnig 1225.,41
"..\He 6481 (2,2_3_0067.jpg",right,112,— Vlaminch (Vleminck) 428 808.,42
"..\He 6481 (2,2_3_0067.jpg",right,112,— Flans 1099.,43
"..\He 6481 (2,2_3_0067.jpg",right,112,— d. Flaschart 453.,44
"..\He 6481 (2,2_3_0067.jpg",right,112,— Flekel 817.,45
"..\He 6481 (2,2_3_0067.jpg",right,112,— Fleckenstein iun. d. de Bickenbach 778.,46
"..\He 6481 (2,2_3_0067.jpg",right,112,— Vleminck v. H. Vlaminch.,47
"..\He 6481 (2,2_3_0067.jpg",right,112,— Vlyegher 804.,48
"..\He 6481 (2,2_3_0067.jpg",right,112,— Floy 429.,49
"..\He 6481 (2,2_3_0067.jpg",right,112,— Flotzer 429.,50
"..\He 6481 (2,2_3_0064.jpg",left,105,Henningus de Reden 1340.,1
"..\He 6481 (2,2_3_0064.jpg",left,105,— Rosenow 240.,2
"..\He 6481 (2,2_3_0064.jpg",left,105,— de Saltza 11 414 415 447 517 696 832 1230.,3
"..\He 6481 (2,2_3_0064.jpg",left,105,— Schonenvelt 240.,4
"..\He 6481 (2,2_3_0064.jpg",left,105,— Schriken 1229.,5
"..\He 6481 (2,2_3_0064.jpg",left,105,— Schulte 847 971.,6
"..\He 6481 (2,2_3_0064.jpg",left,105,— Seghebode 1229.,7
"..\He 6481 (2,2_3_0064.jpg",left,105,— de Stockem 120 215.,8
"..\He 6481 (2,2_3_0064.jpg",left,105,— Sulverberch 400.,9
"..\He 6481 (2,2_3_0064.jpg",left,105,Henquinus Gerardi 400.,10
"..\He 6481 (2,2_3_0064.jpg",left,105,"Henricus (Enricus, Hainricus, Heinricus, Heinericus, Hericus, Hinricus) 303 (H. Wanger ?).",11
"..\He 6481 (2,2_3_0064.jpg",left,105,— 464.,12
"..\He 6481 (2,2_3_0064.jpg",left,105,— 466.,13
"..\He 6481 (2,2_3_0064.jpg",left,105,— 759.,14
"..\He 6481 (2,2_3_0064.jpg",left,105,— 917.,15
"..\He 6481 (2,2_3_0064.jpg",left,105,— 1105.,16
"..\He 6481 (2,2_3_0064.jpg",left,105,— 1345.,17
"..\He 6481 (2,2_3_0064.jpg",left,105,— 1428.,18
"..\He 6481 (2,2_3_0064.jpg",left,105,— v. H. de Wreede.,19
"..\He 6481 (2,2_3_0064.jpg",left,105,— minister. gener. o. fr. min. 421 896.,20
"..\He 6481 (2,2_3_0064.jpg",left,105,— de Abenheym 786.,21
"..\He 6481 (2,2_3_0064.jpg",left,105,— d. Abeschlag 1265.,22
"..\He 6481 (2,2_3_0064.jpg",left,105,— Absperger 295.,23
"..\He 6481 (2,2_3_0064.jpg",left,105,— prep. mon. in Adelberg (Aldeberg) 61 925.,24
"..\He 6481 (2,2_3_0064.jpg",left,105,— Advocatus de Opul 400.,25
"..\He 6481 (2,2_3_0064.jpg",left,105,— de Averdonck 400.,26
"..\He 6481 (2,2_3_0064.jpg",left,105,— de Ahlwis 1360.,27
"..\He 6481 (2,2_3_0064.jpg",left,105,— Aychperger 615.,28
"..\He 6481 (2,2_3_0064.jpg",left,105,— abb.mon.s. Albani e.m. Magunt. 948.,29
"..\He 6481 (2,2_3_0064.jpg",left,105,— de Albershusen 1229.,30
"..\He 6481 (2,2_3_0064.jpg",left,105,— Alberti Schencke baronis de Landisberg 1229.,31
"..\He 6481 (2,2_3_0064.jpg",left,105,— de Algesheim 408.,32
"..\He 6481 (2,2_3_0064.jpg",left,105,— de Aller 400.,33
"..\He 6481 (2,2_3_0064.jpg",left,105,— Alman 400.,34
"..\He 6481 (2,2_3_0064.jpg",left,105,— de Almania 1426.,35
"..\He 6481 (2,2_3_0064.jpg",left,105,— abb. in Alsperbach (Asperberg) in Nigrasilva 400.,36
"..\He 6481 (2,2_3_0064.jpg",left,105,— Alsteden 400.,37
"..\He 6481 (2,2_3_0064.jpg",left,105,— Altman de Elbingo 401.,38
"..\He 6481 (2,2_3_0064.jpg",left,105,— de Altwis 401 1151.,39
"..\He 6481 (2,2_3_0064.jpg",left,105,— Amelung 1242.,40
"..\He 6481 (2,2_3_0064.jpg",left,105,— Amman 401 956 1131 1229 1259 1360.,41
"..\He 6481 (2,2_3_0064.jpg",left,105,— de Ammara 1143.,42
"..\He 6481 (2,2_3_0064.jpg",left,105,— de Ammensen 1229.,43
"..\He 6481 (2,2_3_0064.jpg",left,105,"— tit. s. Anastasie presb. card., Tusculan. ep. card. 52 288 349 401 498 564 570 640 701 704 715 716 878",44
"..\He 6481 (2,2_3_0068.jpg",right,114,Henricus Gerborg de Fritzlaria 591.,1
"..\He 6481 (2,2_3_0068.jpg",right,114,— Gerlach 687.,2
"..\He 6481 (2,2_3_0068.jpg",right,114,— Gerpsted e 191 1233.,3
"..\He 6481 (2,2_3_0068.jpg",right,114,— de Gherstorp 432 777,4
"..\He 6481 (2,2_3_0068.jpg",right,114,— Gertener 417.,5
"..\He 6481 (2,2_3_0068.jpg",right,114,— Gicker 60.,6
"..\He 6481 (2,2_3_0068.jpg",right,114,— Ghilhusz 886.,7
"..\He 6481 (2,2_3_0068.jpg",right,114,— Girub 223.,8
"..\He 6481 (2,2_3_0068.jpg",right,114,— Ghiselers 432.,9
"..\He 6481 (2,2_3_0068.jpg",right,114,— Gladerow (Gladerewen) 216 1210.,10
"..\He 6481 (2,2_3_0068.jpg",right,114,— Glymenhofe de Sweynsberg 185.,11
"..\He 6481 (2,2_3_0068.jpg",right,114,— Gobelini Catzman 173 411 432 1233 1239.,12
"..\He 6481 (2,2_3_0068.jpg",right,114,— Gobelini de Daventria 433.,13
"..\He 6481 (2,2_3_0068.jpg",right,114,— Goethals 49 645 1234.,14
"..\He 6481 (2,2_3_0068.jpg",right,114,— Goldast 7 12 169 837 1308.,15
"..\He 6481 (2,2_3_0068.jpg",right,114,— Gorpstede v. Gerpsted e.,16
"..\He 6481 (2,2_3_0068.jpg",right,114,— de Gotha 928.,17
"..\He 6481 (2,2_3_0068.jpg",right,114,— Gothals v. H. Goethals.,18
"..\He 6481 (2,2_3_0068.jpg",right,114,— abb. mon. s. Gothardi e. m. Hildesem. 1234.,19
"..\He 6481 (2,2_3_0068.jpg",right,114,— Gotzenperger 433.,20
"..\He 6481 (2,2_3_0068.jpg",right,114,— de Gradu 1033.,21
"..\He 6481 (2,2_3_0068.jpg",right,114,— Graven 1055.,22
"..\He 6481 (2,2_3_0068.jpg",right,114,— Grambawe 1234.,23
"..\He 6481 (2,2_3_0068.jpg",right,114,— Graneborne (Granburn) 13 433.,24
"..\He 6481 (2,2_3_0068.jpg",right,114,— Grashoff 1234.,25
"..\He 6481 (2,2_3_0068.jpg",right,114,— Grawert 758.,26
"..\He 6481 (2,2_3_0068.jpg",right,114,— Graz 417.,27
"..\He 6481 (2,2_3_0068.jpg",right,114,— Grefenberger 433.,28
"..\He 6481 (2,2_3_0068.jpg",right,114,— Grevenrode 497.,29
"..\He 6481 (2,2_3_0068.jpg",right,114,— Gregorii de Poznanio 73 433.,30
"..\He 6481 (2,2_3_0068.jpg",right,114,— Greinhard v. H. Grymhart.,31
"..\He 6481 (2,2_3_0068.jpg",right,114,— de Grenberg 610.,32
"..\He 6481 (2,2_3_0068.jpg",right,114,— de Grenfles 287.,33
"..\He 6481 (2,2_3_0068.jpg",right,114,— Griyn 290.,34
"..\He 6481 (2,2_3_0068.jpg",right,114,— Grillmayr 433.,35
"..\He 6481 (2,2_3_0068.jpg",right,114,— Grymhart (Greinhard) de Rekelinchusen (de Westerholte) 111 373 434 487 639 1092 1363 1415.,36
"..\He 6481 (2,2_3_0068.jpg",right,114,— Grymss 434.,37
"..\He 6481 (2,2_3_0068.jpg",right,114,— Grindel al. d. Thoderheyde 434.,38
"..\He 6481 (2,2_3_0068.jpg",right,114,— Gropen 434.,39
"..\He 6481 (2,2_3_0068.jpg",right,114,— d. Grumbach 434.,40
"..\He 6481 (2,2_3_0068.jpg",right,114,— Grunenrode 435.,41
"..\He 6481 (2,2_3_0068.jpg",right,114,— Grunsz 457.,42
"..\He 6481 (2,2_3_0068.jpg",right,114,— Gruwel 1234.,43
"..\He 6481 (2,2_3_0068.jpg",right,114,— de Ghuden 435.,44
"..\He 6481 (2,2_3_0068.jpg",right,114,— de Guldenkrone 435.,45
"..\He 6481 (2,2_3_0068.jpg",right,114,— Gundelwang 569.,46
"..\He 6481 (2,2_3_0068.jpg",right,114,— de Gundelzin 743.,47
"..\He 6481 (2,2_3_0068.jpg",right,114,— Gunderstorp 435.,48
"..\He 6481 (2,2_3_0068.jpg",right,114,— de Gunow 58.,49
"..\He 6481 (2,2_3_0069.jpg",right,116,Henricus Henrici de Mulheim 371 438.,1
"..\He 6481 (2,2_3_0069.jpg",right,116,— Henrici al. d. de Nergena 438.,2
"..\He 6481 (2,2_3_0069.jpg",right,116,— Henrici de Nyedeggen 438.,3
"..\He 6481 (2,2_3_0069.jpg",right,116,— Henrici Sartoris de Bunnna 438.,4
"..\He 6481 (2,2_3_0069.jpg",right,116,— Heinrici Sartoris de Meckumelen 1235.,5
"..\He 6481 (2,2_3_0069.jpg",right,116,— Henrici Schertel de Bacheraco 438 472 978.,6
"..\He 6481 (2,2_3_0069.jpg",right,116,— Henrici ducis Slesie 1235.,7
"..\He 6481 (2,2_3_0069.jpg",right,116,— Henrici Spalitz 438.,8
"..\He 6481 (2,2_3_0069.jpg",right,116,— Henrici com. de Stalberg 438.,9
"..\He 6481 (2,2_3_0069.jpg",right,116,— Henrici de Swalbach 438.,10
"..\He 6481 (2,2_3_0069.jpg",right,116,— Hainrici de Winckel 75 438.,11
"..\He 6481 (2,2_3_0069.jpg",right,116,— d. Heppen 472.,12
"..\He 6481 (2,2_3_0069.jpg",right,116,— Herbersheim al. d. de Langisdorff 506.,13
"..\He 6481 (2,2_3_0069.jpg",right,116,— Herdan 1309.,14
"..\He 6481 (2,2_3_0069.jpg",right,116,— Herdebol 439 856 1102 1213 1227.,15
"..\He 6481 (2,2_3_0069.jpg",right,116,— de Hertcamp (Hertscamp) 119 439.,16
"..\He 6481 (2,2_3_0069.jpg",right,116,— Hertwinger (Herlwinger) 483 549.,17
"..\He 6481 (2,2_3_0069.jpg",right,116,"— Hesseborg (Hesseberg, Hesseburg) 439.",18
"..\He 6481 (2,2_3_0069.jpg",right,116,— Hetzel 662.,19
"..\He 6481 (2,2_3_0069.jpg",right,116,— de Heubach 77 844.,20
"..\He 6481 (2,2_3_0069.jpg",right,116,— Heuberch v. H. Houbergh.,21
"..\He 6481 (2,2_3_0069.jpg",right,116,— Hildegundis 650.,22
"..\He 6481 (2,2_3_0069.jpg",right,116,— de Hildinshusen 558.,23
"..\He 6481 (2,2_3_0069.jpg",right,116,— Hobemann v. H. Hovemann.,24
"..\He 6481 (2,2_3_0069.jpg",right,116,— Hobische 750 1013.,25
"..\He 6481 (2,2_3_0069.jpg",right,116,— Hokelem (Hochelem) de Goch 372 439 495 598.,26
"..\He 6481 (2,2_3_0069.jpg",right,116,— de Hochenstein 1235.,27
"..\He 6481 (2,2_3_0069.jpg",right,116,— Hokkesberg 440 1363.,28
"..\He 6481 (2,2_3_0069.jpg",right,116,— Hoveman 440 675 785.,29
"..\He 6481 (2,2_3_0069.jpg",right,116,— Hoffleger 827.,30
"..\He 6481 (2,2_3_0069.jpg",right,116,— Hoffsteter 727.,31
"..\He 6481 (2,2_3_0069.jpg",right,116,— Hofmeister de Fromenveld 441.,32
"..\He 6481 (2,2_3_0069.jpg",right,116,— de Hohenstein 20.,33
"..\He 6481 (2,2_3_0069.jpg",right,116,— com. de Hohenstein 1129.,34
"..\He 6481 (2,2_3_0069.jpg",right,116,— de Hoya 949 1093.,35
"..\He 6481 (2,2_3_0069.jpg",right,116,— Hoykendorp 441.,36
"..\He 6481 (2,2_3_0069.jpg",right,116,— Holkenbecker 443.,37
"..\He 6481 (2,2_3_0069.jpg",right,116,— Holdenried 441.,38
"..\He 6481 (2,2_3_0069.jpg",right,116,— Holfelder 441.,39
"..\He 6481 (2,2_3_0069.jpg",right,116,— Holleman 638.,40
"..\He 6481 (2,2_3_0069.jpg",right,116,"— de com. Holsatie, el. Osnaburg. 441 500 1165 1299 1365.",41
"..\He 6481 (2,2_3_0069.jpg",right,116,— de Holsyt 441.,42
"..\He 6481 (2,2_3_0069.jpg",right,116,— Holt 441.,43
"..\He 6481 (2,2_3_0069.jpg",right,116,— Holtener 441.,44
"..\He 6481 (2,2_3_0069.jpg",right,116,— Holterman 476.,45
"..\He 6481 (2,2_3_0069.jpg",right,116,— de Holthusen 442.,46
"..\He 6481 (2,2_3_0069.jpg",right,116,— com. Holtsatie 554 1364.,47
"..\He 6481 (2,2_3_0069.jpg",right,116,— de Holtzgeringen 1235.,48
"..\He 6481 (2,2_3_0065.jpg",left,107,Henricus Betendorff 669.,1
"..\He 6481 (2,2_3_0065.jpg",left,107,— de Betheim 1020.,2
"..\He 6481 (2,2_3_0065.jpg",left,107,— Bethemtin 651.,3
"..\He 6481 (2,2_3_0065.jpg",left,107,— de Bidenkop 974.,4
"..\He 6481 (2,2_3_0065.jpg",left,107,— de Bilant 1224.,5
"..\He 6481 (2,2_3_0065.jpg",left,107,— de Bisenicz 406.,6
"..\He 6481 (2,2_3_0065.jpg",left,107,— Bisser 622.,7
"..\He 6481 (2,2_3_0065.jpg",left,107,— Bisserstorff de Wintertur v. H. Basserstorff.,8
"..\He 6481 (2,2_3_0065.jpg",left,107,— Byssingen 406.,9
"..\He 6481 (2,2_3_0065.jpg",left,107,— Bistervelt 1268.,10
"..\He 6481 (2,2_3_0065.jpg",left,107,— Bitter de Embrica 318 406 722.,11
"..\He 6481 (2,2_3_0065.jpg",left,107,— Blad 1427.,12
"..\He 6481 (2,2_3_0065.jpg",left,107,— de Blidelinchtorpe 1007.,13
"..\He 6481 (2,2_3_0065.jpg",left,107,— Blidenbach 406.,14
"..\He 6481 (2,2_3_0065.jpg",left,107,— Blijfhier (Blijschijr ?) 1190 1422.,15
"..\He 6481 (2,2_3_0065.jpg",left,107,— Blume 406.,16
"..\He 6481 (2,2_3_0065.jpg",left,107,— Bockemann 837.,17
"..\He 6481 (2,2_3_0065.jpg",left,107,— Bocwinkel de Vreden 406 1100 1373.,18
"..\He 6481 (2,2_3_0065.jpg",left,107,— Bodenstede 407.,19
"..\He 6481 (2,2_3_0065.jpg",left,107,— Boemgarte 716.,20
"..\He 6481 (2,2_3_0065.jpg",left,107,— Bogel 407 787.,21
"..\He 6481 (2,2_3_0065.jpg",left,107,— Boytzeman (Botzman) 407 418 770 826 1017 1307.,22
"..\He 6481 (2,2_3_0065.jpg",left,107,— Bonyem 407.,23
"..\He 6481 (2,2_3_0065.jpg",left,107,— Boninc 407.,24
"..\He 6481 (2,2_3_0065.jpg",left,107,— de Boninghen 681.,25
"..\He 6481 (2,2_3_0065.jpg",left,107,— de Borken 407.,26
"..\He 6481 (2,2_3_0065.jpg",left,107,— Borcgraffe v. H. Burgraff.,27
"..\He 6481 (2,2_3_0065.jpg",left,107,— de Borclo 407.,28
"..\He 6481 (2,2_3_0065.jpg",left,107,— Bordike 86.,29
"..\He 6481 (2,2_3_0065.jpg",left,107,— de Born 425.,30
"..\He 6481 (2,2_3_0065.jpg",left,107,— de Borsem (Borsheim) 128 1123.,31
"..\He 6481 (2,2_3_0065.jpg",left,107,— Borsnitz 408.,32
"..\He 6481 (2,2_3_0065.jpg",left,107,— Botzman v. H. Boytzeman.,33
"..\He 6481 (2,2_3_0065.jpg",left,107,— Bozen 408.,34
"..\He 6481 (2,2_3_0065.jpg",left,107,— Braedbeck de Dynslaken 408 1230 1370.,35
"..\He 6481 (2,2_3_0065.jpg",left,107,— de Bram pach 420.,36
"..\He 6481 (2,2_3_0065.jpg",left,107,— ep. Brandeburg. 284 408 883 910 929 1078 1360.,37
"..\He 6481 (2,2_3_0065.jpg",left,107,— de Brandenborch 403 442.,38
"..\He 6481 (2,2_3_0065.jpg",left,107,— Brandes 408.,39
"..\He 6481 (2,2_3_0065.jpg",left,107,— Braunlini 458.,40
"..\He 6481 (2,2_3_0065.jpg",left,107,— de Breydenbach 408.,41
"..\He 6481 (2,2_3_0065.jpg",left,107,— Breme 152.,42
"..\He 6481 (2,2_3_0065.jpg",left,107,— Brichlin 1251.,43
"..\He 6481 (2,2_3_0065.jpg",left,107,— de Brodnitz 1249.,44
"..\He 6481 (2,2_3_0065.jpg",left,107,— Bruchter de Embrica 409.,45
"..\He 6481 (2,2_3_0065.jpg",left,107,— d. de Brues 674.,46
"..\He 6481 (2,2_3_0065.jpg",left,107,— de Bruggen 330.,47
"..\He 6481 (2,2_3_0065.jpg",left,107,— Brun 1360.,48
"..\He 6481 (2,2_3_0065.jpg",left,107,— Brunat (Brunoc) 744 1303.,49
"..\He 6481 (2,2_3_0070.jpg",right,118,Henricus Johannis de Solmitz (Solmtze) 197 446 827.,1
"..\He 6481 (2,2_3_0070.jpg",right,118,— Johannis Sorbom de Mitalen 446.,2
"..\He 6481 (2,2_3_0070.jpg",right,118,— Johardi de Removilla 1364.,3
"..\He 6481 (2,2_3_0070.jpg",right,118,— Jone de Wildungen 225 446.,4
"..\He 6481 (2,2_3_0070.jpg",right,118,— de Yreya 676.,5
"..\He 6481 (2,2_3_0070.jpg",right,118,— Yseren de Tyla 446.,6
"..\He 6481 (2,2_3_0070.jpg",right,118,— de Iserloen 385.,7
"..\He 6481 (2,2_3_0070.jpg",right,118,— Judicis 446 1268 1288.,8
"..\He 6481 (2,2_3_0070.jpg",right,118,— Judicis de Smorkow 1236.,9
"..\He 6481 (2,2_3_0070.jpg",right,118,— Judman 446.,10
"..\He 6481 (2,2_3_0070.jpg",right,118,— de June 179 446 484 516 678 1074.,11
"..\He 6481 (2,2_3_0070.jpg",right,118,— Junghe 447 517.,12
"..\He 6481 (2,2_3_0070.jpg",right,118,— Jungen 447.,13
"..\He 6481 (2,2_3_0070.jpg",right,118,— Juvenis 614.,14
"..\He 6481 (2,2_3_0070.jpg",right,118,— Ixcule 447.,15
"..\He 6481 (2,2_3_0070.jpg",right,118,— Laberperger al. Windeman 1236.,16
"..\He 6481 (2,2_3_0070.jpg",right,118,— abb. mon. Lacusiuren. 1230.,17
"..\He 6481 (2,2_3_0070.jpg",right,118,— Lampede de Veltstede 448.,18
"..\He 6481 (2,2_3_0070.jpg",right,118,— Lamstede 448.,19
"..\He 6481 (2,2_3_0070.jpg",right,118,— de Lanck 448.,20
"..\He 6481 (2,2_3_0070.jpg",right,118,— Lang 448.,21
"..\He 6481 (2,2_3_0070.jpg",right,118,— Lange 737.,22
"..\He 6481 (2,2_3_0070.jpg",right,118,— Langhe 1236.,23
"..\He 6481 (2,2_3_0070.jpg",right,118,— Langhe 1308.,24
"..\He 6481 (2,2_3_0070.jpg",right,118,— Langhe 1364.,25
"..\He 6481 (2,2_3_0070.jpg",right,118,— de Langhenbach 1376.,26
"..\He 6481 (2,2_3_0070.jpg",right,118,— de Langensteyn al. de Hassia (cf. H. de Hassia) 521.,27
"..\He 6481 (2,2_3_0070.jpg",right,118,— Langhals 434 480.,28
"..\He 6481 (2,2_3_0070.jpg",right,118,— Langhore 535 856.,29
"..\He 6481 (2,2_3_0070.jpg",right,118,— de Lapide 149 448 895 1277.,30
"..\He 6481 (2,2_3_0070.jpg",right,118,— Lappellan 448.,31
"..\He 6481 (2,2_3_0070.jpg",right,118,— de Lavatorio 214 665 746.,32
"..\He 6481 (2,2_3_0070.jpg",right,118,— ep. Laventin. 933.,33
"..\He 6481 (2,2_3_0070.jpg",right,118,— de Lecka 463.,34
"..\He 6481 (2,2_3_0070.jpg",right,118,— de Lechnich 449.,35
"..\He 6481 (2,2_3_0070.jpg",right,118,— Lechting 245.,36
"..\He 6481 (2,2_3_0070.jpg",right,118,— Ledeghe 449.,37
"..\He 6481 (2,2_3_0070.jpg",right,118,— Leyge 444.,38
"..\He 6481 (2,2_3_0070.jpg",right,118,— Leyres 641.,39
"..\He 6481 (2,2_3_0070.jpg",right,118,— de Lemmede 449.,40
"..\He 6481 (2,2_3_0070.jpg",right,118,— Lempersfelt 449.,41
"..\He 6481 (2,2_3_0070.jpg",right,118,— Lengel 449.,42
"..\He 6481 (2,2_3_0070.jpg",right,118,— de Lesen 571 703.,43
"..\He 6481 (2,2_3_0070.jpg",right,118,— de Levenwolde 1236.,44
"..\He 6481 (2,2_3_0070.jpg",right,118,— de Lichtenberg 449.,45
"..\He 6481 (2,2_3_0070.jpg",right,118,— d. Lichtenstain 449.,46
"..\He 6481 (2,2_3_0070.jpg",right,118,— d. Lichtenstain sen. 449.,47
"..\He 6481 (2,2_3_0070.jpg",right,118,— Liding 1383.,48
"..\He 6481 (2,2_3_0070.jpg",right,118,— de Lymborg 919.,49
"..\He 6481 (2,2_3_0070.jpg",right,118,— de Lynden 225.,50
"..\He 6481 (2,2_3_0068.jpg",left,113,Henricus Fluck 1363.,1
"..\He 6481 (2,2_3_0068.jpg",left,113,— Vocking (Vockinck) 429.,2
"..\He 6481 (2,2_3_0068.jpg",left,113,— Voes 429.,3
"..\He 6481 (2,2_3_0068.jpg",left,113,— Voyghelsang 1099.,4
"..\He 6481 (2,2_3_0068.jpg",left,113,— Folkel (Folkil) 429.,5
"..\He 6481 (2,2_3_0068.jpg",left,113,— Vomethore 429.,6
"..\He 6481 (2,2_3_0068.jpg",left,113,— Vomsteyne 924.,7
"..\He 6481 (2,2_3_0068.jpg",left,113,— Vorken 429.,8
"..\He 6481 (2,2_3_0068.jpg",left,113,— Vormelant 429.,9
"..\He 6481 (2,2_3_0068.jpg",left,113,— Vorsten 1232.,10
"..\He 6481 (2,2_3_0068.jpg",left,113,— Vos 429.,11
"..\He 6481 (2,2_3_0068.jpg",left,113,— Vos 430.,12
"..\He 6481 (2,2_3_0068.jpg",left,113,— de Vosheym 430.,13
"..\He 6481 (2,2_3_0068.jpg",left,113,— Franke 1076.,14
"..\He 6481 (2,2_3_0068.jpg",left,113,— Franken 430.,15
"..\He 6481 (2,2_3_0068.jpg",left,113,— de Frankenstein 64.,16
"..\He 6481 (2,2_3_0068.jpg",left,113,— Frantz de Schehszlitz v. H. Walteri.,17
"..\He 6481 (2,2_3_0068.jpg",left,113,— Fraunceys 11.,18
"..\He 6481 (2,2_3_0068.jpg",left,113,— Vreent 1144.,19
"..\He 6481 (2,2_3_0068.jpg",left,113,— de Freyburg 430.,20
"..\He 6481 (2,2_3_0068.jpg",left,113,— Freyrosz 430.,21
"..\He 6481 (2,2_3_0068.jpg",left,113,— de Vresen 355.,22
"..\He 6481 (2,2_3_0068.jpg",left,113,— Vriborch 929.,23
"..\He 6481 (2,2_3_0068.jpg",left,113,— Fridang (Frigedang) 646.,24
"..\He 6481 (2,2_3_0068.jpg",left,113,— Vryling (Vrilinch) 431 579 580.,25
"..\He 6481 (2,2_3_0068.jpg",left,113,— Frisack 431.,26
"..\He 6481 (2,2_3_0068.jpg",left,113,— Frolich 431 1232.,27
"..\He 6481 (2,2_3_0068.jpg",left,113,— Vruede 1232.,28
"..\He 6481 (2,2_3_0068.jpg",left,113,— Fuchs 431 476.,29
"..\He 6481 (2,2_3_0068.jpg",left,113,— Funck 1232.,30
"..\He 6481 (2,2_3_0068.jpg",left,113,— Furfeller 431.,31
"..\He 6481 (2,2_3_0068.jpg",left,113,— com. de Furstenberg 1025.,32
"..\He 6481 (2,2_3_0068.jpg",left,113,— Fust 715.,33
"..\He 6481 (2,2_3_0068.jpg",left,113,— Gademann 431.,34
"..\He 6481 (2,2_3_0068.jpg",left,113,— Gallo de Galnstain 431.,35
"..\He 6481 (2,2_3_0068.jpg",left,113,— Garlippe 431.,36
"..\He 6481 (2,2_3_0068.jpg",left,113,— Gebeltzofer 191.,37
"..\He 6481 (2,2_3_0068.jpg",left,113,— Gebinch 431 1273.,38
"..\He 6481 (2,2_3_0068.jpg",left,113,— Geyberhauser de Weyschenfelt 1363.,39
"..\He 6481 (2,2_3_0068.jpg",left,113,— Geyer 864.,40
"..\He 6481 (2,2_3_0068.jpg",left,113,— de Geylnhusen (Geylenhusen) 168 203 534 734 995.,41
"..\He 6481 (2,2_3_0068.jpg",left,113,— de Geysmaria 330 1214 1243 1341.,42
"..\He 6481 (2,2_3_0068.jpg",left,113,— d. Geisser 432.,43
"..\He 6481 (2,2_3_0068.jpg",left,113,— Gelringer 118.,44
"..\He 6481 (2,2_3_0068.jpg",left,113,— de Ghemen 432.,45
"..\He 6481 (2,2_3_0068.jpg",left,113,— (Hericus) abb. mon. s. Georgii in Arnolstain 11.,46
"..\He 6481 (2,2_3_0068.jpg",left,113,— baro de Gera 1295.,47
"..\He 6481 (2,2_3_0068.jpg",left,113,— de Gera 1336.,48
"..\He 6481 (2,2_3_0068.jpg",left,113,— de Gerartstein 432.,49
"..\He 6481 (2,2_3_0069.jpg",left,115,Henricus Guntheri de Swartzburg (Zwartzpur g) 47 158 382 435 611 612 712 1070 1195.,1
"..\He 6481 (2,2_3_0069.jpg",left,115,— Gurteler 3.,2
"..\He 6481 (2,2_3_0069.jpg",left,115,— d. Gutzenbach 1234.,3
"..\He 6481 (2,2_3_0069.jpg",left,115,— de Hackenborn 277 678.,4
"..\He 6481 (2,2_3_0069.jpg",left,115,— d. Hachler 400.,5
"..\He 6481 (2,2_3_0069.jpg",left,115,— Hadermissen 1352.,6
"..\He 6481 (2,2_3_0069.jpg",left,115,— Hadmar 435.,7
"..\He 6481 (2,2_3_0069.jpg",left,115,— Hafman 512.,8
"..\He 6481 (2,2_3_0069.jpg",left,115,— Hayer de Adriach 435.,9
"..\He 6481 (2,2_3_0069.jpg",left,115,— Hail 436.,10
"..\He 6481 (2,2_3_0069.jpg",left,115,— de Halberstat 436.,11
"..\He 6481 (2,2_3_0069.jpg",left,115,— el. Halberstad. 1363 1383 1405 1406.,12
"..\He 6481 (2,2_3_0069.jpg",left,115,— Halfgano 848.,13
"..\He 6481 (2,2_3_0069.jpg",left,115,— de Hallis 436.,14
"..\He 6481 (2,2_3_0069.jpg",left,115,— de Halremont 436.,15
"..\He 6481 (2,2_3_0069.jpg",left,115,— Halwenberg 436.,16
"..\He 6481 (2,2_3_0069.jpg",left,115,— de Ham 436.,17
"..\He 6481 (2,2_3_0069.jpg",left,115,— Hamburg (Haimbuyrg) al. d. Bruniger de Hoppfikain 436.,18
"..\He 6481 (2,2_3_0069.jpg",left,115,— Hanen 217.,19
"..\He 6481 (2,2_3_0069.jpg",left,115,— Harder al. de Czollingen 135 492 1319.,20
"..\He 6481 (2,2_3_0069.jpg",left,115,— Hartorp 1293.,21
"..\He 6481 (2,2_3_0069.jpg",left,115,— Hasenor 436 1234.,22
"..\He 6481 (2,2_3_0069.jpg",left,115,— de Hassent 88 436.,23
"..\He 6481 (2,2_3_0069.jpg",left,115,— de Hassia 111 889 (cf. H. de Langenstein).,24
"..\He 6481 (2,2_3_0069.jpg",left,115,— de Hatnegghe 436.,25
"..\He 6481 (2,2_3_0069.jpg",left,115,— Hebbeler 1363.,26
"..\He 6481 (2,2_3_0069.jpg",left,115,— de Hedinsdorf 437 654.,27
"..\He 6481 (2,2_3_0069.jpg",left,115,— Heguel de Salina 437.,28
"..\He 6481 (2,2_3_0069.jpg",left,115,— Heylman 437.,29
"..\He 6481 (2,2_3_0069.jpg",left,115,"— Heilsperg, ep. Warmien. 154 437 1189 1192 1194 1358 1368.",30
"..\He 6481 (2,2_3_0069.jpg",left,115,— Heymestede 1254.,31
"..\He 6481 (2,2_3_0069.jpg",left,115,— Heyne 1259.,32
"..\He 6481 (2,2_3_0069.jpg",left,115,— Heintzonis de Nassawe 438.,33
"..\He 6481 (2,2_3_0069.jpg",left,115,— d. Helewich 979.,34
"..\He 6481 (2,2_3_0069.jpg",left,115,— Hellowede 438.,35
"..\He 6481 (2,2_3_0069.jpg",left,115,— Helmborg 439.,36
"..\He 6481 (2,2_3_0069.jpg",left,115,— Helmersen 1235 1398.,37
"..\He 6481 (2,2_3_0069.jpg",left,115,— de Helmstat 439.,38
"..\He 6481 (2,2_3_0069.jpg",left,115,— de Hemert 701.,39
"..\He 6481 (2,2_3_0069.jpg",left,115,— d. Henbach v. H. de Heubach.,40
"..\He 6481 (2,2_3_0069.jpg",left,115,— Henning de Rodinberg 1363.,41
"..\He 6481 (2,2_3_0069.jpg",left,115,— Henrici Birbaum 437.,42
"..\He 6481 (2,2_3_0069.jpg",left,115,— Henrici de Vinhusen 437.,43
"..\He 6481 (2,2_3_0069.jpg",left,115,— Heinrici d. de Fleckenstein 1235.,44
"..\He 6481 (2,2_3_0069.jpg",left,115,— Henrici Lapicide de Laybaco 1218.,45
"..\He 6481 (2,2_3_0069.jpg",left,115,— Henrici d. Luwer 437.,46
"..\He 6481 (2,2_3_0069.jpg",left,115,— Henrici de Morbach 437.,47
"..\He 6481 (2,2_3_0071.jpg",right,120,Henricus Medo de Pfarkirchen 1282 1305.,1
"..\He 6481 (2,2_3_0071.jpg",right,120,— Meyceler al. d. Rosnagel 1237.,2
"..\He 6481 (2,2_3_0071.jpg",right,120,— Meyemberg 1247 828.,3
"..\He 6481 (2,2_3_0071.jpg",right,120,— Meyer 453 455.,4
"..\He 6481 (2,2_3_0071.jpg",right,120,— de Meillenheym 479.,5
"..\He 6481 (2,2_3_0071.jpg",right,120,— Meyse 833.,6
"..\He 6481 (2,2_3_0071.jpg",right,120,— de Meysenheym 455 1255.,7
"..\He 6481 (2,2_3_0071.jpg",right,120,— de Melle 455.,8
"..\He 6481 (2,2_3_0071.jpg",right,120,— de Menschwanden v. H. de Meriswanden.,9
"..\He 6481 (2,2_3_0071.jpg",right,120,— de Meren 11.,10
"..\He 6481 (2,2_3_0071.jpg",right,120,— de Mergentheim 208.,11
"..\He 6481 (2,2_3_0071.jpg",right,120,— de Meriswanden 679 1028.,12
"..\He 6481 (2,2_3_0071.jpg",right,120,— Merse 1232.,13
"..\He 6481 (2,2_3_0071.jpg",right,120,— ep. Merseburg. 866.,14
"..\He 6481 (2,2_3_0071.jpg",right,120,— ep. Merseburg. 461,15
"..\He 6481 (2,2_3_0071.jpg",right,120,— ep. Merseburg. v. H. de Orlamunde.,16
"..\He 6481 (2,2_3_0071.jpg",right,120,— Mersel 455.,17
"..\He 6481 (2,2_3_0071.jpg",right,120,— Merseman 651.,18
"..\He 6481 (2,2_3_0071.jpg",right,120,— Mertz al. d. Sutor 601 922.,19
"..\He 6481 (2,2_3_0071.jpg",right,120,— de Merzenich 434 1092.,20
"..\He 6481 (2,2_3_0071.jpg",right,120,— Mewes 1237.,21
"..\He 6481 (2,2_3_0071.jpg",right,120,— de Michelnbach 887.,22
"..\He 6481 (2,2_3_0071.jpg",right,120,— de Middeldorp 530.,23
"..\He 6481 (2,2_3_0071.jpg",right,120,— Millerding 455.,24
"..\He 6481 (2,2_3_0071.jpg",right,120,— Mynnerman 590.,25
"..\He 6481 (2,2_3_0071.jpg",right,120,— de Mintzenberg 576 834.,26
"..\He 6481 (2,2_3_0071.jpg",right,120,— de Misenheim v. H. de Meysenheym.,27
"..\He 6481 (2,2_3_0071.jpg",right,120,— Mistelpekh 256.,28
"..\He 6481 (2,2_3_0071.jpg",right,120,— de Mo 1261.,29
"..\He 6481 (2,2_3_0071.jpg",right,120,— Modinch 12.,30
"..\He 6481 (2,2_3_0071.jpg",right,120,— Moylant (Molant) 239 455.,31
"..\He 6481 (2,2_3_0071.jpg",right,120,— de Molendino 456 775.,32
"..\He 6481 (2,2_3_0071.jpg",right,120,— Molner 456.,33
"..\He 6481 (2,2_3_0071.jpg",right,120,— Monachi 481.,34
"..\He 6481 (2,2_3_0071.jpg",right,120,— Monich 164.,35
"..\He 6481 (2,2_3_0071.jpg",right,120,— Monik 456.,36
"..\He 6481 (2,2_3_0071.jpg",right,120,— burgravius de Monsfoerde 456.,37
"..\He 6481 (2,2_3_0071.jpg",right,120,— de Monte 298 955.,38
"..\He 6481 (2,2_3_0071.jpg",right,120,— Morder 456.,39
"..\He 6481 (2,2_3_0071.jpg",right,120,— de Morung 456.,40
"..\He 6481 (2,2_3_0071.jpg",right,120,— Mosebok 105.,41
"..\He 6481 (2,2_3_0071.jpg",right,120,— Muels de Ruremunde 456.,42
"..\He 6481 (2,2_3_0071.jpg",right,120,— de Muerse 353.,43
"..\He 6481 (2,2_3_0071.jpg",right,120,— Maybe 456.,44
"..\He 6481 (2,2_3_0071.jpg",right,120,— MuyI 1364 1367.,45
"..\He 6481 (2,2_3_0071.jpg",right,120,— Mulich 457.,46
"..\He 6481 (2,2_3_0071.jpg",right,120,— Muller 1364.,47
"..\He 6481 (2,2_3_0071.jpg",right,120,— Mumme 1141.,48
"..\He 6481 (2,2_3_0071.jpg",right,120,— Munckel (Monckil) 457.,49
"..\He 6481 (2,2_3_0071.jpg",right,120,— Mund 457 1205.,50
"..\He 6481 (2,2_3_0070.jpg",left,117,Henricus baro de Homborg 61.,1
"..\He 6481 (2,2_3_0070.jpg",left,117,— de Homburg 191.,2
"..\He 6481 (2,2_3_0070.jpg",left,117,— Honacke 303.,3
"..\He 6481 (2,2_3_0070.jpg",left,117,— Honberg v. H. Houbergh.,4
"..\He 6481 (2,2_3_0070.jpg",left,117,— Hongher 416.,5
"..\He 6481 (2,2_3_0070.jpg",left,117,— Honry 442.,6
"..\He 6481 (2,2_3_0070.jpg",left,117,— Hoppenrode 1097.,7
"..\He 6481 (2,2_3_0070.jpg",left,117,— Hoppensack 442.,8
"..\He 6481 (2,2_3_0070.jpg",left,117,— Horlecher de Hallis 763.,9
"..\He 6481 (2,2_3_0070.jpg",left,117,— Hornbein 1079.,10
"..\He 6481 (2,2_3_0070.jpg",left,117,— Horndlin (Horndel) 442 1379.,11
"..\He 6481 (2,2_3_0070.jpg",left,117,— Hotdorfer 442.,12
"..\He 6481 (2,2_3_0070.jpg",left,117,— Hotwelker (Hutwelker) 442 1364.,13
"..\He 6481 (2,2_3_0070.jpg",left,117,— Houbergh 214 248 439 442 492 1084.,14
"..\He 6481 (2,2_3_0070.jpg",left,117,— Hubeschen 750.,15
"..\He 6481 (2,2_3_0070.jpg",left,117,— Hudepol 824.,16
"..\He 6481 (2,2_3_0070.jpg",left,117,— Hueter 443.,17
"..\He 6481 (2,2_3_0070.jpg",left,117,— Huffeltute 443.,18
"..\He 6481 (2,2_3_0070.jpg",left,117,— Hufftner al. de Perchingen 463 464 1130 1422.,19
"..\He 6481 (2,2_3_0070.jpg",left,117,— d. Hugewitz (Hugowitz) 1149 1434.,20
"..\He 6481 (2,2_3_0070.jpg",left,117,— Hulsen 1235.,21
"..\He 6481 (2,2_3_0070.jpg",left,117,— de Hundeshusen 475.,22
"..\He 6481 (2,2_3_0070.jpg",left,117,— Hune 1235.,23
"..\He 6481 (2,2_3_0070.jpg",left,117,— de Hunenberg (Huinenberg) 152.,24
"..\He 6481 (2,2_3_0070.jpg",left,117,— de Hupede 443 1187.,25
"..\He 6481 (2,2_3_0070.jpg",left,117,— Huter de Dobelin 409.,26
"..\He 6481 (2,2_3_0070.jpg",left,117,— Hutwelker v. H. Hotwelker.,27
"..\He 6481 (2,2_3_0070.jpg",left,117,— Jans al. d. Pleneter 1235 1236.,28
"..\He 6481 (2,2_3_0070.jpg",left,117,— de Igstad 443 1031.,29
"..\He 6481 (2,2_3_0070.jpg",left,117,— de Imbermonte 444.,30
"..\He 6481 (2,2_3_0070.jpg",left,117,— de Ymenhusen 444.,31
"..\He 6481 (2,2_3_0070.jpg",left,117,— Ymmensen 1364.,32
"..\He 6481 (2,2_3_0070.jpg",left,117,— de Ymnere 444.,33
"..\He 6481 (2,2_3_0070.jpg",left,117,— de Indagine 444 1161.,34
"..\He 6481 (2,2_3_0070.jpg",left,117,— Infine 444.,35
"..\He 6481 (2,2_3_0070.jpg",left,117,— de Ynodio v. H. Johanneti.,36
"..\He 6481 (2,2_3_0070.jpg",left,117,— Institoris 1236.,37
"..\He 6481 (2,2_3_0070.jpg",left,117,— Jodeman (Jademan) 443.,38
"..\He 6481 (2,2_3_0070.jpg",left,117,— Johanneti de Ynodio 444 1253.,39
"..\He 6481 (2,2_3_0070.jpg",left,117,— Johannis 249.,40
"..\He 6481 (2,2_3_0070.jpg",left,117,— Johannis 445.,41
"..\He 6481 (2,2_3_0070.jpg",left,117,— Johannis 633.,42
"..\He 6481 (2,2_3_0070.jpg",left,117,— Johannis Blusze (Plusze) 370 465.,43
"..\He 6481 (2,2_3_0070.jpg",left,117,— Johannis Bocholt 444.,44
"..\He 6481 (2,2_3_0070.jpg",left,117,— Johannis de Echzil 445 1396 1417.,45
"..\He 6481 (2,2_3_0070.jpg",left,117,— Johannis Vogelsang de Bopardia 1236.,46
"..\He 6481 (2,2_3_0070.jpg",left,117,— Johannis Mennelin 445.,47
"..\He 6481 (2,2_3_0070.jpg",left,117,— Johannis de Oppirshoven 445.,48
"..\He 6481 (2,2_3_0070.jpg",left,117,— Johannis d. Rugraven 1376.,49
"..\He 6481 (2,2_3_0070.jpg",left,117,— Johannis d. Simphonista de Wytzperg 445 476.,50
"..\He 6481 (2,2_3_0071.jpg",left,119,Henricus d. Liner 450.,1
"..\He 6481 (2,2_3_0071.jpg",left,119,— com. de Liutzelseyn 450.,2
"..\He 6481 (2,2_3_0071.jpg",left,119,— de Lo 429.,3
"..\He 6481 (2,2_3_0071.jpg",left,119,— Lobern (Lokeren) 450.,4
"..\He 6481 (2,2_3_0071.jpg",left,119,— Lobeze 399 450.,5
"..\He 6481 (2,2_3_0071.jpg",left,119,— de Lobschitz 20 451 539 810 937 1147.,6
"..\He 6481 (2,2_3_0071.jpg",left,119,— Locher 4 5 11 235 451.,7
"..\He 6481 (2,2_3_0071.jpg",left,119,— Lockwitz 1339.,8
"..\He 6481 (2,2_3_0071.jpg",left,119,— Loef 97.,9
"..\He 6481 (2,2_3_0071.jpg",left,119,— Loen 356 451 507.,10
"..\He 6481 (2,2_3_0071.jpg",left,119,— Lom 239 455.,11
"..\He 6481 (2,2_3_0071.jpg",left,119,— Loman 451.,12
"..\He 6481 (2,2_3_0071.jpg",left,119,— Loneys 776.,13
"..\He 6481 (2,2_3_0071.jpg",left,119,— de Loppersum 451.,14
"..\He 6481 (2,2_3_0071.jpg",left,119,— Lovenstede 748 924.,15
"..\He 6481 (2,2_3_0071.jpg",left,119,— Lovesam 450.,16
"..\He 6481 (2,2_3_0071.jpg",left,119,— de Lubeke 451.,17
"..\He 6481 (2,2_3_0071.jpg",left,119,— Lubeschitz v. H. de Lobschitz.,18
"..\He 6481 (2,2_3_0071.jpg",left,119,— Luckardi 452 1201.,19
"..\He 6481 (2,2_3_0071.jpg",left,119,— Lucke 452.,20
"..\He 6481 (2,2_3_0071.jpg",left,119,— Lufftenbry 1153.,21
"..\He 6481 (2,2_3_0071.jpg",left,119,— Luggli de Diessenhofen 452.,22
"..\He 6481 (2,2_3_0071.jpg",left,119,— Luisi 1236.,23
"..\He 6481 (2,2_3_0071.jpg",left,119,— Lum v. H. Lom.,24
"..\He 6481 (2,2_3_0071.jpg",left,119,— dux Luneburg. v. H. dux Brunswic.,25
"..\He 6481 (2,2_3_0071.jpg",left,119,— de Lunen 452.,26
"..\He 6481 (2,2_3_0071.jpg",left,119,— d. Lupi 276 452 611.,27
"..\He 6481 (2,2_3_0071.jpg",left,119,— Lupi de Nussia 452.,28
"..\He 6481 (2,2_3_0071.jpg",left,119,— Luscher de Schrissehim 606.,29
"..\He 6481 (2,2_3_0071.jpg",left,119,— Lust 589 612 936 955.,30
"..\He 6481 (2,2_3_0071.jpg",left,119,— dux Magnopol. 220 224 1008.,31
"..\He 6481 (2,2_3_0071.jpg",left,119,— aep. Magunt. 64 278 843 939 948.,32
"..\He 6481 (2,2_3_0071.jpg",left,119,— Mayr v. H. Meyer.,33
"..\He 6481 (2,2_3_0071.jpg",left,119,— d. Mayr (Mayer) de Faucibus-alpium 153 453.,34
"..\He 6481 (2,2_3_0071.jpg",left,119,— de Manderscheid 605 697.,35
"..\He 6481 (2,2_3_0071.jpg",left,119,— Mangolt de Bopardia 453.,36
"..\He 6481 (2,2_3_0071.jpg",left,119,— de Mara 246 453.,37
"..\He 6481 (2,2_3_0071.jpg",left,119,— abb. mon. s. Marie de Arena 454.,38
"..\He 6481 (2,2_3_0071.jpg",left,119,— Marquardi 454.,39
"..\He 6481 (2,2_3_0071.jpg",left,119,— Marquardi 454.,40
"..\He 6481 (2,2_3_0071.jpg",left,119,— Marschalk 454.,41
"..\He 6481 (2,2_3_0071.jpg",left,119,— Martini 996 1364.,42
"..\He 6481 (2,2_3_0071.jpg",left,119,— Martyns 1053.,43
"..\He 6481 (2,2_3_0071.jpg",left,119,— Mast 454.,44
"..\He 6481 (2,2_3_0071.jpg",left,119,— Mathei 454.,45
"..\He 6481 (2,2_3_0071.jpg",left,119,— Mathie 807.,46
"..\He 6481 (2,2_3_0071.jpg",left,119,— Maul 454.,47
"..\He 6481 (2,2_3_0071.jpg",left,119,— Mauritii d. Honerighe 770.,48
"..\He 6481 (2,2_3_0071.jpg",left,119,— de Mauwenheim 454.,49
"..\He 6481 (2,2_3_0071.jpg",left,119,— Meckow 455 663 774 859 996 1138 1260 1289.,50
"..\He 6481 (2,2_3_0072.jpg",left,121,Henricus de Munden 1237.,1
"..\He 6481 (2,2_3_0072.jpg",left,121,— Munster 457.,2
"..\He 6481 (2,2_3_0072.jpg",left,121,— de Munstere 1361.,3
"..\He 6481 (2,2_3_0072.jpg",left,121,— Murer 169 457 792.,4
"..\He 6481 (2,2_3_0072.jpg",left,121,— d. Mutzfelt 495.,5
"..\He 6481 (2,2_3_0072.jpg",left,121,— Naghel 330 457.,6
"..\He 6481 (2,2_3_0072.jpg",left,121,— de Nassenguebe (Nassengnese) 45 790.,7
"..\He 6481 (2,2_3_0072.jpg",left,121,— Nauta 458.,8
"..\He 6481 (2,2_3_0072.jpg",left,121,— Nawogi de Magnarudna 1364.,9
"..\He 6481 (2,2_3_0072.jpg",left,121,— Nebelung 831.,10
"..\He 6481 (2,2_3_0072.jpg",left,121,— Neghenborne 458.,11
"..\He 6481 (2,2_3_0072.jpg",left,121,— Negetin 1237.,12
"..\He 6481 (2,2_3_0072.jpg",left,121,— Nendil 773.,13
"..\He 6481 (2,2_3_0072.jpg",left,121,— Ner 469 530.,14
"..\He 6481 (2,2_3_0072.jpg",left,121,— Nere 458.,15
"..\He 6481 (2,2_3_0072.jpg",left,121,— Nestlin 570.,16
"..\He 6481 (2,2_3_0072.jpg",left,121,— de Neuera 162.,17
"..\He 6481 (2,2_3_0072.jpg",left,121,— Newdlitz 1147.,18
"..\He 6481 (2,2_3_0072.jpg",left,121,— de Newogicz 943.,19
"..\He 6481 (2,2_3_0072.jpg",left,121,— d. Newsteter 817.,20
"..\He 6481 (2,2_3_0072.jpg",left,121,— Nicolai de Confluentia 458.,21
"..\He 6481 (2,2_3_0072.jpg",left,121,— Nicolai de Cule 804.,22
"..\He 6481 (2,2_3_0072.jpg",left,121,— Nicolai de Gorchem 458.,23
"..\He 6481 (2,2_3_0072.jpg",left,121,— Nicolai de Mondrekingna 458.,24
"..\He 6481 (2,2_3_0072.jpg",left,121,— Nicolai Schulmeister 458.,25
"..\He 6481 (2,2_3_0072.jpg",left,121,— Nicolai de Warssewna 458.,26
"..\He 6481 (2,2_3_0072.jpg",left,121,— Nienborgehe 1365.,27
"..\He 6481 (2,2_3_0072.jpg",left,121,— Nygeman 458.,28
"..\He 6481 (2,2_3_0072.jpg",left,121,— Nigri 458.,29
"..\He 6481 (2,2_3_0072.jpg",left,121,— d. Niperg 967.,30
"..\He 6481 (2,2_3_0072.jpg",left,121,— Nithart 1237.,31
"..\He 6481 (2,2_3_0072.jpg",left,121,— Noerthoern 459.,32
"..\He 6481 (2,2_3_0072.jpg",left,121,— Noy s 459.,33
"..\He 6481 (2,2_3_0072.jpg",left,121,— Northem (Norten) 459 1234.,34
"..\He 6481 (2,2_3_0072.jpg",left,121,— de Northusen 459.,35
"..\He 6481 (2,2_3_0072.jpg",left,121,— d. de Novimagio de Clivis 459.,36
"..\He 6481 (2,2_3_0072.jpg",left,121,— Nuheym de Lymypurg 459 1365.,37
"..\He 6481 (2,2_3_0072.jpg",left,121,— de Nussia 342 460.,38
"..\He 6481 (2,2_3_0072.jpg",left,121,— de Nussia 460.,39
"..\He 6481 (2,2_3_0072.jpg",left,121,— de Oberênkerken 414.,40
"..\He 6481 (2,2_3_0072.jpg",left,121,— Oder 1236.,41
"..\He 6481 (2,2_3_0072.jpg",left,121,— Oem 793.,42
"..\He 6481 (2,2_3_0072.jpg",left,121,— Ovesfelt 460.,43
"..\He 6481 (2,2_3_0072.jpg",left,121,— de Ovexenkerken 758.,44
"..\He 6481 (2,2_3_0072.jpg",left,121,— Offerhuis 460.,45
"..\He 6481 (2,2_3_0072.jpg",left,121,— de Oy 460.,46
"..\He 6481 (2,2_3_0072.jpg",left,121,— Oyleman 510.,47
"..\He 6481 (2,2_3_0072.jpg",left,121,— de Oyr 460.,48
"..\He 6481 (2,2_3_0072.jpg",left,121,— Oyteke 1237.,49
"..\He 6481 (2,2_3_0072.jpg",left,121,— Oleer 175.,50
"..\He 6481 (2,2_3_0072.jpg",left,121,— Olencke v. H. Cleneke.,51
"..\He 6481 (2,2_3_0072.jpg",left,121,— Olph 461.,52
"..\He 6481 (2,2_3_0073.jpg",right,124,Henricus Roever 1318.,1
"..\He 6481 (2,2_3_0073.jpg",right,124,— Roggwiler 469 1238.,2
"..\He 6481 (2,2_3_0073.jpg",right,124,— Rolinger 600.,3
"..\He 6481 (2,2_3_0073.jpg",right,124,— de Rommersheym 1087.,4
"..\He 6481 (2,2_3_0073.jpg",right,124,— de Rosdorp 517.,5
"..\He 6481 (2,2_3_0073.jpg",right,124,— Roseman de Umbach 469.,6
"..\He 6481 (2,2_3_0073.jpg",right,124,— Rosenberchk 469.,7
"..\He 6481 (2,2_3_0073.jpg",right,124,— Rosnegger 1365.,8
"..\He 6481 (2,2_3_0073.jpg",right,124,— Rospach 469.,9
"..\He 6481 (2,2_3_0073.jpg",right,124,— Rostok 1238.,10
"..\He 6481 (2,2_3_0073.jpg",right,124,— Rotelstein 1366.,11
"..\He 6481 (2,2_3_0073.jpg",right,124,— baro de Rotemburg 469.,12
"..\He 6481 (2,2_3_0073.jpg",right,124,— Rottendam 469.,13
"..\He 6481 (2,2_3_0073.jpg",right,124,— de Rotzenhusen 469.,14
"..\He 6481 (2,2_3_0073.jpg",right,124,— Rudolfi 411.,15
"..\He 6481 (2,2_3_0073.jpg",right,124,— Rudolphi de Muglin 469 739.,16
"..\He 6481 (2,2_3_0073.jpg",right,124,— Rumhart 54.,17
"..\He 6481 (2,2_3_0073.jpg",right,124,— Rusberger de Bucheym 470.,18
"..\He 6481 (2,2_3_0073.jpg",right,124,— Ruser 1239.,19
"..\He 6481 (2,2_3_0073.jpg",right,124,"— Rutenbeke 470,",20
"..\He 6481 (2,2_3_0073.jpg",right,124,— Ruwe v. H. Kremer.,21
"..\He 6481 (2,2_3_0073.jpg",right,124,— Ruwe 1238.,22
"..\He 6481 (2,2_3_0073.jpg",right,124,— Ruwe de Almelo 471.,23
"..\He 6481 (2,2_3_0073.jpg",right,124,— Sack 1238.,24
"..\He 6481 (2,2_3_0073.jpg",right,124,— Sagitarii de Limpurg 471.,25
"..\He 6481 (2,2_3_0073.jpg",right,124,— Sayler 238 568.,26
"..\He 6481 (2,2_3_0073.jpg",right,124,— ep. Salon. v. H. de Kalvelde.,27
"..\He 6481 (2,2_3_0073.jpg",right,124,— Sartoris 179.,28
"..\He 6481 (2,2_3_0073.jpg",right,124,— Sartoris de Wunnecke 1239.,29
"..\He 6481 (2,2_3_0073.jpg",right,124,— Saurawer (Surawer) 471 1198.,30
"..\He 6481 (2,2_3_0073.jpg",right,124,— dux Saxonie 467.,31
"..\He 6481 (2,2_3_0073.jpg",right,124,— Schadaman 471.,32
"..\He 6481 (2,2_3_0073.jpg",right,124,— Scafhorst 225 471 949 1093.,33
"..\He 6481 (2,2_3_0073.jpg",right,124,— de Schambach 1188.,34
"..\He 6481 (2,2_3_0073.jpg",right,124,— Scharffe 471.,35
"..\He 6481 (2,2_3_0073.jpg",right,124,— Scheven 239 472.,36
"..\He 6481 (2,2_3_0073.jpg",right,124,— d. Scheffer 472.,37
"..\He 6481 (2,2_3_0073.jpg",right,124,— de Schevingen 128.,38
"..\He 6481 (2,2_3_0073.jpg",right,124,— Scheideman 59.,39
"..\He 6481 (2,2_3_0073.jpg",right,124,— de Schellenberg 714.,40
"..\He 6481 (2,2_3_0073.jpg",right,124,— Scheller 472.,41
"..\He 6481 (2,2_3_0073.jpg",right,124,— Schelmuotz al. Meyensim 1393.,42
"..\He 6481 (2,2_3_0073.jpg",right,124,— Schertel v. H. Henrici.,43
"..\He 6481 (2,2_3_0073.jpg",right,124,— Schetzelin 472.,44
"..\He 6481 (2,2_3_0073.jpg",right,124,— Scheuler 1366.,45
"..\He 6481 (2,2_3_0073.jpg",right,124,"— de Sciawemberg, el. Pomezan. 1366.",46
"..\He 6481 (2,2_3_0073.jpg",right,124,— Schyke 473.,47
"..\He 6481 (2,2_3_0073.jpg",right,124,— d. Schieszer 473.,48
"..\He 6481 (2,2_3_0073.jpg",right,124,— Sciver 381.,49
"..\He 6481 (2,2_3_0073.jpg",right,124,— Schifferstein 473.,50
"..\He 6481 (2,2_3_0073.jpg",right,124,— Schilling 440 473 538.,51
"..\He 6481 (2,2_3_0073.jpg",right,124,— Schilt 473.,52
"..\He 6481 (2,2_3_0073.jpg",right,124,— Scoenheynensoen 1366.,53
"..\He 6481 (2,2_3_0073.jpg",left,123,Henricus Plotze 465.,1
"..\He 6481 (2,2_3_0073.jpg",left,123,— Plucker (Pluck) 465 1039.,2
"..\He 6481 (2,2_3_0073.jpg",left,123,— Plusze v. H. Johannis Blusze.,3
"..\He 6481 (2,2_3_0073.jpg",left,123,— Polarde 465.,4
"..\He 6481 (2,2_3_0073.jpg",left,123,— Pomer de Burckunstat 465.,5
"..\He 6481 (2,2_3_0073.jpg",left,123,— de Ponte 465.,6
"..\He 6481 (2,2_3_0073.jpg",left,123,— Popel 465.,7
"..\He 6481 (2,2_3_0073.jpg",left,123,— Porschin (Portzin) 455 938.,8
"..\He 6481 (2,2_3_0073.jpg",left,123,— Potzendorf 1111.,9
"..\He 6481 (2,2_3_0073.jpg",left,123,— Poworn v. H. Palborn.,10
"..\He 6481 (2,2_3_0073.jpg",left,123,— Praytenrewt de Drebeferrot 67.,11
"..\He 6481 (2,2_3_0073.jpg",left,123,— Preck al. d. Wrachten 465.,12
"..\He 6481 (2,2_3_0073.jpg",left,123,— de Prensey sen 996.,13
"..\He 6481 (2,2_3_0073.jpg",left,123,— Principis 465.,14
"..\He 6481 (2,2_3_0073.jpg",left,123,— de Pritzen 465.,15
"..\He 6481 (2,2_3_0073.jpg",left,123,— Pritzerwe 151.,16
"..\He 6481 (2,2_3_0073.jpg",left,123,— d. Probest (Provest) 251 585.,17
"..\He 6481 (2,2_3_0073.jpg",left,123,— Proschitz 848.,18
"..\He 6481 (2,2_3_0073.jpg",left,123,— Prume de Heylsensheim 466.,19
"..\He 6481 (2,2_3_0073.jpg",left,123,— baro de Puheim 1238.,20
"..\He 6481 (2,2_3_0073.jpg",left,123,— Pullificis 466 1210 1238 1324.,21
"..\He 6481 (2,2_3_0073.jpg",left,123,— Quitstorp 1281.,22
"..\He 6481 (2,2_3_0073.jpg",left,123,— Rabenoldi 174 420.,23
"..\He 6481 (2,2_3_0073.jpg",left,123,— Raclawer 1365.,24
"..\He 6481 (2,2_3_0073.jpg",left,123,— de Ravel 289.,25
"..\He 6481 (2,2_3_0073.jpg",left,123,— de Rameslo 290.,26
"..\He 6481 (2,2_3_0073.jpg",left,123,— de Randeck (Randegg) 129 147 46,27
"..\He 6481 (2,2_3_0073.jpg",left,123,— Rant 22.,28
"..\He 6481 (2,2_3_0073.jpg",left,123,— d. Rapti de Magnarudna 923.,29
"..\He 6481 (2,2_3_0073.jpg",left,123,— Rat 1397.,30
"..\He 6481 (2,2_3_0073.jpg",left,123,— Ratlose 466.,31
"..\He 6481 (2,2_3_0073.jpg",left,123,— de Ravenswaelde 255.,32
"..\He 6481 (2,2_3_0073.jpg",left,123,— ep. Razeburg. 467.,33
"..\He 6481 (2,2_3_0073.jpg",left,123,— de Rebindirborg 935.,34
"..\He 6481 (2,2_3_0073.jpg",left,123,— Rek 12.,35
"..\He 6481 (2,2_3_0073.jpg",left,123,— de Reden 1340.,36
"..\He 6481 (2,2_3_0073.jpg",left,123,— Reder de Miltenberg 1382.,37
"..\He 6481 (2,2_3_0073.jpg",left,123,— Rederlinck 667.,38
"..\He 6481 (2,2_3_0073.jpg",left,123,— Rees 538.,39
"..\He 6481 (2,2_3_0073.jpg",left,123,— Reynhardi 467.,40
"..\He 6481 (2,2_3_0073.jpg",left,123,— Reinigher 47.,41
"..\He 6481 (2,2_3_0073.jpg",left,123,— de Reynnenkendorf 467.,42
"..\He 6481 (2,2_3_0073.jpg",left,123,— de Reys 863 1118.,43
"..\He 6481 (2,2_3_0073.jpg",left,123,— Renner 467.,44
"..\He 6481 (2,2_3_0073.jpg",left,123,— de Rybenitz 467.,45
"..\He 6481 (2,2_3_0073.jpg",left,123,— Rikenbergh 467 1238 1365.,46
"..\He 6481 (2,2_3_0073.jpg",left,123,— Ridderer 468.,47
"..\He 6481 (2,2_3_0073.jpg",left,123,— Rynner 166 468.,48
"..\He 6481 (2,2_3_0073.jpg",left,123,— Rintorp 1324.,49
"..\He 6481 (2,2_3_0073.jpg",left,123,— Riquini 468.,50
"..\He 6481 (2,2_3_0073.jpg",left,123,— de Rokicznicz 943.,51
"..\He 6481 (2,2_3_0073.jpg",left,123,— Rode 264.,52
"..\He 6481 (2,2_3_0073.jpg",left,123,— Roechelin (Rochlini) 468.,53
"..\He 6481 (2,2_3_0074.jpg",right,126,Henricus Slukkerdes 617.,1
"..\He 6481 (2,2_3_0074.jpg",right,126,— Sluter 477.,2
"..\He 6481 (2,2_3_0074.jpg",right,126,— Smeringhen 1367.,3
"..\He 6481 (2,2_3_0074.jpg",right,126,— Snitknecht de Landenburg 1367.,4
"..\He 6481 (2,2_3_0074.jpg",right,126,— de Solmitz (Solmtze) v. H. Jo-hannis.,5
"..\He 6481 (2,2_3_0074.jpg",right,126,— ep. Solonen. v. H. de Kalvelde.,6
"..\He 6481 (2,2_3_0074.jpg",right,126,— d. Soltwedel 820.,7
"..\He 6481 (2,2_3_0074.jpg",right,126,— de Soltwedel al. d. Schymming 947.,8
"..\He 6481 (2,2_3_0074.jpg",right,126,— de Sonneberg 477.,9
"..\He 6481 (2,2_3_0074.jpg",right,126,— Spaet 477.,10
"..\He 6481 (2,2_3_0074.jpg",right,126,— com. de Spanheim al. Daufels 381.,11
"..\He 6481 (2,2_3_0074.jpg",right,126,— Spec 498.,12
"..\He 6481 (2,2_3_0074.jpg",right,126,— de Speculo 1090.,13
"..\He 6481 (2,2_3_0074.jpg",right,126,— Speiser 477.,14
"..\He 6481 (2,2_3_0074.jpg",right,126,— Spening 262 477 1239.,15
"..\He 6481 (2,2_3_0074.jpg",right,126,— Spygel 259 1211.,16
"..\He 6481 (2,2_3_0074.jpg",right,126,— d. Spilner 477.,17
"..\He 6481 (2,2_3_0074.jpg",right,126,— Spiser 477 1113 1124.,18
"..\He 6481 (2,2_3_0074.jpg",right,126,— Sprekense 1367.,19
"..\He 6481 (2,2_3_0074.jpg",right,126,— Sprenger 161.,20
"..\He 6481 (2,2_3_0074.jpg",right,126,— Stacke 477.,21
"..\He 6481 (2,2_3_0074.jpg",right,126,— Staelbuck 467.,22
"..\He 6481 (2,2_3_0074.jpg",right,126,— Stapfhus 227.,23
"..\He 6481 (2,2_3_0074.jpg",right,126,— com. de Stalberg 478.,24
"..\He 6481 (2,2_3_0074.jpg",right,126,— Stalberg 880.,25
"..\He 6481 (2,2_3_0074.jpg",right,126,— Stalberg de Rodenberg 478.,26
"..\He 6481 (2,2_3_0074.jpg",right,126,— de Stalberghe 478.,27
"..\He 6481 (2,2_3_0074.jpg",right,126,— d. Stalkneycht de Solingen 478.,28
"..\He 6481 (2,2_3_0074.jpg",right,126,— Standert 328 470.,29
"..\He 6481 (2,2_3_0074.jpg",right,126,— Stange Narampsky 1148 1367 1433.,30
"..\He 6481 (2,2_3_0074.jpg",right,126,— Stanislai de Szidlow 478.,31
"..\He 6481 (2,2_3_0074.jpg",right,126,— Stekemesser 478.,32
"..\He 6481 (2,2_3_0074.jpg",right,126,— de Steemberghe (Steenberghen) 1011.,33
"..\He 6481 (2,2_3_0074.jpg",right,126,— Stefvader 1324.,34
"..\He 6481 (2,2_3_0074.jpg",right,126,— Steynbuch 358 478 782 945.,35
"..\He 6481 (2,2_3_0074.jpg",right,126,— de Steyne 478.,36
"..\He 6481 (2,2_3_0074.jpg",right,126,— de Steynfort 478 1217 1303.,37
"..\He 6481 (2,2_3_0074.jpg",right,126,— Steynman de Erpel 479.,38
"..\He 6481 (2,2_3_0074.jpg",right,126,— Stenhus 178.,39
"..\He 6481 (2,2_3_0074.jpg",right,126,— Sternberg 479.,40
"..\He 6481 (2,2_3_0074.jpg",right,126,— d. Stetz 763.,41
"..\He 6481 (2,2_3_0074.jpg",right,126,"— Sticher (Stichger, Sticker) de Bunnana 103 236 321 351 434 479 583 721 728 749 986 1209 1247 1266 1308 1385 1406.",42
"..\He 6481 (2,2_3_0074.jpg",right,126,— Stockem 480.,43
"..\He 6481 (2,2_3_0074.jpg",right,126,— Stoppelberch 480.,44
"..\He 6481 (2,2_3_0074.jpg",right,126,— Stoter 1367.,45
"..\He 6481 (2,2_3_0074.jpg",right,126,— de Stralen 270 364 480 1084.,46
"..\He 6481 (2,2_3_0074.jpg",right,126,— Stubing 467.,47
"..\He 6481 (2,2_3_0074.jpg",right,126,— Stuchknecht 513.,48
"..\He 6481 (2,2_3_0075.jpg",right,128,Henricus Tolner 341 483.,1
"..\He 6481 (2,2_3_0075.jpg",right,128,— Tommeritz 923.,2
"..\He 6481 (2,2_3_0075.jpg",right,128,— d. Toppler 657.,3
"..\He 6481 (2,2_3_0075.jpg",right,128,— ep. Traiect. 1004.,4
"..\He 6481 (2,2_3_0075.jpg",right,128,— de Trebere 417.,5
"..\He 6481 (2,2_3_0075.jpg",right,128,— Trechtter 895.,6
"..\He 6481 (2,2_3_0075.jpg",right,128,— Treszewitz 848.,7
"..\He 6481 (2,2_3_0075.jpg",right,128,— Trier de Doesbergh 484.,8
"..\He 6481 (2,2_3_0075.jpg",right,128,— de Trynde 484.,9
"..\He 6481 (2,2_3_0075.jpg",right,128,— de Tronlo 484 749.,10
"..\He 6481 (2,2_3_0075.jpg",right,128,— Truchses 484.,11
"..\He 6481 (2,2_3_0075.jpg",right,128,— Trupel 484.,12
"..\He 6481 (2,2_3_0075.jpg",right,128,— Trutman 484 715.,13
"..\He 6481 (2,2_3_0075.jpg",right,128,— Tудde 484.,14
"..\He 6481 (2,2_3_0075.jpg",right,128,— de Tennen 485.,15
"..\He 6481 (2,2_3_0075.jpg",right,128,— Turner 1127.,16
"..\He 6481 (2,2_3_0075.jpg",right,128,— Tusculan. ep. card. v. H. tit. s. Anastasie.,17
"..\He 6481 (2,2_3_0075.jpg",right,128,— Ubelin 1240.,18
"..\He 6481 (2,2_3_0075.jpg",right,128,— abb. mon. ss. Udalrici et Affre August. 1277.,19
"..\He 6481 (2,2_3_0075.jpg",right,128,— de Udenheim 231.,20
"..\He 6481 (2,2_3_0075.jpg",right,128,— Ulbach 570.,21
"..\He 6481 (2,2_3_0075.jpg",right,128,— Ulheb 526.,22
"..\He 6481 (2,2_3_0075.jpg",right,128,— Ulmer 192 1122.,23
"..\He 6481 (2,2_3_0075.jpg",right,128,— de Urden 824 1284.,24
"..\He 6481 (2,2_3_0075.jpg",right,128,— de Uslen 1250.,25
"..\He 6481 (2,2_3_0075.jpg",right,128,— Uwer de Ettlinga 485.,26
"..\He 6481 (2,2_3_0075.jpg",right,128,— de Utze 485.,27
"..\He 6481 (2,2_3_0075.jpg",right,128,— Wakin 1241.,28
"..\He 6481 (2,2_3_0075.jpg",right,128,— Wagenwergher 1175.,29
"..\He 6481 (2,2_3_0075.jpg",right,128,— Vais de Aquisgranis 427.,30
"..\He 6481 (2,2_3_0075.jpg",right,128,— com. de Waldeghe 862.,31
"..\He 6481 (2,2_3_0075.jpg",right,128,— de Waldorp 334 485 712 1066.,32
"..\He 6481 (2,2_3_0075.jpg",right,128,— Wallinger 292.,33
"..\He 6481 (2,2_3_0075.jpg",right,128,— abb. mon. Vallis s. Georgii 485.,34
"..\He 6481 (2,2_3_0075.jpg",right,128,— Waltheri Frantz de Schehslitz 430 485 1232 1282.,35
"..\He 6481 (2,2_3_0075.jpg",right,128,— Walteri de Stetten 297.,36
"..\He 6481 (2,2_3_0075.jpg",right,128,— baro de Waltse 486.,37
"..\He 6481 (2,2_3_0075.jpg",right,128,— de Valva 382 719.,38
"..\He 6481 (2,2_3_0075.jpg",right,128,— Wanghelin 486 1027.,39
"..\He 6481 (2,2_3_0075.jpg",right,128,— Wanger 486.,40
"..\He 6481 (2,2_3_0075.jpg",right,128,— Wansmer de Saltza 486.,41
"..\He 6481 (2,2_3_0075.jpg",right,128,— de Vargilia 1227.,42
"..\He 6481 (2,2_3_0075.jpg",right,128,— Warmelin 1361.,43
"..\He 6481 (2,2_3_0075.jpg",right,128,— ep. Warmien. 17 437 486 681 (cf. H. Heilsperg).,44
"..\He 6481 (2,2_3_0075.jpg",right,128,— de Wartimberg 756.,45
"..\He 6481 (2,2_3_0075.jpg",right,128,— Wasserloufft (Wassirloyf) 208 1123.,46
"..\He 6481 (2,2_3_0075.jpg",right,128,— Weckerlin 783.,47
"..\He 6481 (2,2_3_0075.jpg",right,128,— Weickerscheim 1302.,48
"..\He 6481 (2,2_3_0075.jpg",right,128,— Weytenhaghen 486.,49
"..\He 6481 (2,2_3_0072.jpg",right,122,Henricus de Omstad 665.,1
"..\He 6481 (2,2_3_0072.jpg",right,122,— de Onsleve (Ousleve) 427 460 798 1080 1236 1270 1283 1313.,2
"..\He 6481 (2,2_3_0072.jpg",right,122,— Orghus 1237 1292.,3
"..\He 6481 (2,2_3_0072.jpg",right,122,"— de Orlamunde, ep. Merseburg. 57 108 109 376 377 455 461 488 805 1122 1138.",4
"..\He 6481 (2,2_3_0072.jpg",right,122,— Orlini de Bernvelt 200.,5
"..\He 6481 (2,2_3_0072.jpg",right,122,— ep. Osilien. 1 4 9.,6
"..\He 6481 (2,2_3_0072.jpg",right,122,— de Osmeritz 292.,7
"..\He 6481 (2,2_3_0072.jpg",right,122,— el. Osnaburg. v. H. de com. Holsacie.,8
"..\He 6481 (2,2_3_0072.jpg",right,122,— de Oss 570.,9
"..\He 6481 (2,2_3_0072.jpg",right,122,— Osterrode 461.,10
"..\He 6481 (2,2_3_0072.jpg",right,122,— Ostervick 921.,11
"..\He 6481 (2,2_3_0072.jpg",right,122,— Ostrach 462 1237.,12
"..\He 6481 (2,2_3_0072.jpg",right,122,— de Ousleve v. H. de Onsleve.,13
"..\He 6481 (2,2_3_0072.jpg",right,122,— Owel 238.,14
"..\He 6481 (2,2_3_0072.jpg",right,122,— de Owergossen 574.,15
"..\He 6481 (2,2_3_0072.jpg",right,122,— d. Ovis de Gravia 462.,16
"..\He 6481 (2,2_3_0072.jpg",right,122,— ep. Padeburn. 27 762.,17
"..\He 6481 (2,2_3_0072.jpg",right,122,— de Palatio 1350.,18
"..\He 6481 (2,2_3_0072.jpg",right,122,— Palborn 15 462 866 1410.,19
"..\He 6481 (2,2_3_0072.jpg",right,122,— Panholtz 462.,20
"..\He 6481 (2,2_3_0072.jpg",right,122,— abb. mon. s. Panthaleonis Colon. 462.,21
"..\He 6481 (2,2_3_0072.jpg",right,122,— d. Papencoter 683.,22
"..\He 6481 (2,2_3_0072.jpg",right,122,— Passiabben de Dusten 462.,23
"..\He 6481 (2,2_3_0072.jpg",right,122,— Pauen 462.,24
"..\He 6481 (2,2_3_0072.jpg",right,122,— abb. mon. s. Pauli Traiect. 12 462.,25
"..\He 6481 (2,2_3_0072.jpg",right,122,— Paus 1237.,26
"..\He 6481 (2,2_3_0072.jpg",right,122,— Pech de Embrica 463 586 652.,27
"..\He 6481 (2,2_3_0072.jpg",right,122,— Peckenmeir 463.,28
"..\He 6481 (2,2_3_0072.jpg",right,122,— Pevel 463 483 702.,29
"..\He 6481 (2,2_3_0072.jpg",right,122,— Peheim 464.,30
"..\He 6481 (2,2_3_0072.jpg",right,122,— Pellificis 464.,31
"..\He 6481 (2,2_3_0072.jpg",right,122,— Penzelin 464.,32
"..\He 6481 (2,2_3_0072.jpg",right,122,— Pepersak 1237.,33
"..\He 6481 (2,2_3_0072.jpg",right,122,— de Perchingen v. H. Hufftner.,34
"..\He 6481 (2,2_3_0072.jpg",right,122,— Perinker de Colmanach 1309.,35
"..\He 6481 (2,2_3_0072.jpg",right,122,— ep. Peten. 1048.,36
"..\He 6481 (2,2_3_0072.jpg",right,122,— Petri Arnoldi 256.,37
"..\He 6481 (2,2_3_0072.jpg",right,122,— dec. eccl. s. Petri Fritzlar. 784.,38
"..\He 6481 (2,2_3_0072.jpg",right,122,— dec. eccl. s. Petri e. m. Magunt. 274 1230 1255 1274.,39
"..\He 6481 (2,2_3_0072.jpg",right,122,— abb. mon. in Petridomo e. m. Constant. 12.,40
"..\He 6481 (2,2_3_0072.jpg",right,122,— Pijl 1266.,41
"..\He 6481 (2,2_3_0072.jpg",right,122,— Piro 464 1207 1365.,42
"..\He 6481 (2,2_3_0072.jpg",right,122,— Pistoris 390.,43
"..\He 6481 (2,2_3_0072.jpg",right,122,— Pistoris de Confluentia 1365 1383.,44
"..\He 6481 (2,2_3_0072.jpg",right,122,— de Pittingen 197.,45
"..\He 6481 (2,2_3_0072.jpg",right,122,— Platener 213.,46
"..\He 6481 (2,2_3_0076.jpg",right,130,Henricus de Wiszerloch 890.,1
"..\He 6481 (2,2_3_0076.jpg",right,130,— de Witenhorst 489.,2
"..\He 6481 (2,2_3_0076.jpg",right,130,— de Wytlar 565.,3
"..\He 6481 (2,2_3_0076.jpg",right,130,— Witte 489.,4
"..\He 6481 (2,2_3_0076.jpg",right,130,— Witten 490.,5
"..\He 6481 (2,2_3_0076.jpg",right,130,— de Witzeleiben (Witzleuben) 58 256 973.,6
"..\He 6481 (2,2_3_0076.jpg",right,130,— Wyze 439.,7
"..\He 6481 (2,2_3_0076.jpg",right,130,— ep. Wladislav. 12 73 113 309 490 920 968.,8
"..\He 6481 (2,2_3_0076.jpg",right,130,— de Wllestad 12.,9
"..\He 6481 (2,2_3_0076.jpg",right,130,— d. Woyt 1010.,10
"..\He 6481 (2,2_3_0076.jpg",right,130,— de Volavia 1241.,11
"..\He 6481 (2,2_3_0076.jpg",right,130,— Woleri 17 490.,12
"..\He 6481 (2,2_3_0076.jpg",right,130,— de Wolffhagen 452.,13
"..\He 6481 (2,2_3_0076.jpg",right,130,— Wolfinger 490.,14
"..\He 6481 (2,2_3_0076.jpg",right,130,— de Woltsperg 1114.,15
"..\He 6481 (2,2_3_0076.jpg",right,130,— Worm 490.,16
"..\He 6481 (2,2_3_0076.jpg",right,130,"— Wrangle, ep. Tarbat. 301 491 768 892 1236 1340.",17
"..\He 6481 (2,2_3_0076.jpg",right,130,— Wrede 492.,18
"..\He 6481 (2,2_3_0076.jpg",right,130,— Wreede 338 491.,19
"..\He 6481 (2,2_3_0076.jpg",right,130,— (Heydenricus) Wulf 27 491 617.,20
"..\He 6481 (2,2_3_0076.jpg",right,130,— Wulvesberghe 491.,21
"..\He 6481 (2,2_3_0076.jpg",right,130,— Wulff v. Hermannus W.,22
"..\He 6481 (2,2_3_0076.jpg",right,130,— Wulffhagen 767.,23
"..\He 6481 (2,2_3_0076.jpg",right,130,— de Wunna 295.,24
"..\He 6481 (2,2_3_0076.jpg",right,130,— Wunnenbergh 492.,25
"..\He 6481 (2,2_3_0076.jpg",right,130,— Wunnesam 492.,26
"..\He 6481 (2,2_3_0076.jpg",right,130,— Zak 944.,27
"..\He 6481 (2,2_3_0076.jpg",right,130,— Zamecow 492.,28
"..\He 6481 (2,2_3_0076.jpg",right,130,— Czebeken 161.,29
"..\He 6481 (2,2_3_0076.jpg",right,130,— Zegheboden 492.,30
"..\He 6481 (2,2_3_0076.jpg",right,130,— Zellinger v. H. Harder.,31
"..\He 6481 (2,2_3_0076.jpg",right,130,— Zerin 926.,32
"..\He 6481 (2,2_3_0076.jpg",right,130,— Zimbrer 492.,33
"..\He 6481 (2,2_3_0076.jpg",right,130,— Zimmerman 662.,34
"..\He 6481 (2,2_3_0076.jpg",right,130,— Czynson 492.,35
"..\He 6481 (2,2_3_0076.jpg",right,130,— Czollinger v. H. Harder.,36
"..\He 6481 (2,2_3_0076.jpg",right,130,— Zoltwedel 820.,37
"..\He 6481 (2,2_3_0076.jpg",right,130,— Zondenbalchs 492.,38
"..\He 6481 (2,2_3_0076.jpg",right,130,— de Czuytcztig 390.,39
"..\He 6481 (2,2_3_0076.jpg",right,130,"Henselinus (Henzelinus, Henslinus, Hentzlinus) 492.",40
"..\He 6481 (2,2_3_0076.jpg",right,130,— Diel 492.,41
"..\He 6481 (2,2_3_0076.jpg",right,130,— de Erenberg 493.,42
"..\He 6481 (2,2_3_0076.jpg",right,130,— Vlogel 948.,43
"..\He 6481 (2,2_3_0076.jpg",right,130,— de Heyllendorf 493.,44
"..\He 6481 (2,2_3_0076.jpg",right,130,— al. Johannes Schuizen 870.,45
"..\He 6481 (2,2_3_0076.jpg",right,130,— de Mulnheim 887 911.,46
"..\He 6481 (2,2_3_0076.jpg",right,130,— Wisen 493.,47
"..\He 6481 (2,2_3_0076.jpg",right,130,Hentzko Swantopolkonis de Lantzberg 493.,48
"..\He 6481 (2,2_3_0075.jpg",left,127,Henricus Stupinator 1240.,1
"..\He 6481 (2,2_3_0075.jpg",left,127,— de Stuternheym 11.,2
"..\He 6481 (2,2_3_0075.jpg",left,127,— Stuthorp 480.,3
"..\He 6481 (2,2_3_0075.jpg",left,127,— Succove 481.,4
"..\He 6481 (2,2_3_0075.jpg",left,127,— Sueverdingh 481.,5
"..\He 6481 (2,2_3_0075.jpg",left,127,— Suer 599.,6
"..\He 6481 (2,2_3_0075.jpg",left,127,— de Sultzpach 831.,7
"..\He 6481 (2,2_3_0075.jpg",left,127,— Sunchar 481.,8
"..\He 6481 (2,2_3_0075.jpg",left,127,— Sunnenberghe 597.,9
"..\He 6481 (2,2_3_0075.jpg",left,127,— Sura wer v. H. Saurawer.,10
"..\He 6481 (2,2_3_0075.jpg",left,127,— d. Sure de Monthabur 481.,11
"..\He 6481 (2,2_3_0075.jpg",left,127,— Suterli de Sekingen 457.,12
"..\He 6481 (2,2_3_0075.jpg",left,127,— de Swabach 790.,13
"..\He 6481 (2,2_3_0075.jpg",left,127,— Swabmayr 481.,14
"..\He 6481 (2,2_3_0075.jpg",left,127,— Swantz 481.,15
"..\He 6481 (2,2_3_0075.jpg",left,127,— com. de Swartzpurg 481 1016 1240 1368.,16
"..\He 6481 (2,2_3_0075.jpg",left,127,— de Swartzburg v. H. Guntheri.,17
"..\He 6481 (2,2_3_0075.jpg",left,127,— de Sweditsen al. de Borghentricke 1375.,18
"..\He 6481 (2,2_3_0075.jpg",left,127,— Swepherman (Swepferman) 784 1393.,19
"..\He 6481 (2,2_3_0075.jpg",left,127,— Swenke 439 481.,20
"..\He 6481 (2,2_3_0075.jpg",left,127,— Swennbarter 856.,21
"..\He 6481 (2,2_3_0075.jpg",left,127,— Swertynger 482.,22
"..\He 6481 (2,2_3_0075.jpg",left,127,— Swybot (Swipote) 299 997.,23
"..\He 6481 (2,2_3_0075.jpg",left,127,— de Swichelde 1240.,24
"..\He 6481 (2,2_3_0075.jpg",left,127,— Swind 482.,25
"..\He 6481 (2,2_3_0075.jpg",left,127,— d. Swyst 268.,26
"..\He 6481 (2,2_3_0075.jpg",left,127,— Taba 482.,27
"..\He 6481 (2,2_3_0075.jpg",left,127,— Tabernatoris 1165.,28
"..\He 6481 (2,2_3_0075.jpg",left,127,— Talheymer 482.,29
"..\He 6481 (2,2_3_0075.jpg",left,127,— Tandorff 1368.,30
"..\He 6481 (2,2_3_0075.jpg",left,127,— Tanys 482 905.,31
"..\He 6481 (2,2_3_0075.jpg",left,127,— de Tanne 482.,32
"..\He 6481 (2,2_3_0075.jpg",left,127,— ep. Tarbat. v. H. de Wrangele.,33
"..\He 6481 (2,2_3_0075.jpg",left,127,— ep. Thaurisien. 1240.,34
"..\He 6481 (2,2_3_0075.jpg",left,127,— d. de Teghelen 482.,35
"..\He 6481 (2,2_3_0075.jpg",left,127,— Teyghebach 483.,36
"..\He 6481 (2,2_3_0075.jpg",left,127,— Temeritz de Budissin 483.,37
"..\He 6481 (2,2_3_0075.jpg",left,127,— ten Honte 284.,38
"..\He 6481 (2,2_3_0075.jpg",left,127,— Thenstete 1240.,39
"..\He 6481 (2,2_3_0075.jpg",left,127,— Tentzer 304.,40
"..\He 6481 (2,2_3_0075.jpg",left,127,— ep. Tergest. 1048 1398.,41
"..\He 6481 (2,2_3_0075.jpg",left,127,— ter Heyden al. d. Snaghen 1235.,42
"..\He 6481 (2,2_3_0075.jpg",left,127,— Tospel de Yserenloy (Iserenloen) 483.,43
"..\He 6481 (2,2_3_0075.jpg",left,127,— commendator dom. hosp. Theuton. Jerus. Schillen. 1249.,44
"..\He 6481 (2,2_3_0075.jpg",left,127,— Tideman 1398.,45
"..\He 6481 (2,2_3_0075.jpg",left,127,— Tidemanni al. de Ottershain 720.,46
"..\He 6481 (2,2_3_0075.jpg",left,127,— de Tirungen 1240.,47
"..\He 6481 (2,2_3_0075.jpg",left,127,— Tobler 483 549 832.,48
"..\He 6481 (2,2_3_0077.jpg",right,132,Hermannus de Borsnitz 498.,1
"..\He 6481 (2,2_3_0077.jpg",right,132,— de Borstelde 498.,2
"..\He 6481 (2,2_3_0077.jpg",right,132,— de Bosco 278.,3
"..\He 6481 (2,2_3_0077.jpg",right,132,— Bosepol 491 499 1284.,4
"..\He 6481 (2,2_3_0077.jpg",right,132,— Bosingvelt 499.,5
"..\He 6481 (2,2_3_0077.jpg",right,132,— Bote (Boten) 415 499 1087 1190.,6
"..\He 6481 (2,2_3_0077.jpg",right,132,— Bozepol v. H. Bosepol.,7
"..\He 6481 (2,2_3_0077.jpg",right,132,— Bracwede (Bracquede) 1241 1381.,8
"..\He 6481 (2,2_3_0077.jpg",right,132,— Brad 499.,9
"..\He 6481 (2,2_3_0077.jpg",right,132,— Bramhorne 1241.,10
"..\He 6481 (2,2_3_0077.jpg",right,132,— de Bram pach 420 1084.,11
"..\He 6481 (2,2_3_0077.jpg",right,132,— Branchagin 499.,12
"..\He 6481 (2,2_3_0077.jpg",right,132,— Brant 1368.,13
"..\He 6481 (2,2_3_0077.jpg",right,132,— Brassatoris 499.,14
"..\He 6481 (2,2_3_0077.jpg",right,132,— Braucham 1377.,15
"..\He 6481 (2,2_3_0077.jpg",right,132,— Brem (Breme) 499 1139.,16
"..\He 6481 (2,2_3_0077.jpg",right,132,— Brugel (Bruigel) 499 991.,17
"..\He 6481 (2,2_3_0077.jpg",right,132,— Bruyn 499.,18
"..\He 6481 (2,2_3_0077.jpg",right,132,— Bruneymers 1194.,19
"..\He 6481 (2,2_3_0077.jpg",right,132,— de Brunna 824.,20
"..\He 6481 (2,2_3_0077.jpg",right,132,— de Bucchis 500.,21
"..\He 6481 (2,2_3_0077.jpg",right,132,— Bucfel (Bockvel) 498 1368.,22
"..\He 6481 (2,2_3_0077.jpg",right,132,— de Buren 500 856.,23
"..\He 6481 (2,2_3_0077.jpg",right,132,— Busch 500 1368.,24
"..\He 6481 (2,2_3_0077.jpg",right,132,— Kalberne 1368.,25
"..\He 6481 (2,2_3_0077.jpg",right,132,— Kalgreut 166.,26
"..\He 6481 (2,2_3_0077.jpg",right,132,— de Caminata (Cammenate) 41 370 500 1242 1105.,27
"..\He 6481 (2,2_3_0077.jpg",right,132,— de Canuanta v. H. de Caminata.,28
"..\He 6481 (2,2_3_0077.jpg",right,132,— de Carnman v. H. Cornmann.,29
"..\He 6481 (2,2_3_0077.jpg",right,132,— ep. Castorien. 1185.,30
"..\He 6481 (2,2_3_0077.jpg",right,132,— de Castro v. H. Vanderborgh.,31
"..\He 6481 (2,2_3_0077.jpg",right,132,— Cellatoris 52 501.,32
"..\He 6481 (2,2_3_0077.jpg",right,132,— de Keppelen 1242.,33
"..\He 6481 (2,2_3_0077.jpg",right,132,— Kern de Netringen 501.,34
"..\He 6481 (2,2_3_0077.jpg",right,132,— Kersebon 1421.,35
"..\He 6481 (2,2_3_0077.jpg",right,132,— Kettinbur (Kettenbur) 501 767 1100.,36
"..\He 6481 (2,2_3_0077.jpg",right,132,— Ketwich 501.,37
"..\He 6481 (2,2_3_0077.jpg",right,132,— de Kiburg 384.,38
"..\He 6481 (2,2_3_0077.jpg",right,132,— com. Cilie 501 647.,39
"..\He 6481 (2,2_3_0077.jpg",right,132,— Kym pel 501.,40
"..\He 6481 (2,2_3_0077.jpg",right,132,— Chindeleyb v. H. Schindeleip.,41
"..\He 6481 (2,2_3_0077.jpg",right,132,— Clering 501.,42
"..\He 6481 (2,2_3_0077.jpg",right,132,— Clovelinctorp 787.,43
"..\He 6481 (2,2_3_0077.jpg",right,132,— de Cneure 89.,44
"..\He 6481 (2,2_3_0077.jpg",right,132,— Kokenbecker de Ratingen 359 501 1242.,45
"..\He 6481 (2,2_3_0077.jpg",right,132,— Kolleman 502.,46
"..\He 6481 (2,2_3_0077.jpg",right,132,— Kollen 502.,47
"..\He 6481 (2,2_3_0077.jpg",right,132,— Coppardus 502.,48
"..\He 6481 (2,2_3_0077.jpg",right,132,— Cornmann 354.,49
"..\He 6481 (2,2_3_0077.jpg",right,132,— Kortnacke 502.,50
"..\He 6481 (2,2_3_0076.jpg",left,129,Henricus de Weldun 486.,1
"..\He 6481 (2,2_3_0076.jpg",left,129,— de Wels 730.,2
"..\He 6481 (2,2_3_0076.jpg",left,129,— Wendelberg 486.,3
"..\He 6481 (2,2_3_0076.jpg",left,129,— de Wenden 74 486 852.,4
"..\He 6481 (2,2_3_0076.jpg",left,129,— Wener 487.,5
"..\He 6481 (2,2_3_0076.jpg",left,129,— Wenczeslai Venken de Bichervelt 487.,6
"..\He 6481 (2,2_3_0076.jpg",left,129,— Wepelinc de Lochem 487.,7
"..\He 6481 (2,2_3_0076.jpg",left,129,— de Werberghe (Werdenberghen) 216 487.,8
"..\He 6481 (2,2_3_0076.jpg",left,129,— de Werda 1241.,9
"..\He 6481 (2,2_3_0076.jpg",left,129,— Werincke (Wernken) 487.,10
"..\He 6481 (2,2_3_0076.jpg",left,129,— Werneri 391.,11
"..\He 6481 (2,2_3_0076.jpg",left,129,— de Vertonno 1002.,12
"..\He 6481 (2,2_3_0076.jpg",left,129,— de Vesalia 102.,13
"..\He 6481 (2,2_3_0076.jpg",left,129,— de Wesebaden v. H. de Wisebaden.,14
"..\He 6481 (2,2_3_0076.jpg",left,129,"— Wesenberch, ep. Darien. 487.",15
"..\He 6481 (2,2_3_0076.jpg",left,129,— d. Westerholte (de Westerholt) v. H. Grymhart.,16
"..\He 6481 (2,2_3_0076.jpg",left,129,— de Westerlo 488.,17
"..\He 6481 (2,2_3_0076.jpg",left,129,— de Westerstetten 404 488.,18
"..\He 6481 (2,2_3_0076.jpg",left,129,— Westfael sen. 488 1020 1259.,19
"..\He 6481 (2,2_3_0076.jpg",left,129,— Westval 791.,20
"..\He 6481 (2,2_3_0076.jpg",left,129,— Westhoff 488.,21
"..\He 6481 (2,2_3_0076.jpg",left,129,— de Wetzflaria 305.,22
"..\He 6481 (2,2_3_0076.jpg",left,129,— Wichardi 1239.,23
"..\He 6481 (2,2_3_0076.jpg",left,129,— de Wida 488.,24
"..\He 6481 (2,2_3_0076.jpg",left,129,— de Widenhusen 74.,25
"..\He 6481 (2,2_3_0076.jpg",left,129,— Widense 1039.,26
"..\He 6481 (2,2_3_0076.jpg",left,129,— Wydoghe 488.,27
"..\He 6481 (2,2_3_0076.jpg",left,129,— de Wyelre 1108.,28
"..\He 6481 (2,2_3_0076.jpg",left,129,— Wygandi 488 1111.,29
"..\He 6481 (2,2_3_0076.jpg",left,129,— Wigkerstede 1269.,30
"..\He 6481 (2,2_3_0076.jpg",left,129,— Wigman de Sassenberg 488 1101.,31
"..\He 6481 (2,2_3_0076.jpg",left,129,— de Wilkow 1149.,32
"..\He 6481 (2,2_3_0076.jpg",left,129,— abb. mon. Villariensis 778.,33
"..\He 6481 (2,2_3_0076.jpg",left,129,— de Wimpina 489.,34
"..\He 6481 (2,2_3_0076.jpg",left,129,— de Vinario 1368.,35
"..\He 6481 (2,2_3_0076.jpg",left,129,— de Winkel v. H. Hainrici.,36
"..\He 6481 (2,2_3_0076.jpg",left,129,— de Wyndolsheim 541.,37
"..\He 6481 (2,2_3_0076.jpg",left,129,— de Wingarden 322 1030 1061.,38
"..\He 6481 (2,2_3_0076.jpg",left,129,"— de Wynter, ep. Caracien. 489.",39
"..\He 6481 (2,2_3_0076.jpg",left,129,— Wiperti de Helmstat 489.,40
"..\He 6481 (2,2_3_0076.jpg",left,129,— de Wys d. Duvel 357.,41
"..\He 6481 (2,2_3_0076.jpg",left,129,— de Wische 432.,42
"..\He 6481 (2,2_3_0076.jpg",left,129,— Wiske de Wetzflaria 489.,43
"..\He 6481 (2,2_3_0076.jpg",left,129,— Wyse de Baden 489 1230.,44
"..\He 6481 (2,2_3_0076.jpg",left,129,— de Wisebaden 202 662 1160.,45
"..\He 6481 (2,2_3_0076.jpg",left,129,— d. Wyseman de Meyen 489.,46
"..\He 6481 (2,2_3_0076.jpg",left,129,— de Wisen 489.,47
"..\He 6481 (2,2_3_0076.jpg",left,129,— Wyseu 489.,48
"..\He 6481 (2,2_3_0076.jpg",left,129,— Wisse d. zum Rebenstock 1309.,49
"..\He 6481 (2,2_3_0076.jpg",left,129,— Wystrate 489.,50
"..\He 6481 (2,2_3_0074.jpg",left,125,Henricus Scoltis 1205.,1
"..\He 6481 (2,2_3_0074.jpg",left,125,— Schonauwe 398.,2
"..\He 6481 (2,2_3_0074.jpg",left,125,— Schonenberch 1005.,3
"..\He 6481 (2,2_3_0074.jpg",left,125,— de Schonenstad 830.,4
"..\He 6481 (2,2_3_0074.jpg",left,125,— Schopp 473.,5
"..\He 6481 (2,2_3_0074.jpg",left,125,— Schotler 410.,6
"..\He 6481 (2,2_3_0074.jpg",left,125,— abb. mon. Scotorum in Wyenna 473.,7
"..\He 6481 (2,2_3_0074.jpg",left,125,— Schramme 473.,8
"..\He 6481 (2,2_3_0074.jpg",left,125,— Screye de Cusfeldia 473 756 1141.,9
"..\He 6481 (2,2_3_0074.jpg",left,125,— d. Schriber de Aschaffenburg 474.,10
"..\He 6481 (2,2_3_0074.jpg",left,125,— Scriner 332.,11
"..\He 6481 (2,2_3_0074.jpg",left,125,— Scriptoris 173.,12
"..\He 6481 (2,2_3_0074.jpg",left,125,— Scriptoris de Lyns 648.,13
"..\He 6481 (2,2_3_0074.jpg",left,125,— Scriver 1019.,14
"..\He 6481 (2,2_3_0074.jpg",left,125,— Schulten 1366 1368.,15
"..\He 6481 (2,2_3_0074.jpg",left,125,— Schulteti 921 1366.,16
"..\He 6481 (2,2_3_0074.jpg",left,125,— Schuneman 53.,17
"..\He 6481 (2,2_3_0074.jpg",left,125,— Schureman 474.,18
"..\He 6481 (2,2_3_0074.jpg",left,125,— Schustain 1155.,19
"..\He 6481 (2,2_3_0074.jpg",left,125,— Schutten 474 1427.,20
"..\He 6481 (2,2_3_0074.jpg",left,125,— de Schutzeberg 474 1366.,21
"..\He 6481 (2,2_3_0074.jpg",left,125,— de Sebeleybin 278.,22
"..\He 6481 (2,2_3_0074.jpg",left,125,— Sedeler 644.,23
"..\He 6481 (2,2_3_0074.jpg",left,125,"— Sefelt, ep. Sambien. 196 474.",24
"..\He 6481 (2,2_3_0074.jpg",left,125,— Seyfridus 844.,25
"..\He 6481 (2,2_3_0074.jpg",left,125,— de Seilstorp 474.,26
"..\He 6481 (2,2_3_0074.jpg",left,125,— com. de Seyna (Seyne) 475 1367.,27
"..\He 6481 (2,2_3_0074.jpg",left,125,— Sellatoris 475.,28
"..\He 6481 (2,2_3_0074.jpg",left,125,— Semelragkin 475.,29
"..\He 6481 (2,2_3_0074.jpg",left,125,— Senep 507.,30
"..\He 6481 (2,2_3_0074.jpg",left,125,— Senff 475.,31
"..\He 6481 (2,2_3_0074.jpg",left,125,— Serclave 475.,32
"..\He 6481 (2,2_3_0074.jpg",left,125,— Sybodonis de Wetter 453 475.,33
"..\He 6481 (2,2_3_0074.jpg",left,125,— Sichwitz (Sicewitz) 938 961.,34
"..\He 6481 (2,2_3_0074.jpg",left,125,— d. Sydenhemde 475 1239.,35
"..\He 6481 (2,2_3_0074.jpg",left,125,— Sifridi 476.,36
"..\He 6481 (2,2_3_0074.jpg",left,125,— Sifridi 172.,37
"..\He 6481 (2,2_3_0074.jpg",left,125,— Sifridi 475.,38
"..\He 6481 (2,2_3_0074.jpg",left,125,— Sifridi de Witzenhusen 133 476 1239.,39
"..\He 6481 (2,2_3_0074.jpg",left,125,— Symeler 1367.,40
"..\He 6481 (2,2_3_0074.jpg",left,125,— d. Symphonista de Wytzperg v. H. Johannis.,41
"..\He 6481 (2,2_3_0074.jpg",left,125,— Symonis de Campidona 476.,42
"..\He 6481 (2,2_3_0074.jpg",left,125,— Sine 476.,43
"..\He 6481 (2,2_3_0074.jpg",left,125,— Syneken 263.,44
"..\He 6481 (2,2_3_0074.jpg",left,125,— Synner 476.,45
"..\He 6481 (2,2_3_0074.jpg",left,125,— de Siranberg 476.,46
"..\He 6481 (2,2_3_0074.jpg",left,125,— Sitze (Sitzonis) 1294 1314.,47
"..\He 6481 (2,2_3_0074.jpg",left,125,— Slandimel 757.,48
"..\He 6481 (2,2_3_0074.jpg",left,125,— prep. Sleswic. 477.,49
"..\He 6481 (2,2_3_0074.jpg",left,125,— dux Slezie 477 1235.,50
"..\He 6481 (2,2_3_0078.jpg",right,134,Hermannus d. Fuldischman 1192 1339.,1
"..\He 6481 (2,2_3_0078.jpg",right,134,— Fulsing 414.,2
"..\He 6481 (2,2_3_0078.jpg",right,134,— de Fulstete 1368.,3
"..\He 6481 (2,2_3_0078.jpg",right,134,— abb. mon. s. Galli 739.,4
"..\He 6481 (2,2_3_0078.jpg",right,134,— Gambechel v. Hartmannus Gambecher.,5
"..\He 6481 (2,2_3_0078.jpg",right,134,— de Geysmar 507.,6
"..\He 6481 (2,2_3_0078.jpg",right,134,— de Geismaria 507 559 (cf. H. can. Wormat.).,7
"..\He 6481 (2,2_3_0078.jpg",right,134,— de Geiszmar 946.,8
"..\He 6481 (2,2_3_0078.jpg",right,134,— Gheyssynch de Wynterswyck 524 1224.,9
"..\He 6481 (2,2_3_0078.jpg",right,134,— Ghelenbeke 507 1242.,10
"..\He 6481 (2,2_3_0078.jpg",right,134,— de Ghelopia 693.,11
"..\He 6481 (2,2_3_0078.jpg",right,134,— Gerbode 949 1093.,12
"..\He 6481 (2,2_3_0078.jpg",right,134,— de Gerisheim al. d. am Velde 507.,13
"..\He 6481 (2,2_3_0078.jpg",right,134,— Gernyng v. H. Goryng.,14
"..\He 6481 (2,2_3_0078.jpg",right,134,— Gobelnson 507.,15
"..\He 6481 (2,2_3_0078.jpg",right,134,— de Goch 12.,16
"..\He 6481 (2,2_3_0078.jpg",right,134,— Goltmed 507.,17
"..\He 6481 (2,2_3_0078.jpg",right,134,"— Goryng (Gernyng, Gerung) 278 507.",18
"..\He 6481 (2,2_3_0078.jpg",right,134,— de Gotha 415 447 499 517.,19
"..\He 6481 (2,2_3_0078.jpg",right,134,— Gowische 873.,20
"..\He 6481 (2,2_3_0078.jpg",right,134,— de Graes 508.,21
"..\He 6481 (2,2_3_0078.jpg",right,134,— Gransebobbe 480.,22
"..\He 6481 (2,2_3_0078.jpg",right,134,— Greffenowe 1243.,23
"..\He 6481 (2,2_3_0078.jpg",right,134,— Grip 1425.,24
"..\He 6481 (2,2_3_0078.jpg",right,134,— de Groll 508.,25
"..\He 6481 (2,2_3_0078.jpg",right,134,— de Grona 650.,26
"..\He 6481 (2,2_3_0078.jpg",right,134,— Gronenberg v. H. de Grunenberg.,27
"..\He 6481 (2,2_3_0078.jpg",right,134,— de Gronlo al. de Camere 233 1313.,28
"..\He 6481 (2,2_3_0078.jpg",right,134,— de Grotenhuys 508.,29
"..\He 6481 (2,2_3_0078.jpg",right,134,— de Grunenberg (Gronenberg) 508 986.,30
"..\He 6481 (2,2_3_0078.jpg",right,134,— Gruone 1187.,31
"..\He 6481 (2,2_3_0078.jpg",right,134,— Gunther 1009.,32
"..\He 6481 (2,2_3_0078.jpg",right,134,— Habeman 1369.,33
"..\He 6481 (2,2_3_0078.jpg",right,134,— Hakeman 508.,34
"..\He 6481 (2,2_3_0078.jpg",right,134,— Hagdorn 38.,35
"..\He 6481 (2,2_3_0078.jpg",right,134,— de Haghen 630 1111.,36
"..\He 6481 (2,2_3_0078.jpg",right,134,— Harteke (Hartik) al. Covenkamp 508 1369.,37
"..\He 6481 (2,2_3_0078.jpg",right,134,— Hasart 508.,38
"..\He 6481 (2,2_3_0078.jpg",right,134,— Haslach 508 1369.,39
"..\He 6481 (2,2_3_0078.jpg",right,134,— lantgravius terre Hassie 12 154 165 390 509 590 708 795 1369.,40
"..\He 6481 (2,2_3_0078.jpg",right,134,— Heymeke 1243.,41
"..\He 6481 (2,2_3_0078.jpg",right,134,— Helendach 1250.,42
"..\He 6481 (2,2_3_0078.jpg",right,134,— abb. mon. in Helmershusen 1013.,43
"..\He 6481 (2,2_3_0078.jpg",right,134,— com. de Henneberg 998.,44
"..\He 6481 (2,2_3_0078.jpg",right,134,— Hermanni Coci 509.,45
"..\He 6481 (2,2_3_0078.jpg",right,134,— Hermanni de Tuicio 485.,46
"..\He 6481 (2,2_3_0078.jpg",right,134,— abb. mon. Hersfeld. 509.,47
"..\He 6481 (2,2_3_0078.jpg",right,134,— Herstel 509 787 1141.,48
"..\He 6481 (2,2_3_0079.jpg",left,135,Hermannus Herwici 510.,1
"..\He 6481 (2,2_3_0079.jpg",left,135,— de Hilden 893.,2
"..\He 6481 (2,2_3_0079.jpg",left,135,— Hippel 829.,3
"..\He 6481 (2,2_3_0079.jpg",left,135,— Hitfeld 835,4
"..\He 6481 (2,2_3_0079.jpg",left,135,— Hochertzen 1316.,5
"..\He 6481 (2,2_3_0079.jpg",left,135,— de Hoeportze 248.,6
"..\He 6481 (2,2_3_0079.jpg",left,135,— Hoyginck 1243.,7
"..\He 6481 (2,2_3_0079.jpg",left,135,— Holendach 1201.,8
"..\He 6481 (2,2_3_0079.jpg",left,135,— abb. mon. in Homborg 1243.,9
"..\He 6481 (2,2_3_0079.jpg",left,135,— de Honthorst 510.,10
"..\He 6481 (2,2_3_0079.jpg",left,135,— Houschilt 509.,11
"..\He 6481 (2,2_3_0079.jpg",left,135,— Hufelt v. Hitfeld 510.,12
"..\He 6481 (2,2_3_0079.jpg",left,135,— Hulzebusch 510.,13
"..\He 6481 (2,2_3_0079.jpg",left,135,— de Huxaria 261 517.,14
"..\He 6481 (2,2_3_0079.jpg",left,135,— de Jaffa (Jassa) 52 1049 1161.,15
"..\He 6481 (2,2_3_0079.jpg",left,135,— de Iborch 1274.,16
"..\He 6481 (2,2_3_0079.jpg",left,135,— de Indagine 510 1045.,17
"..\He 6481 (2,2_3_0079.jpg",left,135,— de Insula 492 496 497.,18
"..\He 6481 (2,2_3_0079.jpg",left,135,— Joedencop 346.,19
"..\He 6481 (2,2_3_0079.jpg",left,135,— Johannis 510.,20
"..\He 6481 (2,2_3_0079.jpg",left,135,— Johannis Gobellini de Dusseldorp 510.,21
"..\He 6481 (2,2_3_0079.jpg",left,135,— Johannis Pistoris 1369.,22
"..\He 6481 (2,2_3_0079.jpg",left,135,— Johannis Poek 511 514.,23
"..\He 6481 (2,2_3_0079.jpg",left,135,— Lamperti de Rodenberg 511.,24
"..\He 6481 (2,2_3_0079.jpg",left,135,— Lange 794.,25
"..\He 6481 (2,2_3_0079.jpg",left,135,— Lantgravii 511.,26
"..\He 6481 (2,2_3_0079.jpg",left,135,— Lantgravis 511.,27
"..\He 6481 (2,2_3_0079.jpg",left,135,— Lawtebarch 852.,28
"..\He 6481 (2,2_3_0079.jpg",left,135,— de Lerbeke 511.,29
"..\He 6481 (2,2_3_0079.jpg",left,135,— Lewekint v. Hartmannus Lowekint.,30
"..\He 6481 (2,2_3_0079.jpg",left,135,— de Levenow 126.,31
"..\He 6481 (2,2_3_0079.jpg",left,135,— de Lewensteyn 784.,32
"..\He 6481 (2,2_3_0079.jpg",left,135,— Lymborg 338.,33
"..\He 6481 (2,2_3_0079.jpg",left,135,— Lipman 1243.,34
"..\He 6481 (2,2_3_0079.jpg",left,135,— de Lochorst 324 511 593 1173.,35
"..\He 6481 (2,2_3_0079.jpg",left,135,— d. Loman 511.,36
"..\He 6481 (2,2_3_0079.jpg",left,135,— Lubberti 511.,37
"..\He 6481 (2,2_3_0079.jpg",left,135,— Luchtmar 511 1317.,38
"..\He 6481 (2,2_3_0079.jpg",left,135,— de Lude 117.,39
"..\He 6481 (2,2_3_0079.jpg",left,135,— de Ludenscheid 740 741 1107.,40
"..\He 6481 (2,2_3_0079.jpg",left,135,— Lulenicze (Lullenitzen) 1033 1369.,41
"..\He 6481 (2,2_3_0079.jpg",left,135,— Lutteken 512.,42
"..\He 6481 (2,2_3_0079.jpg",left,135,— Marcgrave 1369.,43
"..\He 6481 (2,2_3_0079.jpg",left,135,— prep. mon. b. Marie in Augea Herbipol. dioc. 500.,44
"..\He 6481 (2,2_3_0079.jpg",left,135,— dec. eccl. b. Marie ad Gradus Magunt. 1139.,45
"..\He 6481 (2,2_3_0079.jpg",left,135,— abb. mon. b. Marie in Pusow e. m. op. Citizen. 512.,46
"..\He 6481 (2,2_3_0079.jpg",left,135,— Matelers 121.,47
"..\He 6481 (2,2_3_0079.jpg",left,135,— de Mauwenheim 454 512.,48
"..\He 6481 (2,2_3_0079.jpg",left,135,— Mazwitz 512.,49
"..\He 6481 (2,2_3_0079.jpg",left,135,— Meder de Molhusen 512.,50
"..\He 6481 (2,2_3_0079.jpg",right,136,Hermannus Mey 1241.,1
"..\He 6481 (2,2_3_0079.jpg",right,136,— d. Meylingen 727.,2
"..\He 6481 (2,2_3_0079.jpg",right,136,— de Merheim 1242.,3
"..\He 6481 (2,2_3_0079.jpg",right,136,— Meschede 512.,4
"..\He 6481 (2,2_3_0079.jpg",right,136,— d. Metzeler de Baden 512.,5
"..\He 6481 (2,2_3_0079.jpg",right,136,— abb. mon. s. Michaelis Hildesem. 54 58 1007.,6
"..\He 6481 (2,2_3_0079.jpg",right,136,— Milcheling 894.,7
"..\He 6481 (2,2_3_0079.jpg",right,136,— de Mildensteyn 417.,8
"..\He 6481 (2,2_3_0079.jpg",right,136,— de Molendino de Lubic 512.,9
"..\He 6481 (2,2_3_0079.jpg",right,136,— Moliatoris 74.,10
"..\He 6481 (2,2_3_0079.jpg",right,136,— Mulhusen (Molhusen) al. d. Knappe 513 1243.,11
"..\He 6481 (2,2_3_0079.jpg",right,136,— Muschelmann al. d. Rankesslo 513.,12
"..\He 6481 (2,2_3_0079.jpg",right,136,— de Naklis 513 1206.,13
"..\He 6481 (2,2_3_0079.jpg",right,136,— de Nesza 911.,14
"..\He 6481 (2,2_3_0079.jpg",right,136,— Neudel (Neudil) de Rodenberg 513.,15
"..\He 6481 (2,2_3_0079.jpg",right,136,— Nyffer de Bensheim 513.,16
"..\He 6481 (2,2_3_0079.jpg",right,136,— Nolhart 25 445 513 965.,17
"..\He 6481 (2,2_3_0079.jpg",right,136,— Onrede 514.,18
"..\He 6481 (2,2_3_0079.jpg",right,136,— de Ortimburg ac Cilie com. 1225.,19
"..\He 6481 (2,2_3_0079.jpg",right,136,— Osse 780 978.,20
"..\He 6481 (2,2_3_0079.jpg",right,136,— de Osterwick v. H. Wiperti.,21
"..\He 6481 (2,2_3_0079.jpg",right,136,— Otterman 514.,22
"..\He 6481 (2,2_3_0079.jpg",right,136,— abb. mon. s. Panthaleonis Colon. 514.,23
"..\He 6481 (2,2_3_0079.jpg",right,136,— Peckhenmeyr 78.,24
"..\He 6481 (2,2_3_0079.jpg",right,136,— Permit de Lesse 514.,25
"..\He 6481 (2,2_3_0079.jpg",right,136,— Peterman de Bekem 372 683.,26
"..\He 6481 (2,2_3_0079.jpg",right,136,— Piscatoris 514.,27
"..\He 6481 (2,2_3_0079.jpg",right,136,— de Plettenbergh 644.,28
"..\He 6481 (2,2_3_0079.jpg",right,136,— Poek v. H. Johannis.,29
"..\He 6481 (2,2_3_0079.jpg",right,136,— Poll 514.,30
"..\He 6481 (2,2_3_0079.jpg",right,136,— Poso 1093.,31
"..\He 6481 (2,2_3_0079.jpg",right,136,— de Praga 130.,32
"..\He 6481 (2,2_3_0079.jpg",right,136,— Pressentin 515.,33
"..\He 6481 (2,2_3_0079.jpg",right,136,— Punt al. d. Vister 515.,34
"..\He 6481 (2,2_3_0079.jpg",right,136,— Purkheimer 296.,35
"..\He 6481 (2,2_3_0079.jpg",right,136,— de Puteo de Nussia 89 512 515 583 1107.,36
"..\He 6481 (2,2_3_0079.jpg",right,136,— Quast 515.,37
"..\He 6481 (2,2_3_0079.jpg",right,136,— Quesitz 515 1244 1369.,38
"..\He 6481 (2,2_3_0079.jpg",right,136,— Rand 1278.,39
"..\He 6481 (2,2_3_0079.jpg",right,136,— de Randenrade 842 1039.,40
"..\He 6481 (2,2_3_0079.jpg",right,136,— de Reyl 515.,41
"..\He 6481 (2,2_3_0079.jpg",right,136,— Reynhelt 495 509 515.,42
"..\He 6481 (2,2_3_0079.jpg",right,136,— de Renenberg 393.,43
"..\He 6481 (2,2_3_0079.jpg",right,136,— Richolf 516.,44
"..\He 6481 (2,2_3_0079.jpg",right,136,— Riman 516.,45
"..\He 6481 (2,2_3_0079.jpg",right,136,— Ritewege 516.,46
"..\He 6481 (2,2_3_0079.jpg",right,136,— Rode (Roden) 169 231 348 447 516 707 1006 1013 1384 1431.,47
"..\He 6481 (2,2_3_0079.jpg",right,136,— Rode (Roden) 330 517.,48
"..\He 6481 (2,2_3_0079.jpg",right,136,— de Rodolfstat 51.,49
"..\He 6481 (2,2_3_0080.jpg",left,137,Hermannus Roene v. H. Rone.,1
"..\He 6481 (2,2_3_0080.jpg",left,137,— Rove v. H. Rone.,2
"..\He 6481 (2,2_3_0080.jpg",left,137,— Rogeri de Roteman 518.,3
"..\He 6481 (2,2_3_0080.jpg",left,137,— Rolonis de Monthabur 210.,4
"..\He 6481 (2,2_3_0080.jpg",left,137,— Rone 359 518 1046 1216.,5
"..\He 6481 (2,2_3_0080.jpg",left,137,— de Ronnenberg 197.,6
"..\He 6481 (2,2_3_0080.jpg",left,137,— Rosen al. d. Grendel 56 518.,7
"..\He 6481 (2,2_3_0080.jpg",left,137,— de Rossitz 455.,8
"..\He 6481 (2,2_3_0080.jpg",left,137,— Rost 13 280 286 708 983 1031 1075 1092 1244.,9
"..\He 6481 (2,2_3_0080.jpg",left,137,— Rostock 522 1096.,10
"..\He 6481 (2,2_3_0080.jpg",left,137,— Rozepol v. H. Bosepol.,11
"..\He 6481 (2,2_3_0080.jpg",left,137,— Ruffi 734 850.,12
"..\He 6481 (2,2_3_0080.jpg",left,137,— de Ruremundi 495.,13
"..\He 6481 (2,2_3_0080.jpg",left,137,— Rutgheri Fabri 518.,14
"..\He 6481 (2,2_3_0080.jpg",left,137,— de Sachsenheim 396.,15
"..\He 6481 (2,2_3_0080.jpg",left,137,— Sartoris 518.,16
"..\He 6481 (2,2_3_0080.jpg",left,137,— de Sassenhusen 518.,17
"..\He 6481 (2,2_3_0080.jpg",left,137,— de Sauwelnheim 39.,18
"..\He 6481 (2,2_3_0080.jpg",left,137,— Schele 187.,19
"..\He 6481 (2,2_3_0080.jpg",left,137,— Scheper 518.,20
"..\He 6481 (2,2_3_0080.jpg",left,137,— d. Schimpher de Buhel (de Crutenbach) 518.,21
"..\He 6481 (2,2_3_0080.jpg",left,137,— Schindeleip (Schindelewe) 254 264 456 519 629 819 907 1372.,22
"..\He 6481 (2,2_3_0080.jpg",left,137,— Schobinrug 519.,23
"..\He 6481 (2,2_3_0080.jpg",left,137,— Schonchoue de Wulfingen 1244.,24
"..\He 6481 (2,2_3_0080.jpg",left,137,— Schonfelt 519 1244.,25
"..\He 6481 (2,2_3_0080.jpg",left,137,— Schonsmed 417.,26
"..\He 6481 (2,2_3_0080.jpg",left,137,— Schoseker 520 1244 1314 1369 1408.,27
"..\He 6481 (2,2_3_0080.jpg",left,137,— Scoter 659.,28
"..\He 6481 (2,2_3_0080.jpg",left,137,— d. Schriber 511.,29
"..\He 6481 (2,2_3_0080.jpg",left,137,— Scroder 882.,30
"..\He 6481 (2,2_3_0080.jpg",left,137,— Scroter de Ebera 417.,31
"..\He 6481 (2,2_3_0080.jpg",left,137,— Schulte 700.,32
"..\He 6481 (2,2_3_0080.jpg",left,137,— Segenant de Berendorp 520 1370.,33
"..\He 6481 (2,2_3_0080.jpg",left,137,— Sybernshagen 510.,34
"..\He 6481 (2,2_3_0080.jpg",left,137,— Sigel 1277.,35
"..\He 6481 (2,2_3_0080.jpg",left,137,— Sigeln (de Bydenkop) 520.,36
"..\He 6481 (2,2_3_0080.jpg",left,137,— Sylberdinch 1245.,37
"..\He 6481 (2,2_3_0080.jpg",left,137,— de Symea 1370.,38
"..\He 6481 (2,2_3_0080.jpg",left,137,— Sitzel 521.,39
"..\He 6481 (2,2_3_0080.jpg",left,137,— Sleifen 848.,40
"..\He 6481 (2,2_3_0080.jpg",left,137,— Sliker 521.,41
"..\He 6481 (2,2_3_0080.jpg",left,137,— Sloszer 166 521 1161.,42
"..\He 6481 (2,2_3_0080.jpg",left,137,— Snewijs 521.,43
"..\He 6481 (2,2_3_0080.jpg",left,137,— de Sobernheim 207.,44
"..\He 6481 (2,2_3_0080.jpg",left,137,— Soltz 980.,45
"..\He 6481 (2,2_3_0080.jpg",left,137,— de Sozen 506.,46
"..\He 6481 (2,2_3_0080.jpg",left,137,— Spaen 1370.,47
"..\He 6481 (2,2_3_0080.jpg",left,137,— Spek 521 1370.,48
"..\He 6481 (2,2_3_0080.jpg",left,137,Spigel 289.,49
"..\He 6481 (2,2_3_0077.jpg",left,131,Hentzmannus d. Ner (Nerer) de Telsperg (Telsperger) 493.,1
"..\He 6481 (2,2_3_0077.jpg",left,131,Hentzo de Dridorff 1368.,2
"..\He 6481 (2,2_3_0077.jpg",left,131,— de Gerarstorff 1133.,3
"..\He 6481 (2,2_3_0077.jpg",left,131,Herardus de Gorseyo 727.,4
"..\He 6481 (2,2_3_0077.jpg",left,131,Herbernus de Oy 493 1278.,5
"..\He 6481 (2,2_3_0077.jpg",left,131,Herbertus de Buderich 568.,6
"..\He 6481 (2,2_3_0077.jpg",left,131,— (Harbertus) de Mandeslo 358 389.,7
"..\He 6481 (2,2_3_0077.jpg",left,131,Herboldus Nicolai 494.,8
"..\He 6481 (2,2_3_0077.jpg",left,131,Herbordus de Attendorn 494 1189.,9
"..\He 6481 (2,2_3_0077.jpg",left,131,— Krenschechin de Ruden 932.,10
"..\He 6481 (2,2_3_0077.jpg",left,131,— Herbordi de Stega 494.,11
"..\He 6481 (2,2_3_0077.jpg",left,131,Herbrandus d. de Brues 674.,12
"..\He 6481 (2,2_3_0077.jpg",left,131,Herburdus 494.,13
"..\He 6481 (2,2_3_0077.jpg",left,131,Herdegen de Mansfeldia 1234.,14
"..\He 6481 (2,2_3_0077.jpg",left,131,Herderus Lapstede 1114.,15
"..\He 6481 (2,2_3_0077.jpg",left,131,Hereko Hilmari 528.,16
"..\He 6481 (2,2_3_0077.jpg",left,131,Hericus v. Henricus.,17
"..\He 6481 (2,2_3_0077.jpg",left,131,Hermannus (Ermanus) 1032.,18
"..\He 6481 (2,2_3_0077.jpg",left,131,— 1246.,19
"..\He 6481 (2,2_3_0077.jpg",left,131,— de Ackenborch 745.,20
"..\He 6481 (2,2_3_0077.jpg",left,131,— de Acie 495.,21
"..\He 6481 (2,2_3_0077.jpg",left,131,— Aldenburg 495 509.,22
"..\He 6481 (2,2_3_0077.jpg",left,131,— de Aldenrode 279.,23
"..\He 6481 (2,2_3_0077.jpg",left,131,— de Amsteten 1142.,24
"..\He 6481 (2,2_3_0077.jpg",left,131,— Appen 495.,25
"..\He 6481 (2,2_3_0077.jpg",left,131,— de Arka 495 801.,26
"..\He 6481 (2,2_3_0077.jpg",left,131,— de Artern 876.,27
"..\He 6481 (2,2_3_0077.jpg",left,131,— ep. Aschalon. 853.,28
"..\He 6481 (2,2_3_0077.jpg",left,131,— lantgravius Assie v. H. l. Hassie.,29
"..\He 6481 (2,2_3_0077.jpg",left,131,— Aurifabri 1368.,30
"..\He 6481 (2,2_3_0077.jpg",left,131,— Avunculi 133 225 726 1399.,31
"..\He 6481 (2,2_3_0077.jpg",left,131,— Babist 172.,32
"..\He 6481 (2,2_3_0077.jpg",left,131,— Balne 716.,33
"..\He 6481 (2,2_3_0077.jpg",left,131,— Bans 403 496 1187.,34
"..\He 6481 (2,2_3_0077.jpg",left,131,— Bechtaler 727.,35
"..\He 6481 (2,2_3_0077.jpg",left,131,— de Beysheim 496.,36
"..\He 6481 (2,2_3_0077.jpg",left,131,— Bere 417.,37
"..\He 6481 (2,2_3_0077.jpg",left,131,— Berghoch (Bergkoch) al. d. Pollem 496 617 1171.,38
"..\He 6481 (2,2_3_0077.jpg",left,131,— de Bertesleve 873.,39
"..\He 6481 (2,2_3_0077.jpg",left,131,— de Bertzborne al. d. de Symea 496.,40
"..\He 6481 (2,2_3_0077.jpg",left,131,— de Bessingen v. H. de Bissinghen.,41
"..\He 6481 (2,2_3_0077.jpg",left,131,— Biler 688.,42
"..\He 6481 (2,2_3_0077.jpg",left,131,— de Bilvelt al. d. Poek 79 109 307 435 443 496 511 545 637 743 1134.,43
"..\He 6481 (2,2_3_0077.jpg",left,131,— Bynnenwys 498.,44
"..\He 6481 (2,2_3_0077.jpg",left,131,— de Bissinghen 764 911.,45
"..\He 6481 (2,2_3_0077.jpg",left,131,— d. Blanckart 747 1157.,46
"..\He 6481 (2,2_3_0077.jpg",left,131,— Blizekowen 498.,47
"..\He 6481 (2,2_3_0077.jpg",left,131,— Bockvel v. H. Bucfel.,48
"..\He 6481 (2,2_3_0077.jpg",left,131,— Bode 659.,49
"..\He 6481 (2,2_3_0077.jpg",left,131,— Boy (Boye) 332 498 1083.,50
"..\He 6481 (2,2_3_0081.jpg",left,139,Hermannus Wynandi de Berka 524.,1
"..\He 6481 (2,2_3_0081.jpg",left,139,— Winkelinch 1386.,2
"..\He 6481 (2,2_3_0081.jpg",left,139,— de Wingarten 545 645 696 805.,3
"..\He 6481 (2,2_3_0081.jpg",left,139,— de Wynterswich v. H. Gheyssinch de W.,4
"..\He 6481 (2,2_3_0081.jpg",left,139,— Wiperti (Wicberti) de Oesterwick 128 137 222 439 524 584 616 702 782 791 797 917 1024 1102.,5
"..\He 6481 (2,2_3_0081.jpg",left,139,— Wiroghen 1371.,6
"..\He 6481 (2,2_3_0081.jpg",left,139,— Wirsberg 1371.,7
"..\He 6481 (2,2_3_0081.jpg",left,139,— Wisen 50 51.,8
"..\He 6481 (2,2_3_0081.jpg",left,139,— de Wy senbach 525.,9
"..\He 6481 (2,2_3_0081.jpg",left,139,— Wisse 692.,10
"..\He 6481 (2,2_3_0081.jpg",left,139,— de Wissen 1253.,11
"..\He 6481 (2,2_3_0081.jpg",left,139,— Wysze 525.,12
"..\He 6481 (2,2_3_0081.jpg",left,139,— Witbolt 525.,13
"..\He 6481 (2,2_3_0081.jpg",left,139,— Wytkind 525.,14
"..\He 6481 (2,2_3_0081.jpg",left,139,— de Wittenberg 764.,15
"..\He 6481 (2,2_3_0081.jpg",left,139,— Wobermyn (Wubermyn) 525.,16
"..\He 6481 (2,2_3_0081.jpg",left,139,— de Wolfayn (Wolfham) 690 736.,17
"..\He 6481 (2,2_3_0081.jpg",left,139,— Wolffhelmi d. Beck 525.,18
"..\He 6481 (2,2_3_0081.jpg",left,139,— (Hermagnus) can. WORMAT. (H. de Geismaria ?) 690.,19
"..\He 6481 (2,2_3_0081.jpg",left,139,— Wristberch 525.,20
"..\He 6481 (2,2_3_0081.jpg",left,139,— d. Wulf 491.,21
"..\He 6481 (2,2_3_0081.jpg",left,139,— Zentgreve 994.,22
"..\He 6481 (2,2_3_0081.jpg",left,139,— Czuckirleyn 799.,23
"..\He 6481 (2,2_3_0081.jpg",left,139,Hermegud 1339 (v. Gotzo Brunonis).,24
"..\He 6481 (2,2_3_0081.jpg",left,139,Herso Hergenrad 526.,25
"..\He 6481 (2,2_3_0081.jpg",left,139,Hertlevus v. Hartlevus.,26
"..\He 6481 (2,2_3_0081.jpg",left,139,Hertlinc d. Evel 426.,27
"..\He 6481 (2,2_3_0081.jpg",left,139,Hertlinus Naghel 526.,28
"..\He 6481 (2,2_3_0081.jpg",left,139,Hertnidus v. Hartnidus.,29
"..\He 6481 (2,2_3_0081.jpg",left,139,Hertwicus v. Hartwicus.,30
"..\He 6481 (2,2_3_0081.jpg",left,139,Hertwinus Vanderbeke 99.,31
"..\He 6481 (2,2_3_0081.jpg",left,139,Hertzenlawte 1045 (v. Seifridus Puchperger de Novadomo).,32
"..\He 6481 (2,2_3_0081.jpg",left,139,Hesselo Heynig 221.,33
"..\He 6481 (2,2_3_0081.jpg",left,139,Hesso de Schlegelhoch 25 28.,34
"..\He 6481 (2,2_3_0081.jpg",left,139,Hester 104 (v. Baldasar Beyer).,35
"..\He 6481 (2,2_3_0081.jpg",left,139,"Hildebrandus (Hillebrandus, Hiltprandus, Hilprandus) v. H. de Usseler.",36
"..\He 6481 (2,2_3_0081.jpg",left,139,— Aurifabri 416 517.,37
"..\He 6481 (2,2_3_0081.jpg",left,139,— Barthusen 527.,38
"..\He 6481 (2,2_3_0081.jpg",left,139,— Craftonis 199.,39
"..\He 6481 (2,2_3_0081.jpg",left,139,— Volkemersen de Westvalia 1288.,40
"..\He 6481 (2,2_3_0081.jpg",left,139,— de Ganghelt 579.,41
"..\He 6481 (2,2_3_0081.jpg",left,139,— Gerhardt 527.,42
"..\He 6481 (2,2_3_0081.jpg",left,139,— Gutrud 527.,43
"..\He 6481 (2,2_3_0081.jpg",left,139,— Hildebrandi de Gronowe 527.,44
"..\He 6481 (2,2_3_0081.jpg",left,139,— Hodentorp 330 517.,45
"..\He 6481 (2,2_3_0081.jpg",left,139,— Lobeke 527.,46
"..\He 6481 (2,2_3_0081.jpg",left,139,— de Otzen 1219.,47
"..\He 6481 (2,2_3_0081.jpg",right,140,Hildebrandus Questke 527.,1
"..\He 6481 (2,2_3_0081.jpg",right,140,— Sarnow 527 1308.,2
"..\He 6481 (2,2_3_0081.jpg",right,140,— Scheine 1245.,3
"..\He 6481 (2,2_3_0081.jpg",right,140,— Schelen 1371.,4
"..\He 6481 (2,2_3_0081.jpg",right,140,— Schuelman 17.,5
"..\He 6481 (2,2_3_0081.jpg",right,140,— prep. mon. in Soroth 577.,6
"..\He 6481 (2,2_3_0081.jpg",right,140,— Taufchircher 481 1155.,7
"..\He 6481 (2,2_3_0081.jpg",right,140,— Trutzeler 205.,8
"..\He 6481 (2,2_3_0081.jpg",right,140,— de Usseler 527 1020 1334.,9
"..\He 6481 (2,2_3_0081.jpg",right,140,Hildegund (Hildegunde) 527 (v. Gerardus de Modexen).,10
"..\He 6481 (2,2_3_0081.jpg",right,140,— 527 (v. Gobelinus de Mirtzenich).,11
"..\He 6481 (2,2_3_0081.jpg",right,140,— abba dom. s. Marie e. m. Hildesem. Carthus. o. 520.,12
"..\He 6481 (2,2_3_0081.jpg",right,140,— 1085 (v. Theodericus van Hameren).,13
"..\He 6481 (2,2_3_0081.jpg",right,140,Hildericus Meinbodi 527.,14
"..\He 6481 (2,2_3_0081.jpg",right,140,Hilgerus de Hoffstede de Colonia 257 785.,15
"..\He 6481 (2,2_3_0081.jpg",right,140,— de Honsten 506.,16
"..\He 6481 (2,2_3_0081.jpg",right,140,— el. mon. s. Panthaleonis Colon. o. s. 462.,17
"..\He 6481 (2,2_3_0081.jpg",right,140,Hilgunde v. Hillegunde.,18
"..\He 6481 (2,2_3_0081.jpg",right,140,Hilla 528 (v. Bernardus de Ahusen).,19
"..\He 6481 (2,2_3_0081.jpg",right,140,"Hille 1390 (v. Johannes de Northen, Bertholdus de Waken).",20
"..\He 6481 (2,2_3_0081.jpg",right,140,Hillebrandus v. Hildebrandus.,21
"..\He 6481 (2,2_3_0081.jpg",right,140,"Hilleken 655 664 (v. Johannes Heyers, Hoyers).",22
"..\He 6481 (2,2_3_0081.jpg",right,140,"Hillegunde (Hilgunde, Hillegundis) 1185 (v. Adolfus de Wylak).",23
"..\He 6481 (2,2_3_0081.jpg",right,140,— 65 (v. Alph de Schide).,24
"..\He 6481 (2,2_3_0081.jpg",right,140,— 1220 (v. Gerardus de Marxem).,25
"..\He 6481 (2,2_3_0081.jpg",right,140,— abba eccl. Hervord. 563 1189.,26
"..\He 6481 (2,2_3_0081.jpg",right,140,— 822 1284 (v. Ludolphus Knigken).,27
"..\He 6481 (2,2_3_0081.jpg",right,140,Hilmarus de Urtze 528 1371.,28
"..\He 6481 (2,2_3_0081.jpg",right,140,Hilpoldus Eresse 1025.,29
"..\He 6481 (2,2_3_0081.jpg",right,140,— Hilpoldi de Calw 528.,30
"..\He 6481 (2,2_3_0081.jpg",right,140,— d. Menndorfer 528 850.,31
"..\He 6481 (2,2_3_0081.jpg",right,140,Hiltgrimus 653.,32
"..\He 6481 (2,2_3_0081.jpg",right,140,Hinko d. Kluk 25 28.,33
"..\He 6481 (2,2_3_0081.jpg",right,140,— baro de Gewyssowicz al. Gewschpicz d. de Chunstat 943.,34
"..\He 6481 (2,2_3_0081.jpg",right,140,— de Wekoss 943.,35
"..\He 6481 (2,2_3_0081.jpg",right,140,Hinningus v. Henningus.,36
"..\He 6481 (2,2_3_0081.jpg",right,140,Hinricus v. Henricus.,37
"..\He 6481 (2,2_3_0081.jpg",right,140,Hintzkanus Jasonis 972.,38
"..\He 6481 (2,2_3_0081.jpg",right,140,Hintzo d. Strider 700.,39
"..\He 6481 (2,2_3_0081.jpg",right,140,Hoygerus de Chuden 1245.,40
"..\He 6481 (2,2_3_0081.jpg",right,140,Holt de Hock (Heck) 1024 1237.,41
"..\He 6481 (2,2_3_0081.jpg",right,140,— de Moltberghen 1400.,42
"..\He 6481 (2,2_3_0081.jpg",right,140,Homod Berner 1023.,43
"..\He 6481 (2,2_3_0081.jpg",right,140,Homunghus Sibichen 529.,44
"..\He 6481 (2,2_3_0081.jpg",right,140,Honorius papa III. 86 143 387 1093.,45
"..\He 6481 (2,2_3_0082.jpg",left,141,Hrzko de Verona 139.,1
"..\He 6481 (2,2_3_0082.jpg",left,141,Hubertus (Hupertus) de Blasenborch 530.,2
"..\He 6481 (2,2_3_0082.jpg",left,141,— dom. de Culenborgh 1118.,3
"..\He 6481 (2,2_3_0082.jpg",left,141,— Wilhelmi de Sliedam 530.,4
"..\He 6481 (2,2_3_0082.jpg",left,141,— ep. Ypiusen. 530.,5
"..\He 6481 (2,2_3_0082.jpg",left,141,— de Luderop 530.,6
"..\He 6481 (2,2_3_0082.jpg",left,141,— Meylgyn (Molgin) 596 721.,7
"..\He 6481 (2,2_3_0082.jpg",left,141,— de Wyse 122 123.,8
"..\He 6481 (2,2_3_0082.jpg",left,141,Hugo 1202.,9
"..\He 6481 (2,2_3_0082.jpg",left,141,— Abbet 1348.,10
"..\He 6481 (2,2_3_0082.jpg",left,141,— Alt 1059.,11
"..\He 6481 (2,2_3_0082.jpg",left,141,— de Angelo 530.,12
"..\He 6481 (2,2_3_0082.jpg",left,141,— de Benendorf 58.,13
"..\He 6481 (2,2_3_0082.jpg",left,141,— Berlin de Arbona 1372.,14
"..\He 6481 (2,2_3_0082.jpg",left,141,— Braem 530.,15
"..\He 6481 (2,2_3_0082.jpg",left,141,— Bremen de Landaw 531 559.,16
"..\He 6481 (2,2_3_0082.jpg",left,141,— Kaldar 624.,17
"..\He 6481 (2,2_3_0082.jpg",left,141,— de Cappel 531.,18
"..\He 6481 (2,2_3_0082.jpg",left,141,"— de Cereo (Cherico, Cherio) 531 804 968.",19
"..\He 6481 (2,2_3_0082.jpg",left,141,— Currificis 531.,20
"..\He 6481 (2,2_3_0082.jpg",left,141,— de Divino 80.,21
"..\He 6481 (2,2_3_0082.jpg",left,141,— de Ehingen 112.,22
"..\He 6481 (2,2_3_0082.jpg",left,141,— d. Ellen 531.,23
"..\He 6481 (2,2_3_0082.jpg",left,141,— Ellend 531 1309.,24
"..\He 6481 (2,2_3_0082.jpg",left,141,— de Velberg 531.,25
"..\He 6481 (2,2_3_0082.jpg",left,141,— de Vinstingen 532.,26
"..\He 6481 (2,2_3_0082.jpg",left,141,— de Freten 987.,27
"..\He 6481 (2,2_3_0082.jpg",left,141,— Goder 1372.,28
"..\He 6481 (2,2_3_0082.jpg",left,141,— Goncie 1419.,29
"..\He 6481 (2,2_3_0082.jpg",left,141,— de Grotenhuys 532.,30
"..\He 6481 (2,2_3_0082.jpg",left,141,— de Heenvliet 532.,31
"..\He 6481 (2,2_3_0082.jpg",left,141,— de Hervorst 13 286 454 532 565 570 680 952 1066 1082 1219 1427.,32
"..\He 6481 (2,2_3_0082.jpg",left,141,— Hugonis de Amhoet 95.,33
"..\He 6481 (2,2_3_0082.jpg",left,141,— Hugonis de Calw 528.,34
"..\He 6481 (2,2_3_0082.jpg",left,141,— de Lavalz 722.,35
"..\He 6481 (2,2_3_0082.jpg",left,141,— (Hugolinus) abb. mon. s. Marie Mildeburg. 13.,36
"..\He 6481 (2,2_3_0082.jpg",left,141,— olim tit. s. Marie in Porticu diac. card. 1097.,37
"..\He 6481 (2,2_3_0082.jpg",left,141,— abb. mon. s. Martini apud muros Traiect. 533.,38
"..\He 6481 (2,2_3_0082.jpg",left,141,— abb. mon. s. Martinie. m. Trever. 533.,39
"..\He 6481 (2,2_3_0082.jpg",left,141,— de Navelden 533 556 620.,40
"..\He 6481 (2,2_3_0082.jpg",left,141,— de Ottental 195 386 798 1205.,41
"..\He 6481 (2,2_3_0082.jpg",left,141,— abb. mon. s. Petri Resbac. 1378.,42
"..\He 6481 (2,2_3_0082.jpg",left,141,— de Pewne 533.,43
"..\He 6481 (2,2_3_0082.jpg",left,141,— de Rapoltzstein 6 13.,44
"..\He 6481 (2,2_3_0082.jpg",left,141,— de Richentallis 531.,45
"..\He 6481 (2,2_3_0082.jpg",left,141,— Rode 1245.,46
"..\He 6481 (2,2_3_0082.jpg",left,141,— Ruolemann de Pfaffenhofen 533.,47
"..\He 6481 (2,2_3_0082.jpg",left,141,— de Rupe 269.,48
"..\He 6481 (2,2_3_0083.jpg",left,143,Jacobus Baldoini 563.,1
"..\He 6481 (2,2_3_0083.jpg",left,143,— Bekelin 125.,2
"..\He 6481 (2,2_3_0083.jpg",left,143,— Beynhouwer 1372.,3
"..\He 6481 (2,2_3_0083.jpg",left,143,— de Belgern 1372.,4
"..\He 6481 (2,2_3_0083.jpg",left,143,— Benterheim 1301.,5
"..\He 6481 (2,2_3_0083.jpg",left,143,— Bernheri v. J. Wernheri.,6
"..\He 6481 (2,2_3_0083.jpg",left,143,— Berwoldi 535.,7
"..\He 6481 (2,2_3_0083.jpg",left,143,— de Blitersheim 1150.,8
"..\He 6481 (2,2_3_0083.jpg",left,143,— Blumenaw 535.,9
"..\He 6481 (2,2_3_0083.jpg",left,143,— Borken 535.,10
"..\He 6481 (2,2_3_0083.jpg",left,143,— Borchgrevinc (Borchgrevinch) 1372.,11
"..\He 6481 (2,2_3_0083.jpg",left,143,— Borstal 535.,12
"..\He 6481 (2,2_3_0083.jpg",left,143,— Braem 580.,13
"..\He 6481 (2,2_3_0083.jpg",left,143,— de Bramstede 535.,14
"..\He 6481 (2,2_3_0083.jpg",left,143,— Bredevelt 536.,15
"..\He 6481 (2,2_3_0083.jpg",left,143,— Brunonis 206.,16
"..\He 6481 (2,2_3_0083.jpg",left,143,"— de Kalkeren (Calkar, Calker 583 1278.",17
"..\He 6481 (2,2_3_0083.jpg",left,143,— Kaldiis 536.,18
"..\He 6481 (2,2_3_0083.jpg",left,143,— Kanardi 536.,19
"..\He 6481 (2,2_3_0083.jpg",left,143,— Charnier 536.,20
"..\He 6481 (2,2_3_0083.jpg",left,143,— Carnificis 1258.,21
"..\He 6481 (2,2_3_0083.jpg",left,143,— Carentatoris 536.,22
"..\He 6481 (2,2_3_0083.jpg",left,143,— Keyser 559.,23
"..\He 6481 (2,2_3_0083.jpg",left,143,— Kemenat 41.,24
"..\He 6481 (2,2_3_0083.jpg",left,143,— Cindel 277.,25
"..\He 6481 (2,2_3_0083.jpg",left,143,— Cirologe 1389.,26
"..\He 6481 (2,2_3_0083.jpg",left,143,— d. Cliquel de Wilre 680.,27
"..\He 6481 (2,2_3_0083.jpg",left,143,— Knoltz (Knalcz) 1251 1256.,28
"..\He 6481 (2,2_3_0083.jpg",left,143,— Colini de Hundelingen 1246,29
"..\He 6481 (2,2_3_0083.jpg",left,143,— Collini de Tetegne 536.,30
"..\He 6481 (2,2_3_0083.jpg",left,143,— Conradi de Emmelde 536.,31
"..\He 6481 (2,2_3_0083.jpg",left,143,— Contzendorp 1076.,32
"..\He 6481 (2,2_3_0083.jpg",left,143,— de Choryebudyecz 536.,33
"..\He 6481 (2,2_3_0083.jpg",left,143,— d. Kremer de Landowe 634.,34
"..\He 6481 (2,2_3_0083.jpg",left,143,— d. Crug 426.,35
"..\He 6481 (2,2_3_0083.jpg",left,143,— Kruger 537.,36
"..\He 6481 (2,2_3_0083.jpg",left,143,— Crumbeke 820 1172.,37
"..\He 6481 (2,2_3_0083.jpg",left,143,— de Kula 1373.,38
"..\He 6481 (2,2_3_0083.jpg",left,143,— Dardani 14.,39
"..\He 6481 (2,2_3_0083.jpg",left,143,— de Deydenhoven 537.,40
"..\He 6481 (2,2_3_0083.jpg",left,143,— de Dorlo 653.,41
"..\He 6481 (2,2_3_0083.jpg",left,143,— Drenow de Prussia 1372.,42
"..\He 6481 (2,2_3_0083.jpg",left,143,— de Duytz 537.,43
"..\He 6481 (2,2_3_0083.jpg",left,143,— de Duren 215 1104.,44
"..\He 6481 (2,2_3_0083.jpg",left,143,— abb. mon. de Eberbaco 14.,45
"..\He 6481 (2,2_3_0083.jpg",left,143,— de Egmond v. J. Theoderici,46
"..\He 6481 (2,2_3_0083.jpg",left,143,— de Eylze 683.,47
"..\He 6481 (2,2_3_0083.jpg",left,143,— de Elst 209.,48
"..\He 6481 (2,2_3_0083.jpg",left,143,— Entzel 537.,49
"..\He 6481 (2,2_3_0083.jpg",left,143,— de Epternaco 1021.,50
"..\He 6481 (2,2_3_0083.jpg",left,143,— de Ettenheim 1372.,51
"..\He 6481 (2,2_3_0082.jpg",right,142,Hugo de Signowe (Sygenowe) 379 881.,1
"..\He 6481 (2,2_3_0082.jpg",right,142,— Suebblinger 1246.,2
"..\He 6481 (2,2_3_0082.jpg",right,142,— Tahnrel 249.,3
"..\He 6481 (2,2_3_0082.jpg",right,142,— Tarehinger 528.,4
"..\He 6481 (2,2_3_0082.jpg",right,142,— Unstinc v. H. Wustinc.,5
"..\He 6481 (2,2_3_0082.jpg",right,142,— de Wasselnheim (Waltenheim) 533 1154.,6
"..\He 6481 (2,2_3_0082.jpg",right,142,— de Wisbeche 533.,7
"..\He 6481 (2,2_3_0082.jpg",right,142,"— Wustinc (Wusting, Unstinc, Uu-stinc, Unystinc) d. de Veno (al. vanden Veen) 44 508 533 629 1032 1213 1278 1327.",8
"..\He 6481 (2,2_3_0082.jpg",right,142,Hugolinus d. Appel 533.,9
"..\He 6481 (2,2_3_0082.jpg",right,142,Humbertus Corbal 77.,10
"..\He 6481 (2,2_3_0082.jpg",right,142,"— (Hubertus) de Novocastro, el. Basil. 111 365 530 789 1246 1343 1424.",11
"..\He 6481 (2,2_3_0082.jpg",right,142,Humelo scolast. eccl. s. Mauritii Ma-gunt. 534.,12
"..\He 6481 (2,2_3_0082.jpg",right,142,Hunoldus Bokenvorde de Gesicke 534.,13
"..\He 6481 (2,2_3_0082.jpg",right,142,— de Breidenberg (Breytenbach) 1081 1209.,14
"..\He 6481 (2,2_3_0082.jpg",right,142,Hunraet 221.,15
"..\He 6481 (2,2_3_0082.jpg",right,142,Hupertus v. Hubertus.,16
"..\He 6481 (2,2_3_0082.jpg",right,142,Huwardus dom. locorum de Altari et de Stinpnignich 343.,17
"..\He 6481 (2,2_3_0082.jpg",right,142,J. de Kuwilre 19.,18
"..\He 6481 (2,2_3_0082.jpg",right,142,J. Strobbel 561.,19
"..\He 6481 (2,2_3_0082.jpg",right,142,Jacobinus de Philomena 534.,20
"..\He 6481 (2,2_3_0082.jpg",right,142,— del Torso de Utino 534.,21
"..\He 6481 (2,2_3_0082.jpg",right,142,Jacobus 536.,22
"..\He 6481 (2,2_3_0082.jpg",right,142,— 548.,23
"..\He 6481 (2,2_3_0082.jpg",right,142,— 1166.,24
"..\He 6481 (2,2_3_0082.jpg",right,142,— [ . . .] 1285.,25
"..\He 6481 (2,2_3_0082.jpg",right,142,— 1416.,26
"..\He 6481 (2,2_3_0082.jpg",right,142,— v. J. Merke.,27
"..\He 6481 (2,2_3_0082.jpg",right,142,— Aff 534.,28
"..\He 6481 (2,2_3_0082.jpg",right,142,— d. Ayertewr de Intica 1412.,29
"..\He 6481 (2,2_3_0082.jpg",right,142,— de Alrehorst 886 1101.,30
"..\He 6481 (2,2_3_0082.jpg",right,142,— Amman 109 436 534.,31
"..\He 6481 (2,2_3_0082.jpg",right,142,— d. Amman 534.,32
"..\He 6481 (2,2_3_0082.jpg",right,142,— Angeli 535.,33
"..\He 6481 (2,2_3_0082.jpg",right,142,— Apothecarii 535.,34
"..\He 6481 (2,2_3_0082.jpg",right,142,— de Arena 1246.,35
"..\He 6481 (2,2_3_0082.jpg",right,142,— Armeni 535.,36
"..\He 6481 (2,2_3_0082.jpg",right,142,— Arnoldi al. de Ponte de Treveri 535 932.,37
"..\He 6481 (2,2_3_0082.jpg",right,142,— de Arpino 81.,38
"..\He 6481 (2,2_3_0082.jpg",right,142,— Baken 535.,39
"..\He 6481 (2,2_3_0082.jpg",right,142,— d. Bacherach 535.,40
"..\He 6481 (2,2_3_0083.jpg",right,144,Jacobus de Ettling al. de Muden 212.,1
"..\He 6481 (2,2_3_0083.jpg",right,144,— Vandertrappen de Nussia 1066,2
"..\He 6481 (2,2_3_0083.jpg",right,144,— Veltsprecher 537.,3
"..\He 6481 (2,2_3_0083.jpg",right,144,— Fermini 537.,4
"..\He 6481 (2,2_3_0083.jpg",right,144,— de Ferteminera v. J. Pauli de F.,5
"..\He 6481 (2,2_3_0083.jpg",right,144,— de Vyad 541.,6
"..\He 6481 (2,2_3_0083.jpg",right,144,— d. Vicarge 884.,7
"..\He 6481 (2,2_3_0083.jpg",right,144,"— Philippi de Guidotis, el. Imolen. 537.",8
"..\He 6481 (2,2_3_0083.jpg",right,144,— Philippiandee 546.,9
"..\He 6481 (2,2_3_0083.jpg",right,144,— Finke 537.,10
"..\He 6481 (2,2_3_0083.jpg",right,144,"— Floriani, ep. Ploc. 538 1039 1050.",11
"..\He 6481 (2,2_3_0083.jpg",right,144,— von den Sten 1258.,12
"..\He 6481 (2,2_3_0083.jpg",right,144,— Vorne de Aldenhoven 538.,13
"..\He 6481 (2,2_3_0083.jpg",right,144,— Frimolt 1223.,14
"..\He 6481 (2,2_3_0083.jpg",right,144,— prep. Frising. 997 (cf. J. Hartmann).,15
"..\He 6481 (2,2_3_0083.jpg",right,144,— Fritschonis de Konigeshoven 85.,16
"..\He 6481 (2,2_3_0083.jpg",right,144,— de Fruchtenheim 1113.,17
"..\He 6481 (2,2_3_0083.jpg",right,144,— d. Gabriel 538.,18
"..\He 6481 (2,2_3_0083.jpg",right,144,— Gensefleisch 538.,19
"..\He 6481 (2,2_3_0083.jpg",right,144,— Genzkabo 49.,20
"..\He 6481 (2,2_3_0083.jpg",right,144,— Gesmit 1246.,21
"..\He 6481 (2,2_3_0083.jpg",right,144,— Goedsot 365 1010.,22
"..\He 6481 (2,2_3_0083.jpg",right,144,— Gostemitz de Wurtzen 538 1061.,23
"..\He 6481 (2,2_3_0083.jpg",right,144,— Grakkawer 14.,24
"..\He 6481 (2,2_3_0083.jpg",right,144,— Grevenstein de Maguntia 538.,25
"..\He 6481 (2,2_3_0083.jpg",right,144,— Grolant 539.,26
"..\He 6481 (2,2_3_0083.jpg",right,144,— Grol oc 635.,27
"..\He 6481 (2,2_3_0083.jpg",right,144,— Gromislai de Goluchowo 1246 1296.,28
"..\He 6481 (2,2_3_0083.jpg",right,144,— Grune 539.,29
"..\He 6481 (2,2_3_0083.jpg",right,144,— Wilhelmi 539.,30
"..\He 6481 (2,2_3_0083.jpg",right,144,— Habilsward 539.,31
"..\He 6481 (2,2_3_0083.jpg",right,144,— Haverbroth 539.,32
"..\He 6481 (2,2_3_0083.jpg",right,144,— Hagen (Haghe) 41 334 663 1385.,33
"..\He 6481 (2,2_3_0083.jpg",right,144,— de inferiori Hallis 539.,34
"..\He 6481 (2,2_3_0083.jpg",right,144,— Hambach 539.,35
"..\He 6481 (2,2_3_0083.jpg",right,144,— d. Hambach de Vessalia 539.,36
"..\He 6481 (2,2_3_0083.jpg",right,144,— de Heanebach 540.,37
"..\He 6481 (2,2_3_0083.jpg",right,144,— Hapzellis (Happesellis) 892 1237.,38
"..\He 6481 (2,2_3_0083.jpg",right,144,— Haquini 540.,39
"..\He 6481 (2,2_3_0083.jpg",right,144,— Hartmann de Frysingo 540.,40
"..\He 6481 (2,2_3_0083.jpg",right,144,— de Heiger 978.,41
"..\He 6481 (2,2_3_0083.jpg",right,144,— Heilgeman 1246.,42
"..\He 6481 (2,2_3_0083.jpg",right,144,— Helmboldi 1373.,43
"..\He 6481 (2,2_3_0083.jpg",right,144,— Henrici de Aulier 540 726.,44
"..\He 6481 (2,2_3_0083.jpg",right,144,— Henrici de Nedermolen 541 1373.,45
"..\He 6481 (2,2_3_0083.jpg",right,144,— de Herbipoli 1209.,46
"..\He 6481 (2,2_3_0083.jpg",right,144,— Herbert 1247.,47
"..\He 6481 (2,2_3_0083.jpg",right,144,— Hermann i de Tuicio 541.,48
"..\He 6481 (2,2_3_0083.jpg",right,144,— de Hersel 94.,49
"..\He 6481 (2,2_3_0083.jpg",right,144,— Hochenperger (Hohenberger) 541 1254.,50
"..\He 6481 (2,2_3_0083.jpg",right,144,— Hohenberg 541.,51
"..\He 6481 (2,2_3_0084.jpg",left,145,Jacobus Hollander 207.,1
"..\He 6481 (2,2_3_0084.jpg",left,145,— de Hornic 541.,2
"..\He 6481 (2,2_3_0084.jpg",left,145,— de Hukelem 541.,3
"..\He 6481 (2,2_3_0084.jpg",left,145,— Jacobi de Altzeia 541.,4
"..\He 6481 (2,2_3_0084.jpg",left,145,— Jacobi de Lancicia 541.,5
"..\He 6481 (2,2_3_0084.jpg",left,145,— Jacobi de Schirsfoyr (Scheisfoer) de Tulpeto 542 603.,6
"..\He 6481 (2,2_3_0084.jpg",left,145,— Jacobi d. Schultheyser de Mottesheim 542.,7
"..\He 6481 (2,2_3_0084.jpg",left,145,— Jasczoldi de Misewo 542.,8
"..\He 6481 (2,2_3_0084.jpg",left,145,— Jerici 542.,9
"..\He 6481 (2,2_3_0084.jpg",left,145,— Johannis 542.,10
"..\He 6481 (2,2_3_0084.jpg",left,145,— Johannis de Alphen 1373.,11
"..\He 6481 (2,2_3_0084.jpg",left,145,— Johannis Familie de Pisis 542.,12
"..\He 6481 (2,2_3_0084.jpg",left,145,— Johannis de Gladbach 542 1259.,13
"..\He 6481 (2,2_3_0084.jpg",left,145,— Johannis Glokener 542.,14
"..\He 6481 (2,2_3_0084.jpg",left,145,— Johannis de Loupy 543.,15
"..\He 6481 (2,2_3_0084.jpg",left,145,— Johannis de Robertis de Burgomaverio 543.,16
"..\He 6481 (2,2_3_0084.jpg",left,145,— Isaac 543 1174.,17
"..\He 6481 (2,2_3_0084.jpg",left,145,— Jude 1373.,18
"..\He 6481 (2,2_3_0084.jpg",left,145,— de Landenburg 543.,19
"..\He 6481 (2,2_3_0084.jpg",left,145,— el. Lauden. 1373.,20
"..\He 6481 (2,2_3_0084.jpg",left,145,— Laurentii de Prunnaw 543.,21
"..\He 6481 (2,2_3_0084.jpg",left,145,— Leffelscheyder 544.,22
"..\He 6481 (2,2_3_0084.jpg",left,145,— de Leybnitz v. J. Wulfing.,23
"..\He 6481 (2,2_3_0084.jpg",left,145,— Leonardi 544 1338.,24
"..\He 6481 (2,2_3_0084.jpg",left,145,— Lewman 544.,25
"..\He 6481 (2,2_3_0084.jpg",left,145,— Libing 154.,26
"..\He 6481 (2,2_3_0084.jpg",left,145,— de Lichtenberg (Lietenberch) 72 324 544.,27
"..\He 6481 (2,2_3_0084.jpg",left,145,— Liepmann 621.,28
"..\He 6481 (2,2_3_0084.jpg",left,145,— Lyfgher 248 372 871.,29
"..\He 6481 (2,2_3_0084.jpg",left,145,— Lindenow 723.,30
"..\He 6481 (2,2_3_0084.jpg",left,145,— Liphardi 544.,31
"..\He 6481 (2,2_3_0084.jpg",left,145,— d. Liqueti de Willier 545.,32
"..\He 6481 (2,2_3_0084.jpg",left,145,— Lotzonis 507.,33
"..\He 6481 (2,2_3_0084.jpg",left,145,— Lukstede 545.,34
"..\He 6481 (2,2_3_0084.jpg",left,145,— Ludovicus de Lasseyo 545.,35
"..\He 6481 (2,2_3_0084.jpg",left,145,— Luterstain 545.,36
"..\He 6481 (2,2_3_0084.jpg",left,145,— de Maguntia 1341.,37
"..\He 6481 (2,2_3_0084.jpg",left,145,— Mansewer 1295.,38
"..\He 6481 (2,2_3_0084.jpg",left,145,— abb. mon. s. Marie Aureevallis 39.,39
"..\He 6481 (2,2_3_0084.jpg",left,145,— abb. mon. s. Marie e. m. Constant. 1247.,40
"..\He 6481 (2,2_3_0084.jpg",left,145,— Mathei de Goluchi 545.,41
"..\He 6481 (2,2_3_0084.jpg",left,145,— Meylinger 545.,42
"..\He 6481 (2,2_3_0084.jpg",left,145,— Mengoti 545.,43
"..\He 6481 (2,2_3_0084.jpg",left,145,— Merke 1203 1230.,44
"..\He 6481 (2,2_3_0084.jpg",left,145,— Merculini Thomacelli de Neapoli v. J. Nicolai Th.,45
"..\He 6481 (2,2_3_0084.jpg",left,145,— Militis 991.,46
"..\He 6481 (2,2_3_0084.jpg",left,145,— de Misna 1373.,47
"..\He 6481 (2,2_3_0084.jpg",right,146,Jacobus de Monthabur 1247.,1
"..\He 6481 (2,2_3_0084.jpg",right,146,— de Montibus 546.,2
"..\He 6481 (2,2_3_0084.jpg",right,146,— Mundrachingen 546 1247.,3
"..\He 6481 (2,2_3_0084.jpg",right,146,— de Nedermolen v. J. Henrici de N. Nicolai 546.,4
"..\He 6481 (2,2_3_0084.jpg",right,146,— Nicolai Currificis de Dresovia 546 886 912.,5
"..\He 6481 (2,2_3_0084.jpg",right,146,— Nicolai Thomacelli d. Mergulini Thomacelli 546 591.,6
"..\He 6481 (2,2_3_0084.jpg",right,146,— de Nornberg 417.,7
"..\He 6481 (2,2_3_0084.jpg",right,146,— de Novaria 1167.,8
"..\He 6481 (2,2_3_0084.jpg",right,146,— de Novimagio v. J. Wernheri.,9
"..\He 6481 (2,2_3_0084.jpg",right,146,— Oem 770 825 1097.,10
"..\He 6481 (2,2_3_0084.jpg",right,146,— Oetmeri de Rene 546.,11
"..\He 6481 (2,2_3_0084.jpg",right,146,— Olavia 980.,12
"..\He 6481 (2,2_3_0084.jpg",right,146,— de Orto 985.,13
"..\He 6481 (2,2_3_0084.jpg",right,146,— Ortulani de Lore 546.,14
"..\He 6481 (2,2_3_0084.jpg",right,146,— Pachmullner de Stockeraw 546.,15
"..\He 6481 (2,2_3_0084.jpg",right,146,— Pauli de Ferriminera (Ferteminera) 368 537.,16
"..\He 6481 (2,2_3_0084.jpg",right,146,— Pentel 812 843.,17
"..\He 6481 (2,2_3_0084.jpg",right,146,— Petri de Landin 546.,18
"..\He 6481 (2,2_3_0084.jpg",right,146,— Petri de Leyden 428.,19
"..\He 6481 (2,2_3_0084.jpg",right,146,— Petri de Suchorow 546.,20
"..\He 6481 (2,2_3_0084.jpg",right,146,— Petri de Welminitz 546.,21
"..\He 6481 (2,2_3_0084.jpg",right,146,— Pistoris 624.,22
"..\He 6481 (2,2_3_0084.jpg",right,146,— Pistoris de Gysenheim 547.,23
"..\He 6481 (2,2_3_0084.jpg",right,146,— Plate (Platen) 547 1373.,24
"..\He 6481 (2,2_3_0084.jpg",right,146,— ep. Plocen. 916.,25
"..\He 6481 (2,2_3_0084.jpg",right,146,— Plote 547.,26
"..\He 6481 (2,2_3_0084.jpg",right,146,— Polen de Prusz 547.,27
"..\He 6481 (2,2_3_0084.jpg",right,146,— de Pont 1086.,28
"..\He 6481 (2,2_3_0084.jpg",right,146,— de Ponte v. J. Arnoldi de P.,29
"..\He 6481 (2,2_3_0084.jpg",right,146,— de Portreto 351 352.,30
"..\He 6481 (2,2_3_0084.jpg",right,146,— Pribislai 547.,31
"..\He 6481 (2,2_3_0084.jpg",right,146,— Priner 547.,32
"..\He 6481 (2,2_3_0084.jpg",right,146,— Pudwek 790.,33
"..\He 6481 (2,2_3_0084.jpg",right,146,— de Pudweins 226.,34
"..\He 6481 (2,2_3_0084.jpg",right,146,— Putz de Plawen 547.,35
"..\He 6481 (2,2_3_0084.jpg",right,146,— Redewitzer (Redwitzer) 547 1247.,36
"..\He 6481 (2,2_3_0084.jpg",right,146,— Repest 8 1107.,37
"..\He 6481 (2,2_3_0084.jpg",right,146,— Reppin 548.,38
"..\He 6481 (2,2_3_0084.jpg",right,146,— Romer 992.,39
"..\He 6481 (2,2_3_0084.jpg",right,146,— de Rosensteyn 1247.,40
"..\He 6481 (2,2_3_0084.jpg",right,146,— Rudolphi de Welken 548.,41
"..\He 6481 (2,2_3_0084.jpg",right,146,— de Ruspach 548.,42
"..\He 6481 (2,2_3_0084.jpg",right,146,— Saxo 596.,43
"..\He 6481 (2,2_3_0084.jpg",right,146,— Scaff 1080.,44
"..\He 6481 (2,2_3_0084.jpg",right,146,— Scheisfoer v. J. Jacobi Sch.,45
"..\He 6481 (2,2_3_0084.jpg",right,146,— Schenkel (Schinkel) 635 1090.,46
"..\He 6481 (2,2_3_0084.jpg",right,146,— Schildeke 151.,47
"..\He 6481 (2,2_3_0084.jpg",right,146,— Schule 548.,48
"..\He 6481 (2,2_3_0084.jpg",right,146,— Sculteti al. d. Jode 548.,49
"..\He 6481 (2,2_3_0085.jpg",left,147,Jacobus Sculteti de Waltodernheim 1277.,1
"..\He 6481 (2,2_3_0085.jpg",left,147,— d. Schultheyser de Mottesheym v. J. Jacobi Sch.,2
"..\He 6481 (2,2_3_0085.jpg",left,147,— Schurberg 654.,3
"..\He 6481 (2,2_3_0085.jpg",left,147,— Schut 1373.,4
"..\He 6481 (2,2_3_0085.jpg",left,147,— Sifridi 1195.,5
"..\He 6481 (2,2_3_0085.jpg",left,147,— Sifridi Hummel de Grinstat 548.,6
"..\He 6481 (2,2_3_0085.jpg",left,147,— Symonis de Sacrotzim 1157.,7
"..\He 6481 (2,2_3_0085.jpg",left,147,— Sindrami de Prukkasuperleitach 1248.,8
"..\He 6481 (2,2_3_0085.jpg",left,147,— Sinegke 1248.,9
"..\He 6481 (2,2_3_0085.jpg",left,147,— Slebweldigin 926.,10
"..\He 6481 (2,2_3_0085.jpg",left,147,— Sleifen 848.,11
"..\He 6481 (2,2_3_0085.jpg",left,147,— Smarsow 549.,12
"..\He 6481 (2,2_3_0085.jpg",left,147,— Snepper 1260.,13
"..\He 6481 (2,2_3_0085.jpg",left,147,— Solbeckh 549.,14
"..\He 6481 (2,2_3_0085.jpg",left,147,— de Sparwonde 48.,15
"..\He 6481 (2,2_3_0085.jpg",left,147,— Staff 549.,16
"..\He 6481 (2,2_3_0085.jpg",left,147,— de Steene 549.,17
"..\He 6481 (2,2_3_0085.jpg",left,147,— Steinbach 639.,18
"..\He 6481 (2,2_3_0085.jpg",left,147,— de Stenhorst 1248.,19
"..\He 6481 (2,2_3_0085.jpg",left,147,— Steube (Steuve) 210 637 861 980 1012.,20
"..\He 6481 (2,2_3_0085.jpg",left,147,— de Stollitz de Costan 857.,21
"..\He 6481 (2,2_3_0085.jpg",left,147,— de Subinago 63 92 264 485 631 675 702 963 1186 1263 1282 1291 1311 1337 1399.,22
"..\He 6481 (2,2_3_0085.jpg",left,147,— Surzz 1248.,23
"..\He 6481 (2,2_3_0085.jpg",left,147,— Swavelsperger de Hove 549.,24
"..\He 6481 (2,2_3_0085.jpg",left,147,— Swicker 1374.,25
"..\He 6481 (2,2_3_0085.jpg",left,147,— aep. Tarent. 922.,26
"..\He 6481 (2,2_3_0085.jpg",left,147,— Tawcho 885.,27
"..\He 6481 (2,2_3_0085.jpg",left,147,— Theoderici Egmond al. d. uten Broec (Broet) 41 324 549.,28
"..\He 6481 (2,2_3_0085.jpg",left,147,— Tobler 549.,29
"..\He 6481 (2,2_3_0085.jpg",left,147,— Thome de Candzerzino 1374.,30
"..\He 6481 (2,2_3_0085.jpg",left,147,— Torculatoris 549 1248.,31
"..\He 6481 (2,2_3_0085.jpg",left,147,— Trapp 549.,32
"..\He 6481 (2,2_3_0085.jpg",left,147,— Treven 396.,33
"..\He 6481 (2,2_3_0085.jpg",left,147,— Tuchaw 549.,34
"..\He 6481 (2,2_3_0085.jpg",left,147,— de Tunfelt 1373.,35
"..\He 6481 (2,2_3_0085.jpg",left,147,— Turingi 550.,36
"..\He 6481 (2,2_3_0085.jpg",left,147,— Turner 550.,37
"..\He 6481 (2,2_3_0085.jpg",left,147,— Twinger 550 580.,38
"..\He 6481 (2,2_3_0085.jpg",left,147,— Ulrici com. de Lindow 550.,39
"..\He 6481 (2,2_3_0085.jpg",left,147,— Upest 17.,40
"..\He 6481 (2,2_3_0085.jpg",left,147,— de Ursinis 1079.,41
"..\He 6481 (2,2_3_0085.jpg",left,147,— Wachsmut 550 867.,42
"..\He 6481 (2,2_3_0085.jpg",left,147,— prep. mon. in Walse 550.,43
"..\He 6481 (2,2_3_0085.jpg",left,147,— Walteri de Leodio 550.,44
"..\He 6481 (2,2_3_0085.jpg",left,147,— de Valva 414 935 948.,45
"..\He 6481 (2,2_3_0085.jpg",left,147,— Wasmodi 1428.,46
"..\He 6481 (2,2_3_0085.jpg",right,148,Jacobus Weber de Stromberch 1374.,1
"..\He 6481 (2,2_3_0085.jpg",right,148,— d. de Webirstede al. de Nebrav 299.,2
"..\He 6481 (2,2_3_0085.jpg",right,148,— Wechete 306.,3
"..\He 6481 (2,2_3_0085.jpg",right,148,— Weinman 772.,4
"..\He 6481 (2,2_3_0085.jpg",right,148,— Weispeck 551.,5
"..\He 6481 (2,2_3_0085.jpg",right,148,— Wene 430 488 551 623.,6
"..\He 6481 (2,2_3_0085.jpg",right,148,— Wernheri de Novimagio 145 1247.,7
"..\He 6481 (2,2_3_0085.jpg",right,148,— Wyde 551.,8
"..\He 6481 (2,2_3_0085.jpg",right,148,— de Wijs (Vijs) 513 551.,9
"..\He 6481 (2,2_3_0085.jpg",right,148,— Wilhalmsdorfer 262.,10
"..\He 6481 (2,2_3_0085.jpg",right,148,— abb. mon. in Wilhering 1062.,11
"..\He 6481 (2,2_3_0085.jpg",right,148,— Wilsen de Campen 271.,12
"..\He 6481 (2,2_3_0085.jpg",right,148,— de Wisszense 383 487.,13
"..\He 6481 (2,2_3_0085.jpg",right,148,— Wrede 552 658.,14
"..\He 6481 (2,2_3_0085.jpg",right,148,— Wulfing (Wulfinghi) de Leybnitz 552 898 1248.,15
"..\He 6481 (2,2_3_0085.jpg",right,148,— Zoudenbalch 552.,16
"..\He 6481 (2,2_3_0085.jpg",right,148,— Czungel 1309.,17
"..\He 6481 (2,2_3_0085.jpg",right,148,Jacussius (Jacussus) 1149 1434.,18
"..\He 6481 (2,2_3_0085.jpg",right,148,Jandrick 1149 1434.,19
"..\He 6481 (2,2_3_0085.jpg",right,148,Jannaca abba mon. in Otmar sheim 1054.,20
"..\He 6481 (2,2_3_0085.jpg",right,148,Jannus Sifridi Bruyn de Lemen 552.,21
"..\He 6481 (2,2_3_0085.jpg",right,148,Janottus prior generalis o. Cartus. 14.,22
"..\He 6481 (2,2_3_0085.jpg",right,148,Janussius Nicolai de Goria 1000.,23
"..\He 6481 (2,2_3_0085.jpg",right,148,Jarandus Nicolai de Velszaw 14.,24
"..\He 6481 (2,2_3_0085.jpg",right,148,— de Poman 828.,25
"..\He 6481 (2,2_3_0085.jpg",right,148,Jaroslaus [ . . .] 15.,26
"..\He 6481 (2,2_3_0085.jpg",right,148,— Debeslai (Derslai) 706 871.,27
"..\He 6481 (2,2_3_0085.jpg",right,148,— aep. Gnezn. 1149 1434.,28
"..\He 6481 (2,2_3_0085.jpg",right,148,— (Jeroslauus) Czeslai de Clobutow (Clobucow) 552 1292.,29
"..\He 6481 (2,2_3_0085.jpg",right,148,Jaspar de Nichele 552.,30
"..\He 6481 (2,2_3_0085.jpg",right,148,Jawta 170 (v. Conrardus Chlosterpeutel de Cornewburga).,31
"..\He 6481 (2,2_3_0085.jpg",right,148,Ibanus v. Iwanus.,32
"..\He 6481 (2,2_3_0085.jpg",right,148,Icen 221.,33
"..\He 6481 (2,2_3_0085.jpg",right,148,Yda Hogcherten 553.,34
"..\He 6481 (2,2_3_0085.jpg",right,148,— Scheynken 904 (v. Nicolaus advocatus in Hovelstein).,35
"..\He 6481 (2,2_3_0085.jpg",right,148,Jerico 553.,36
"..\He 6481 (2,2_3_0085.jpg",right,148,Jeronimus abb. mon. s. Andree de Burzono 553.,37
"..\He 6481 (2,2_3_0085.jpg",right,148,— Seydenberg 553.,38
"..\He 6481 (2,2_3_0085.jpg",right,148,— de Tesmysdorff (Thesmasdorp) 310 553 1217 1301 1354.,39
"..\He 6481 (2,2_3_0085.jpg",right,148,Jeroslauus de Clobucow v. Jaroslaus Czeslai.,40
"..\He 6481 (2,2_3_0085.jpg",right,148,"Yesko Heyden, baro de Donyn 553.",41
"..\He 6481 (2,2_3_0085.jpg",right,148,Jessko baro de Litaw al. de Sterenberg 943.,42
"..\He 6481 (2,2_3_0085.jpg",right,148,Ignatius Sculteti de Burg 547.,43
"..\He 6481 (2,2_3_0086.jpg",right,150,Johanna 1210 (v. Engelbertus com. de Nassovia et dom. de Breda).,1
"..\He 6481 (2,2_3_0086.jpg",right,150,— olim Jerusalem et Sicilie regina 1000.,2
"..\He 6481 (2,2_3_0086.jpg",right,150,"— de Montengiis, baronissa de Haemsteide et de Bergis 557.",3
"..\He 6481 (2,2_3_0086.jpg",right,150,— de Nuwemburg 292 (v. Fridericus de Hadstat).,4
"..\He 6481 (2,2_3_0086.jpg",right,150,— 557 (v. Reynaldus baro de Brederode).,5
"..\He 6481 (2,2_3_0086.jpg",right,150,— quond. Rom. et Boemie regina 1146.,6
"..\He 6481 (2,2_3_0086.jpg",right,150,Johannes 15.,7
"..\He 6481 (2,2_3_0086.jpg",right,150,— 92.,8
"..\He 6481 (2,2_3_0086.jpg",right,150,— 170.,9
"..\He 6481 (2,2_3_0086.jpg",right,150,— 175.,10
"..\He 6481 (2,2_3_0086.jpg",right,150,— 439.,11
"..\He 6481 (2,2_3_0086.jpg",right,150,— 461.,12
"..\He 6481 (2,2_3_0086.jpg",right,150,— 502.,13
"..\He 6481 (2,2_3_0086.jpg",right,150,— 572.,14
"..\He 6481 (2,2_3_0086.jpg",right,150,— 647.,15
"..\He 6481 (2,2_3_0086.jpg",right,150,— 672.,16
"..\He 6481 (2,2_3_0086.jpg",right,150,— 698.,17
"..\He 6481 (2,2_3_0086.jpg",right,150,— 713.,18
"..\He 6481 (2,2_3_0086.jpg",right,150,— 762.,19
"..\He 6481 (2,2_3_0086.jpg",right,150,— 774.,20
"..\He 6481 (2,2_3_0086.jpg",right,150,— 852.,21
"..\He 6481 (2,2_3_0086.jpg",right,150,— 856.,22
"..\He 6481 (2,2_3_0086.jpg",right,150,— 903.,23
"..\He 6481 (2,2_3_0086.jpg",right,150,— 1050.,24
"..\He 6481 (2,2_3_0086.jpg",right,150,— 1118.,25
"..\He 6481 (2,2_3_0086.jpg",right,150,— 1125.,26
"..\He 6481 (2,2_3_0086.jpg",right,150,— 1128.,27
"..\He 6481 (2,2_3_0086.jpg",right,150,— 1320.,28
"..\He 6481 (2,2_3_0086.jpg",right,150,— [ . . .] 1277.,29
"..\He 6481 (2,2_3_0086.jpg",right,150,— de [ . . .] 19.,30
"..\He 6481 (2,2_3_0086.jpg",right,150,— de [ . . .] 790.,31
"..\He 6481 (2,2_3_0086.jpg",right,150,— d. [ . . .] 1161 (J. Beyer de Bacheraco vel J. de Indagine ?).,32
"..\He 6481 (2,2_3_0086.jpg",right,150,"— v. J. de Cochme, J. de Barnchern, J. Berwici de Monthabur, J. Janonis de Barsnitz, J. Hersevelt, J. d. Stuchs, J. Waltrini, J. Clomlek, J. de Schutzeberg.",33
"..\He 6481 (2,2_3_0086.jpg",right,150,— papa XXII. 838 1228.,34
"..\He 6481 (2,2_3_0086.jpg",right,150,— papa XXIII. v. Balthasar Cossa.,35
"..\He 6481 (2,2_3_0086.jpg",right,150,— de Aa 767.,36
"..\He 6481 (2,2_3_0086.jpg",right,150,— Abbacuck 848.,37
"..\He 6481 (2,2_3_0086.jpg",right,150,— Abbenbroke 1249.,38
"..\He 6481 (2,2_3_0086.jpg",right,150,— Abdes 557 612.,39
"..\He 6481 (2,2_3_0086.jpg",right,150,— Abetzcho de Kottebez 557.,40
"..\He 6481 (2,2_3_0086.jpg",right,150,— de Absteden 87.,41
"..\He 6481 (2,2_3_0086.jpg",right,150,— Abundii v. J. Ambundii.,42
"..\He 6481 (2,2_3_0086.jpg",right,150,— de Ackenborg 557.,43
"..\He 6481 (2,2_3_0086.jpg",right,150,— Ackerbach 472.,44
"..\He 6481 (2,2_3_0080.jpg",right,138,"Hermannus Stakelwegghe (Stakelbegge, Stakelwek) 102 111 197 380 434 521 1110 1112 1191 1224.",1
"..\He 6481 (2,2_3_0080.jpg",right,138,— Stapels 1371.,2
"..\He 6481 (2,2_3_0080.jpg",right,138,— Stees 521.,3
"..\He 6481 (2,2_3_0080.jpg",right,138,— Steyn 521.,4
"..\He 6481 (2,2_3_0080.jpg",right,138,— Stempner 1371.,5
"..\He 6481 (2,2_3_0080.jpg",right,138,— Sten 1225.,6
"..\He 6481 (2,2_3_0080.jpg",right,138,— de Stendal 521.,7
"..\He 6481 (2,2_3_0080.jpg",right,138,— Stintz de Wetter 521.,8
"..\He 6481 (2,2_3_0080.jpg",right,138,— Stor 70.,9
"..\He 6481 (2,2_3_0080.jpg",right,138,— de Stunk 1099.,10
"..\He 6481 (2,2_3_0080.jpg",right,138,— Sturmer 521.,11
"..\He 6481 (2,2_3_0080.jpg",right,138,— Suchtewalt 522.,12
"..\He 6481 (2,2_3_0080.jpg",right,138,— d. Sudermann 426.,13
"..\He 6481 (2,2_3_0080.jpg",right,138,— Suderman al. Stoppe 77.,14
"..\He 6481 (2,2_3_0080.jpg",right,138,— Suernich 522.,15
"..\He 6481 (2,2_3_0080.jpg",right,138,— (Hermagnus) de Susato 927.,16
"..\He 6481 (2,2_3_0080.jpg",right,138,— Thealwis 30.,17
"..\He 6481 (2,2_3_0080.jpg",right,138,— ten Oerde 1243.,18
"..\He 6481 (2,2_3_0080.jpg",right,138,— de Tynera 1086.,19
"..\He 6481 (2,2_3_0080.jpg",right,138,— Tongans al. d. Targow 449.,20
"..\He 6481 (2,2_3_0080.jpg",right,138,— Topelsteyn 1100.,21
"..\He 6481 (2,2_3_0080.jpg",right,138,— de Torne 522.,22
"..\He 6481 (2,2_3_0080.jpg",right,138,— Tz amit 522.,23
"..\He 6481 (2,2_3_0080.jpg",right,138,— Uberman 240.,24
"..\He 6481 (2,2_3_0080.jpg",right,138,— Udonis de Mekeren 522.,25
"..\He 6481 (2,2_3_0080.jpg",right,138,— Upladen 523.,26
"..\He 6481 (2,2_3_0080.jpg",right,138,— de Waldorp 1090.,27
"..\He 6481 (2,2_3_0080.jpg",right,138,— de Wallen 125.,28
"..\He 6481 (2,2_3_0080.jpg",right,138,— Waltheri 523.,29
"..\He 6481 (2,2_3_0080.jpg",right,138,— Wanderwese 518.,30
"..\He 6481 (2,2_3_0080.jpg",right,138,— Wangelin 97.,31
"..\He 6481 (2,2_3_0080.jpg",right,138,— ep. Warmien. 1358.,32
"..\He 6481 (2,2_3_0080.jpg",right,138,— de Wattenheim 523.,33
"..\He 6481 (2,2_3_0080.jpg",right,138,— de Weberstete 13.,34
"..\He 6481 (2,2_3_0080.jpg",right,138,— de Wevort 523.,35
"..\He 6481 (2,2_3_0080.jpg",right,138,— de Welden 523.,36
"..\He 6481 (2,2_3_0080.jpg",right,138,— Welder de Monthabur 1371.,37
"..\He 6481 (2,2_3_0080.jpg",right,138,— Wend 1245.,38
"..\He 6481 (2,2_3_0080.jpg",right,138,— Wenderod 905.,39
"..\He 6481 (2,2_3_0080.jpg",right,138,— de Werberge 487.,40
"..\He 6481 (2,2_3_0080.jpg",right,138,— de Werda 339.,41
"..\He 6481 (2,2_3_0080.jpg",right,138,— Wereberch (Werenberg) 523 1371 1386.,42
"..\He 6481 (2,2_3_0080.jpg",right,138,— Wesenberg 407.,43
"..\He 6481 (2,2_3_0080.jpg",right,138,— Westhoven 523.,44
"..\He 6481 (2,2_3_0080.jpg",right,138,"— Wetinchtorp (Wecinctorp, Wesinctorp) 787 1397.",45
"..\He 6481 (2,2_3_0080.jpg",right,138,— Wetlich 597.,46
"..\He 6481 (2,2_3_0080.jpg",right,138,— Wettensen 523 1245 1345.,47
"..\He 6481 (2,2_3_0080.jpg",right,138,— Wilde de Geylnhusen 959.,48
"..\He 6481 (2,2_3_0080.jpg",right,138,— Willer 523.,49
"..\He 6481 (2,2_3_0087.jpg",right,152,Johannes Andree 548.,1
"..\He 6481 (2,2_3_0087.jpg",right,152,"— Andree v. J. A. de Cassel, J. A. de Marsbrunne.",2
"..\He 6481 (2,2_3_0087.jpg",right,152,— Andree de Cassel 525 580 612.,3
"..\He 6481 (2,2_3_0087.jpg",right,152,— dec. eccl. s. Andree Colon. 639.,4
"..\He 6481 (2,2_3_0087.jpg",right,152,— Andree de Marsbrunne 562 879.,5
"..\He 6481 (2,2_3_0087.jpg",right,152,— Andree de Trlang (Tilag) 63 64 562.,6
"..\He 6481 (2,2_3_0087.jpg",right,152,— Angermunde 411.,7
"..\He 6481 (2,2_3_0087.jpg",right,152,— de Angespach 562.,8
"..\He 6481 (2,2_3_0087.jpg",right,152,— Angier 1375.,9
"..\He 6481 (2,2_3_0087.jpg",right,152,— Anhalden 1212.,10
"..\He 6481 (2,2_3_0087.jpg",right,152,— de Annis 632.,11
"..\He 6481 (2,2_3_0087.jpg",right,152,— Anonis 766.,12
"..\He 6481 (2,2_3_0087.jpg",right,152,— de Antzelman 1140.,13
"..\He 6481 (2,2_3_0087.jpg",right,152,— tit. XII Apost. presb. card. 24.,14
"..\He 6481 (2,2_3_0087.jpg",right,152,— Apotecarii 562.,15
"..\He 6481 (2,2_3_0087.jpg",right,152,— de Appeldornenbeke 15.,16
"..\He 6481 (2,2_3_0087.jpg",right,152,— patr. Aquileg. 296 562 807 856 1089 1102.,17
"..\He 6481 (2,2_3_0087.jpg",right,152,— Aquis 1417.,18
"..\He 6481 (2,2_3_0087.jpg",right,152,— de Aquisgranis 562.,19
"..\He 6481 (2,2_3_0087.jpg",right,152,— de Area 15.,20
"..\He 6481 (2,2_3_0087.jpg",right,152,— Argenhas 185.,21
"..\He 6481 (2,2_3_0087.jpg",right,152,— aep. Armachan. 1292.,22
"..\He 6481 (2,2_3_0087.jpg",right,152,— de Arnhem (Aernhem) v. J. Walteri.,23
"..\He 6481 (2,2_3_0087.jpg",right,152,— de Arnholte 563.,24
"..\He 6481 (2,2_3_0087.jpg",right,152,— Arnoldi de Biggenkerke 563.,25
"..\He 6481 (2,2_3_0087.jpg",right,152,— Arnoldi de Broel 563.,26
"..\He 6481 (2,2_3_0087.jpg",right,152,— Arnoldi de Hemminghe 1375.,27
"..\He 6481 (2,2_3_0087.jpg",right,152,— Arnoldi de Zuteren 563.,28
"..\He 6481 (2,2_3_0087.jpg",right,152,— abb. mon. s. Arnulphi e. m. Meten. 384.,29
"..\He 6481 (2,2_3_0087.jpg",right,152,— de Asendorp 563 643 1245 1370.,30
"..\He 6481 (2,2_3_0087.jpg",right,152,— de Atteren 918.,31
"..\He 6481 (2,2_3_0087.jpg",right,152,— Aucupis 563.,32
"..\He 6481 (2,2_3_0087.jpg",right,152,— abb. mon. Augieminoris v. J. Buckeler.,33
"..\He 6481 (2,2_3_0087.jpg",right,152,— ep. August. 6.,34
"..\He 6481 (2,2_3_0087.jpg",right,152,— Augustini 564 1250 1309.,35
"..\He 6481 (2,2_3_0087.jpg",right,152,— de Aulier 1318.,36
"..\He 6481 (2,2_3_0087.jpg",right,152,— d. Ausdemholtz 562.,37
"..\He 6481 (2,2_3_0087.jpg",right,152,— de Austria 15 293.,38
"..\He 6481 (2,2_3_0087.jpg",right,152,— Aveze 1250.,39
"..\He 6481 (2,2_3_0087.jpg",right,152,— de Azeten 564.,40
"..\He 6481 (2,2_3_0087.jpg",right,152,— Bach 1251.,41
"..\He 6481 (2,2_3_0087.jpg",right,152,— de Bachem 781.,42
"..\He 6481 (2,2_3_0087.jpg",right,152,— Baken 564.,43
"..\He 6481 (2,2_3_0087.jpg",right,152,— Bachus 1064.,44
"..\He 6481 (2,2_3_0087.jpg",right,152,— Bader 1360.,45
"..\He 6481 (2,2_3_0087.jpg",right,152,— Badyn 1199.,46
"..\He 6481 (2,2_3_0087.jpg",right,152,— Balder 564.,47
"..\He 6481 (2,2_3_0087.jpg",right,152,— Baltzman 564.,48
"..\He 6481 (2,2_3_0087.jpg",right,152,— de Bamatz 1133.,49
"..\He 6481 (2,2_3_0087.jpg",left,151,Johannes abb. mon. s. Adalberti Egmond. 15 557.,1
"..\He 6481 (2,2_3_0087.jpg",left,151,— Adaquam 557.,2
"..\He 6481 (2,2_3_0087.jpg",left,151,— abb. mon. s. Adelheydis in Sels 557.,3
"..\He 6481 (2,2_3_0087.jpg",left,151,— Adelmann 557.,4
"..\He 6481 (2,2_3_0087.jpg",left,151,— Adolfi de Eltvil 1374.,5
"..\He 6481 (2,2_3_0087.jpg",left,151,— Adolphi com. de Nazzaw 557.,6
"..\He 6481 (2,2_3_0087.jpg",left,151,— Advocati de Cassel 558.,7
"..\He 6481 (2,2_3_0087.jpg",left,151,— Advocati al. d. Fabri 1249.,8
"..\He 6481 (2,2_3_0087.jpg",left,151,— de Afflancia 558.,9
"..\He 6481 (2,2_3_0087.jpg",left,151,— Afterding 558.,10
"..\He 6481 (2,2_3_0087.jpg",left,151,— Agonis 1116.,11
"..\He 6481 (2,2_3_0087.jpg",left,151,— Aicheller 558.,12
"..\He 6481 (2,2_3_0087.jpg",left,151,— Ailberti de Sanctogoare 1249.,13
"..\He 6481 (2,2_3_0087.jpg",left,151,— Alardi de Bischopheim 558.,14
"..\He 6481 (2,2_3_0087.jpg",left,151,— de Albichen 559.,15
"..\He 6481 (2,2_3_0087.jpg",left,151,— Alberti v. J. A. de Welachow.,16
"..\He 6481 (2,2_3_0087.jpg",left,151,"— Alberti de Bavaria, ep. Leod. 559 792 1019 1227 1234 1263.",17
"..\He 6481 (2,2_3_0087.jpg",left,151,— Alberti de Tremonia 559.,18
"..\He 6481 (2,2_3_0087.jpg",left,151,— Alberti de Welachow (Velachov) 559 921.,19
"..\He 6481 (2,2_3_0087.jpg",left,151,— de Albich 751.,20
"..\He 6481 (2,2_3_0087.jpg",left,151,— Albrici de Newesch 210 560 1216 1249 1252.,21
"..\He 6481 (2,2_3_0087.jpg",left,151,— de Alkenrade 48.,22
"..\He 6481 (2,2_3_0087.jpg",left,151,— Aldach 243 560 658 695 826.,23
"..\He 6481 (2,2_3_0087.jpg",left,151,— de Aldenkirchen 86.,24
"..\He 6481 (2,2_3_0087.jpg",left,151,— Aldensteden de Wetzflaria 560.,25
"..\He 6481 (2,2_3_0087.jpg",left,151,— Alderman 1374 1401.,26
"..\He 6481 (2,2_3_0087.jpg",left,151,— de Alen 117.,27
"..\He 6481 (2,2_3_0087.jpg",left,151,— Alewec 994.,28
"..\He 6481 (2,2_3_0087.jpg",left,151,— patr. Alexandrin. v. J. aep. Rigen.,29
"..\He 6481 (2,2_3_0087.jpg",left,151,— de Almene 560.,30
"..\He 6481 (2,2_3_0087.jpg",left,151,— de Almlo 1053.,31
"..\He 6481 (2,2_3_0087.jpg",left,151,— de Alre 1094.,32
"..\He 6481 (2,2_3_0087.jpg",left,151,— Alstede 561 1250.,33
"..\He 6481 (2,2_3_0087.jpg",left,151,— de Alsteten 25 28.,34
"..\He 6481 (2,2_3_0087.jpg",left,151,— de Altaecclesia 1175.,35
"..\He 6481 (2,2_3_0087.jpg",left,151,— de Altavilla 1108.,36
"..\He 6481 (2,2_3_0087.jpg",left,151,— de Altdorf 250.,37
"..\He 6481 (2,2_3_0087.jpg",left,151,— de Alten 561 1245.,38
"..\He 6481 (2,2_3_0087.jpg",left,151,— Althayner 561.,39
"..\He 6481 (2,2_3_0087.jpg",left,151,— d. Altmanni 309 482.,40
"..\He 6481 (2,2_3_0087.jpg",left,151,— Altmar al. d. Hessler 1250.,41
"..\He 6481 (2,2_3_0087.jpg",left,151,— de Alwilre 561.,42
"..\He 6481 (2,2_3_0087.jpg",left,151,— Ambundii 320 561 604 662 691 936 1214 1250 1255 1321 1344.,43
"..\He 6481 (2,2_3_0087.jpg",left,151,— Amelungi de Confluentia 1375.,44
"..\He 6481 (2,2_3_0087.jpg",left,151,— de Amersfordia 629 1091 1141.,45
"..\He 6481 (2,2_3_0087.jpg",left,151,— Amman 1250.,46
"..\He 6481 (2,2_3_0087.jpg",left,151,— de Amsteten 1142 1250.,47
"..\He 6481 (2,2_3_0087.jpg",left,151,— Andree 72.,48
"..\He 6481 (2,2_3_0078.jpg",left,133,Hermannus Cossyns 549.,1
"..\He 6481 (2,2_3_0078.jpg",left,133,— Kossitz 108 345 502 799.,2
"..\He 6481 (2,2_3_0078.jpg",left,133,— Koster 120.,3
"..\He 6481 (2,2_3_0078.jpg",left,133,— Craft al. de Erinreich 503.,4
"..\He 6481 (2,2_3_0078.jpg",left,133,— Crafftonis 166.,5
"..\He 6481 (2,2_3_0078.jpg",left,133,— Cristiani de Dulken 503.,6
"..\He 6481 (2,2_3_0078.jpg",left,133,— Cruth de Eringen 503.,7
"..\He 6481 (2,2_3_0078.jpg",left,133,— Küchenmeister 503.,8
"..\He 6481 (2,2_3_0078.jpg",left,133,— Culinck 503.,9
"..\He 6481 (2,2_3_0078.jpg",left,133,— de Curia 325 503.,10
"..\He 6481 (2,2_3_0078.jpg",left,133,— Custodis 1368.,11
"..\He 6481 (2,2_3_0078.jpg",left,133,— d. Custos 860.,12
"..\He 6481 (2,2_3_0078.jpg",left,133,— Cuwe 902.,13
"..\He 6481 (2,2_3_0078.jpg",left,133,— Daerman 503.,14
"..\He 6481 (2,2_3_0078.jpg",left,133,— Dennenberch 428.,15
"..\He 6481 (2,2_3_0078.jpg",left,133,— Dyckaman al. d. Olde 504.,16
"..\He 6481 (2,2_3_0078.jpg",left,133,— Dickeman 589.,17
"..\He 6481 (2,2_3_0078.jpg",left,133,— [Dyngel] 927.,18
"..\He 6481 (2,2_3_0078.jpg",left,133,— de Dreerse 504.,19
"..\He 6481 (2,2_3_0078.jpg",left,133,— de Duderstad 734.,20
"..\He 6481 (2,2_3_0078.jpg",left,133,— Dunow 1233.,21
"..\He 6481 (2,2_3_0078.jpg",left,133,— Dwerg (Dwerch) 120 364 488 504 583 610 667 700 864 951 1024 1114 1221 1242 1252 1262 1263 1264 1294 1317 1333 1400 1402.,22
"..\He 6481 (2,2_3_0078.jpg",left,133,— de Eddessen 505.,23
"..\He 6481 (2,2_3_0078.jpg",left,133,— Everdynk 506.,24
"..\He 6481 (2,2_3_0078.jpg",left,133,— Eyckhorn de Duysburgh 359.,25
"..\He 6481 (2,2_3_0078.jpg",left,133,— de Erenstein 657.,26
"..\He 6481 (2,2_3_0078.jpg",left,133,— Fabri de Dulmen 102.,27
"..\He 6481 (2,2_3_0078.jpg",left,133,— Vanderborgh (de Castro) 325 333 334 677 1112.,28
"..\He 6481 (2,2_3_0078.jpg",left,133,— van der Merkatzen de Aquisgranis 512 719 1413.,29
"..\He 6481 (2,2_3_0078.jpg",left,133,— Vanderslonen 506.,30
"..\He 6481 (2,2_3_0078.jpg",left,133,— de Feymar 690.,31
"..\He 6481 (2,2_3_0078.jpg",left,133,— ep. Verden. 96.,32
"..\He 6481 (2,2_3_0078.jpg",left,133,— Vincke 506.,33
"..\He 6481 (2,2_3_0078.jpg",left,133,— Vincke 458.,34
"..\He 6481 (2,2_3_0078.jpg",left,133,— Vinken 506.,35
"..\He 6481 (2,2_3_0078.jpg",left,133,— Fynne 1254 1275.,36
"..\He 6481 (2,2_3_0078.jpg",left,133,— Vogt de Scoppenheim 353.,37
"..\He 6481 (2,2_3_0078.jpg",left,133,— Voyke 787.,38
"..\He 6481 (2,2_3_0078.jpg",left,133,— Volkhusen 506.,39
"..\He 6481 (2,2_3_0078.jpg",left,133,— de Fonte 506 514 (?).,40
"..\He 6481 (2,2_3_0078.jpg",left,133,— Vos 340.,41
"..\He 6481 (2,2_3_0078.jpg",left,133,— de Franconia 162 1198 1351.,42
"..\He 6481 (2,2_3_0078.jpg",left,133,— Franseys (Fransoys) 136 322 506.,43
"..\He 6481 (2,2_3_0078.jpg",left,133,— de Vrden 506.,44
"..\He 6481 (2,2_3_0078.jpg",left,133,— de Vrede 233.,45
"..\He 6481 (2,2_3_0078.jpg",left,133,— Pfreindorffer 1320.,46
"..\He 6481 (2,2_3_0078.jpg",left,133,— Vreudenberg 207.,47
"..\He 6481 (2,2_3_0078.jpg",left,133,— Vroderime 507.,48
"..\He 6481 (2,2_3_0088.jpg",left,153,Johannes Banchern v. J. Barnschern.,1
"..\He 6481 (2,2_3_0088.jpg",left,153,— de Baonville 684.,2
"..\He 6481 (2,2_3_0088.jpg",left,153,— Bardin 1263.,3
"..\He 6481 (2,2_3_0088.jpg",left,153,— Baretz 1251.,4
"..\He 6481 (2,2_3_0088.jpg",left,153,— abb. mon. s. Barnardi supra Scaldam 564.,5
"..\He 6481 (2,2_3_0088.jpg",left,153,— Barnschern (Barnchern) 562 564 1251.,6
"..\He 6481 (2,2_3_0088.jpg",left,153,— Barswort 952.,7
"..\He 6481 (2,2_3_0088.jpg",left,153,— d. Barth 251.,8
"..\He 6481 (2,2_3_0088.jpg",left,153,— Bart de Sanctogoare 565.,9
"..\He 6481 (2,2_3_0088.jpg",left,153,— Bartconis de Lancicia 565.,10
"..\He 6481 (2,2_3_0088.jpg",left,153,— Bartholomei Potentis de Feltro 761 1251.,11
"..\He 6481 (2,2_3_0088.jpg",left,153,— Barthusch (Bartisch) 811 910.,12
"..\He 6481 (2,2_3_0088.jpg",left,153,— d. Barwart 565.,13
"..\He 6481 (2,2_3_0088.jpg",left,153,— Basian 414.,14
"..\He 6481 (2,2_3_0088.jpg",left,153,— de Basilea al. d. de Hiltelingen 25 28.,15
"..\He 6481 (2,2_3_0088.jpg",left,153,— ep. Basil. 111 364 530.,16
"..\He 6481 (2,2_3_0088.jpg",left,153,— de Bastonia 444 539 540 633 673 726 736 868 986 1120.,17
"..\He 6481 (2,2_3_0088.jpg",left,153,— Batemperiger 1251.,18
"..\He 6481 (2,2_3_0088.jpg",left,153,— Bathorn v. J. Boechorn.,19
"..\He 6481 (2,2_3_0088.jpg",left,153,— Bau 565.,20
"..\He 6481 (2,2_3_0088.jpg",left,153,— dux Bavarie 15 67 307 727 1057 1146 1291.,21
"..\He 6481 (2,2_3_0088.jpg",left,153,"— Bebelem (Bebelheym, Beblem) 149 555 557 564.",22
"..\He 6481 (2,2_3_0088.jpg",left,153,— de Bebelnheim 565 1126.,23
"..\He 6481 (2,2_3_0088.jpg",left,153,— baro de Bebirstein 1156.,24
"..\He 6481 (2,2_3_0088.jpg",left,153,— Bekker 1077 1285.,25
"..\He 6481 (2,2_3_0088.jpg",left,153,— Becherer 133 566.,26
"..\He 6481 (2,2_3_0088.jpg",left,153,— de Bechlingen 1072.,27
"..\He 6481 (2,2_3_0088.jpg",left,153,— Beyer 1251 1256 1375.,28
"..\He 6481 (2,2_3_0088.jpg",left,153,— Beyer de Bacheraco 472 481 566 978.,29
"..\He 6481 (2,2_3_0088.jpg",left,153,— Beysperger 73.,30
"..\He 6481 (2,2_3_0088.jpg",left,153,— de Beytzano 1165.,31
"..\He 6481 (2,2_3_0088.jpg",left,153,— Belar 191.,32
"..\He 6481 (2,2_3_0088.jpg",left,153,— Belchzewitz 15.,33
"..\He 6481 (2,2_3_0088.jpg",left,153,— Beldersheim 566.,34
"..\He 6481 (2,2_3_0088.jpg",left,153,— Belen 1375.,35
"..\He 6481 (2,2_3_0088.jpg",left,153,— Beler (Beleri) 277 566.,36
"..\He 6481 (2,2_3_0088.jpg",left,153,— de Belitz 566 1375.,37
"..\He 6481 (2,2_3_0088.jpg",left,153,— de Bellebrugge 120 1035.,38
"..\He 6481 (2,2_3_0088.jpg",left,153,— abb. mon. Bellilagie 1230.,39
"..\He 6481 (2,2_3_0088.jpg",left,153,— de Bembach 651.,40
"..\He 6481 (2,2_3_0088.jpg",left,153,— de Bemel 566.,41
"..\He 6481 (2,2_3_0088.jpg",left,153,— Benigne 648.,42
"..\He 6481 (2,2_3_0088.jpg",left,153,— de Bensheim 423 566.,43
"..\He 6481 (2,2_3_0088.jpg",left,153,— Benstorp e 1315.,44
"..\He 6481 (2,2_3_0088.jpg",left,153,— de Bentheim (Benthem) 1355 1375.,45
"..\He 6481 (2,2_3_0088.jpg",right,154,Johannes de Bentlaghen 1266.,1
"..\He 6481 (2,2_3_0088.jpg",right,154,— de Berka 567.,2
"..\He 6481 (2,2_3_0088.jpg",right,154,— de Berka 1192.,3
"..\He 6481 (2,2_3_0088.jpg",right,154,— Berchem v. J. Bergheim.,4
"..\He 6481 (2,2_3_0088.jpg",right,154,— Berkinstein 1361.,5
"..\He 6481 (2,2_3_0088.jpg",right,154,— Berchteheile 567.,6
"..\He 6481 (2,2_3_0088.jpg",right,154,— Berder 1256.,7
"..\He 6481 (2,2_3_0088.jpg",right,154,— Beren 1375.,8
"..\He 6481 (2,2_3_0088.jpg",right,154,— de Berenfels 928.,9
"..\He 6481 (2,2_3_0088.jpg",right,154,— Berger 567.,10
"..\He 6481 (2,2_3_0088.jpg",right,154,— Berger 734 1269.,11
"..\He 6481 (2,2_3_0088.jpg",right,154,— Bergheim (Berchem) 530 567 1030.,12
"..\He 6481 (2,2_3_0088.jpg",right,154,— de Bergioco 543.,13
"..\He 6481 (2,2_3_0088.jpg",right,154,— de Beringin 675.,14
"..\He 6481 (2,2_3_0088.jpg",right,154,— de Berlandia v. J. Wilhelmi de Ramoka.,15
"..\He 6481 (2,2_3_0088.jpg",right,154,— Berlin 567.,16
"..\He 6481 (2,2_3_0088.jpg",right,154,— Bernardi 547 567 628 855 961.,17
"..\He 6481 (2,2_3_0088.jpg",right,154,— Berneborch (Berneburg) 567 829.,18
"..\He 6481 (2,2_3_0088.jpg",right,154,— d. Berneyger 568.,19
"..\He 6481 (2,2_3_0088.jpg",right,154,— Berngoys 996.,20
"..\He 6481 (2,2_3_0088.jpg",right,154,— Bernic 1097.,21
"..\He 6481 (2,2_3_0088.jpg",right,154,— Bersch 318.,22
"..\He 6481 (2,2_3_0088.jpg",right,154,— ep. Berseben. 1081.,23
"..\He 6481 (2,2_3_0088.jpg",right,154,— de Berstat. 635.,24
"..\He 6481 (2,2_3_0088.jpg",right,154,— Bertekow 568.,25
"..\He 6481 (2,2_3_0088.jpg",right,154,— Bertelkyn 568.,26
"..\He 6481 (2,2_3_0088.jpg",right,154,— Bertholdi de Persynghen 214 248 568.,27
"..\He 6481 (2,2_3_0088.jpg",right,154,— Berwici de Montabur 568 624.,28
"..\He 6481 (2,2_3_0088.jpg",right,154,— Berzekow 568.,29
"..\He 6481 (2,2_3_0088.jpg",right,154,— Bessart 566.,30
"..\He 6481 (2,2_3_0088.jpg",right,154,— Besser 568.,31
"..\He 6481 (2,2_3_0088.jpg",right,154,— de Best 537.,32
"..\He 6481 (2,2_3_0088.jpg",right,154,— Betten 465.,33
"..\He 6481 (2,2_3_0088.jpg",right,154,— Betzlini (Betzelin) 603 1208.,34
"..\He 6481 (2,2_3_0088.jpg",right,154,— Beuer 568.,35
"..\He 6481 (2,2_3_0088.jpg",right,154,— Beugehut 568 908.,36
"..\He 6481 (2,2_3_0088.jpg",right,154,— de Bidichin v. Redekin,37
"..\He 6481 (2,2_3_0088.jpg",right,154,— d. Bye 569.,38
"..\He 6481 (2,2_3_0088.jpg",right,154,— Byenbeke 1375.,39
"..\He 6481 (2,2_3_0088.jpg",right,154,— ep. Biduan. 955.,40
"..\He 6481 (2,2_3_0088.jpg",right,154,— de Bylant 569.,41
"..\He 6481 (2,2_3_0088.jpg",right,154,— Bynda 1275.,42
"..\He 6481 (2,2_3_0088.jpg",right,154,— Binder 569.,43
"..\He 6481 (2,2_3_0088.jpg",right,154,— de Bynen 611.,44
"..\He 6481 (2,2_3_0088.jpg",right,154,— de Binghen 1260.,45
"..\He 6481 (2,2_3_0088.jpg",right,154,— d. Byschof (Bishop) 569.,46
"..\He 6481 (2,2_3_0088.jpg",right,154,— Byschoff 705.,47
"..\He 6481 (2,2_3_0088.jpg",right,154,— Bischoff 1375.,48
"..\He 6481 (2,2_3_0088.jpg",right,154,— de Bischofsheim 638.,49
"..\He 6481 (2,2_3_0088.jpg",right,154,— Bisschoverode 675.,50
"..\He 6481 (2,2_3_0088.jpg",right,154,— Bladie (Bladi) 429 885.,51
"..\He 6481 (2,2_3_0089.jpg",left,155,Johannes Blasekowen v. J. Blitzekowen.,1
"..\He 6481 (2,2_3_0089.jpg",left,155,— Blasii al d. Last 694.,2
"..\He 6481 (2,2_3_0089.jpg",left,155,— abb. mon. s. Blasii in Nigrasilva 569.,3
"..\He 6481 (2,2_3_0089.jpg",left,155,— Blatz de Amorbach 569.,4
"..\He 6481 (2,2_3_0089.jpg",left,155,— de Blatzen 332.,5
"..\He 6481 (2,2_3_0089.jpg",left,155,"— Bleichmester (Blejsmester, Blenmester) 569 1114 1236.",6
"..\He 6481 (2,2_3_0089.jpg",left,155,— Blenklin de Goppingen 569.,7
"..\He 6481 (2,2_3_0089.jpg",left,155,— Blenmester v. J. Bleichmester.,8
"..\He 6481 (2,2_3_0089.jpg",left,155,— Blykeri 570.,9
"..\He 6481 (2,2_3_0089.jpg",left,155,— Blig 1375.,10
"..\He 6481 (2,2_3_0089.jpg",left,155,— Blitzekowen 499.,11
"..\He 6481 (2,2_3_0089.jpg",left,155,— Bleublin 925.,12
"..\He 6481 (2,2_3_0089.jpg",left,155,— Bloem al. d. Langhe 570.,13
"..\He 6481 (2,2_3_0089.jpg",left,155,— Blome 322 1242.,14
"..\He 6481 (2,2_3_0089.jpg",left,155,— Bobersteyn 570.,15
"..\He 6481 (2,2_3_0089.jpg",left,155,— Bock 420.,16
"..\He 6481 (2,2_3_0089.jpg",left,155,— de Boke 820.,17
"..\He 6481 (2,2_3_0089.jpg",left,155,— Bockenhemmer 570.,18
"..\He 6481 (2,2_3_0089.jpg",left,155,— Bocholt (Boecholt) 269 570 637 684 952.,19
"..\He 6481 (2,2_3_0089.jpg",left,155,— de Bodem 149.,20
"..\He 6481 (2,2_3_0089.jpg",left,155,— de Boechem 570.,21
"..\He 6481 (2,2_3_0089.jpg",left,155,— Boechorn (Bathorn) 565 571.,22
"..\He 6481 (2,2_3_0089.jpg",left,155,— Bogdani de Cobelino 571.,23
"..\He 6481 (2,2_3_0089.jpg",left,155,— de Bogdano (Bogdans) 571.,24
"..\He 6481 (2,2_3_0089.jpg",left,155,— Boglini de Rogonia 562.,25
"..\He 6481 (2,2_3_0089.jpg",left,155,— Boguslai de Opatow 1055.,26
"..\He 6481 (2,2_3_0089.jpg",left,155,— Bohemundi 987.,27
"..\He 6481 (2,2_3_0089.jpg",left,155,— Boye 571.,28
"..\He 6481 (2,2_3_0089.jpg",left,155,— de Boylhey m 571.,29
"..\He 6481 (2,2_3_0089.jpg",left,155,— Bol 1073.,30
"..\He 6481 (2,2_3_0089.jpg",left,155,— Bolant 571.,31
"..\He 6481 (2,2_3_0089.jpg",left,155,— de Bolche 571.,32
"..\He 6481 (2,2_3_0089.jpg",left,155,— Bolle al. d. Brunt 537 1155.,33
"..\He 6481 (2,2_3_0089.jpg",left,155,— Bollenmeyer (Bolmegger) 372 373 768 1105.,34
"..\He 6481 (2,2_3_0089.jpg",left,155,— d. Boltz 1106.,35
"..\He 6481 (2,2_3_0089.jpg",left,155,— Bomgarde 571.,36
"..\He 6481 (2,2_3_0089.jpg",left,155,— Bomhower 572.,37
"..\He 6481 (2,2_3_0089.jpg",left,155,— Bone 572.,38
"..\He 6481 (2,2_3_0089.jpg",left,155,— Bone 772.,39
"..\He 6481 (2,2_3_0089.jpg",left,155,— de Bonis de Mediolano 572.,40
"..\He 6481 (2,2_3_0089.jpg",left,155,— Bonne 939.,41
"..\He 6481 (2,2_3_0089.jpg",left,155,— de Bononia v. J. de Fuschis.,42
"..\He 6481 (2,2_3_0089.jpg",left,155,— Bopf 572.,43
"..\He 6481 (2,2_3_0089.jpg",left,155,— Borchardi 572.,44
"..\He 6481 (2,2_3_0089.jpg",left,155,— Borgelis 607.,45
"..\He 6481 (2,2_3_0089.jpg",left,155,— de Borneker 572.,46
"..\He 6481 (2,2_3_0089.jpg",left,155,— Bornysen de Gudensberg 572.,47
"..\He 6481 (2,2_3_0089.jpg",left,155,— Borrigers de Cuba 716.,48
"..\He 6481 (2,2_3_0089.jpg",left,155,— Borsnitz v. J. Janonis.,49
"..\He 6481 (2,2_3_0089.jpg",left,155,— Bortzaw (Borzw) 574 1251.,50
"..\He 6481 (2,2_3_0089.jpg",right,156,Johannes Bosch 1196.,1
"..\He 6481 (2,2_3_0089.jpg",right,156,— Bote de Tekenborch 122.,2
"..\He 6481 (2,2_3_0089.jpg",right,156,— Botelstete 731.,3
"..\He 6481 (2,2_3_0089.jpg",right,156,— Botfelt 1246.,4
"..\He 6481 (2,2_3_0089.jpg",right,156,— Bottinger 574.,5
"..\He 6481 (2,2_3_0089.jpg",right,156,— Brachatitz 226.,6
"..\He 6481 (2,2_3_0089.jpg",right,156,— Brakel 417.,7
"..\He 6481 (2,2_3_0089.jpg",right,156,— de Brakelvelde 632.,8
"..\He 6481 (2,2_3_0089.jpg",right,156,— Braem d. Deedim 574 612.,9
"..\He 6481 (2,2_3_0089.jpg",right,156,— Brandeborch 1213.,10
"..\He 6481 (2,2_3_0089.jpg",right,156,— marchio Brandenburg. 171.,11
"..\He 6481 (2,2_3_0089.jpg",right,156,— Brandesleve 574.,12
"..\He 6481 (2,2_3_0089.jpg",right,156,— Brant 574.,13
"..\He 6481 (2,2_3_0089.jpg",right,156,— Brant de Rathingen 574 836.,14
"..\He 6481 (2,2_3_0089.jpg",right,156,— Brasche 182 507 729.,15
"..\He 6481 (2,2_3_0089.jpg",right,156,— Brasperg 280.,16
"..\He 6481 (2,2_3_0089.jpg",right,156,— d. Brechter 577.,17
"..\He 6481 (2,2_3_0089.jpg",right,156,— Brechwinkel 575.,18
"..\He 6481 (2,2_3_0089.jpg",right,156,— baro de Bredenrode 575.,19
"..\He 6481 (2,2_3_0089.jpg",right,156,— Breydenbach de Frideberg 575 1251.,20
"..\He 6481 (2,2_3_0089.jpg",right,156,— Breller de Watwirl 575.,21
"..\He 6481 (2,2_3_0089.jpg",right,156,— Breme de Gorlitz 72.,22
"..\He 6481 (2,2_3_0089.jpg",right,156,— aep. Bremen. 1252.,23
"..\He 6481 (2,2_3_0089.jpg",right,156,— Bremer 163 575.,24
"..\He 6481 (2,2_3_0089.jpg",right,156,— Bretzeke 131.,25
"..\He 6481 (2,2_3_0089.jpg",right,156,— Brevis 575.,26
"..\He 6481 (2,2_3_0089.jpg",right,156,— Brichamer 575.,27
"..\He 6481 (2,2_3_0089.jpg",right,156,— Brincmans 575.,28
"..\He 6481 (2,2_3_0089.jpg",right,156,— Bringheto 1072.,29
"..\He 6481 (2,2_3_0089.jpg",right,156,— Brisach de Ravenspurg 1233.,30
"..\He 6481 (2,2_3_0089.jpg",right,156,— ep. Brixin. 855.,31
"..\He 6481 (2,2_3_0089.jpg",right,156,— de Broclo (Broculi) 949.,32
"..\He 6481 (2,2_3_0089.jpg",right,156,— Broderi 1252.,33
"..\He 6481 (2,2_3_0089.jpg",right,156,— Broecher 576.,34
"..\He 6481 (2,2_3_0089.jpg",right,156,— de Broila 576 1109.,35
"..\He 6481 (2,2_3_0089.jpg",right,156,— de Broilo 650.,36
"..\He 6481 (2,2_3_0089.jpg",right,156,— de Bromo (Bronio) 1220 1355.,37
"..\He 6481 (2,2_3_0089.jpg",right,156,— Brotman al. d. Valentini 1376.,38
"..\He 6481 (2,2_3_0089.jpg",right,156,— Broucker 576.,39
"..\He 6481 (2,2_3_0089.jpg",right,156,— Bruckeler 1403.,40
"..\He 6481 (2,2_3_0089.jpg",right,156,— de Bruchterde 576.,41
"..\He 6481 (2,2_3_0089.jpg",right,156,— Bruger 30.,42
"..\He 6481 (2,2_3_0089.jpg",right,156,— Bruyken 576.,43
"..\He 6481 (2,2_3_0089.jpg",right,156,— Brulonis al. d. de Eltze 208.,44
"..\He 6481 (2,2_3_0089.jpg",right,156,— de Brulove 576.,45
"..\He 6481 (2,2_3_0089.jpg",right,156,— d. Bruneliin 576.,46
"..\He 6481 (2,2_3_0089.jpg",right,156,— Brunynck de Sprottavia 576.,47
"..\He 6481 (2,2_3_0089.jpg",right,156,— Brunonis 576.,48
"..\He 6481 (2,2_3_0089.jpg",right,156,"— Brunonis, ep. Camin. 15 97 129 576 578 636 886 888.",49
"..\He 6481 (2,2_3_0089.jpg",right,156,— de Brunswik 577.,50
"..\He 6481 (2,2_3_0089.jpg",right,156,— Brusche v. J. Brasche.,51
"..\He 6481 (2,2_3_0089.jpg",right,156,— Bruse 1350.,52
"..\He 6481 (2,2_3_0091.jpg",left,159,Johannes Kemerer 584.,1
"..\He 6481 (2,2_3_0091.jpg",left,159,— Kemerich (Kemerik) 585.,2
"..\He 6481 (2,2_3_0091.jpg",left,159,— Kemnitz 585.,3
"..\He 6481 (2,2_3_0091.jpg",left,159,— Kempen (Kempe) 182 362 585 633 946 1039 1093 1264 1376 1418.,4
"..\He 6481 (2,2_3_0091.jpg",left,159,— Kemperer de Traiecto 579 586.,5
"..\He 6481 (2,2_3_0091.jpg",left,159,— Kempnater 1429.,6
"..\He 6481 (2,2_3_0091.jpg",left,159,— Kengel 623.,7
"..\He 6481 (2,2_3_0091.jpg",left,159,— de Kenswilse 3.,8
"..\He 6481 (2,2_3_0091.jpg",left,159,— Kerkenkraus 762.,9
"..\He 6481 (2,2_3_0091.jpg",left,159,— Kerchoff (Kerkhop) 163 586 890 1193 1377 1408.,10
"..\He 6481 (2,2_3_0091.jpg",left,159,— Kerchperger 1252.,11
"..\He 6481 (2,2_3_0091.jpg",left,159,— Cerdonis 536.,12
"..\He 6481 (2,2_3_0091.jpg",left,159,— Cerdonis de Hunberg v. J. Petri C.,13
"..\He 6481 (2,2_3_0091.jpg",left,159,— Kerseber 1377.,14
"..\He 6481 (2,2_3_0091.jpg",left,159,— Kersenecke 433 1239.,15
"..\He 6481 (2,2_3_0091.jpg",left,159,— de Cervo 587.,16
"..\He 6481 (2,2_3_0091.jpg",left,159,— de Cervo 101 102 111 194 204 215 326 334 339 340 346 351 360 365 370 372 480 484 485 500 505 574 587 632 638 663 677 712 722 727 729 774 871 1036 1067 1103 1156 1242 1272 1358.,17
"..\He 6481 (2,2_3_0091.jpg",left,159,— Cesar 1377.,18
"..\He 6481 (2,2_3_0091.jpg",left,159,— abb. mon. in Cesarea 1253 (cf. J. Hohstetten).,19
"..\He 6481 (2,2_3_0091.jpg",left,159,— Cesaris 587.,20
"..\He 6481 (2,2_3_0091.jpg",left,159,— Keseman 587.,21
"..\He 6481 (2,2_3_0091.jpg",left,159,— Kessler 2.,22
"..\He 6481 (2,2_3_0091.jpg",left,159,— Keszeler (Chessler) 63 592 804.,23
"..\He 6481 (2,2_3_0091.jpg",left,159,— Ketel (Kettel) 224 1009.,24
"..\He 6481 (2,2_3_0091.jpg",left,159,"— Ketelhoc (Ketelhake, Kettelhaken) 222 255 587.",25
"..\He 6481 (2,2_3_0091.jpg",left,159,— Ketz 588.,26
"..\He 6481 (2,2_3_0091.jpg",left,159,— Keupen 1302.,27
"..\He 6481 (2,2_3_0091.jpg",left,159,— Chewel 588.,28
"..\He 6481 (2,2_3_0091.jpg",left,159,— de Kyburg com. 588 679 776.,29
"..\He 6481 (2,2_3_0091.jpg",left,159,— Chienast 1400.,30
"..\He 6481 (2,2_3_0091.jpg",left,159,— de Chiens 588 779.,31
"..\He 6481 (2,2_3_0091.jpg",left,159,— Kietfogil 499.,32
"..\He 6481 (2,2_3_0091.jpg",left,159,— Kinder de Rynowe 588.,33
"..\He 6481 (2,2_3_0091.jpg",left,159,— Kyner 588.,34
"..\He 6481 (2,2_3_0091.jpg",left,159,— Kyner 588.,35
"..\He 6481 (2,2_3_0091.jpg",left,159,— Cingulatoris 1299.,36
"..\He 6481 (2,2_3_0091.jpg",left,159,— de Kynheim 884.,37
"..\He 6481 (2,2_3_0091.jpg",left,159,— Kynt 819.,38
"..\He 6481 (2,2_3_0091.jpg",left,159,— Cippelink 487.,39
"..\He 6481 (2,2_3_0091.jpg",left,159,— de Kippenhenselini (Klettenhenselin) de Ettenheimmunster 588.,40
"..\He 6481 (2,2_3_0091.jpg",left,159,— Kirchdorf 589.,41
"..\He 6481 (2,2_3_0091.jpg",left,159,— de Kircheim 1253.,42
"..\He 6481 (2,2_3_0090.jpg",right,158,Johannes Kalsaw 582.,1
"..\He 6481 (2,2_3_0090.jpg",right,158,— Kalsz 820.,2
"..\He 6481 (2,2_3_0090.jpg",right,158,— Kaltprunner 582.,3
"..\He 6481 (2,2_3_0090.jpg",right,158,— Chambonis 1074.,4
"..\He 6481 (2,2_3_0090.jpg",right,158,— abb. mon. in Chamentz 582.,5
"..\He 6481 (2,2_3_0090.jpg",right,158,"— ep. Camin. 15 (v. J. Brunonis, J. ep. Wladislav. etc.)",6
"..\He 6481 (2,2_3_0090.jpg",right,158,— ep. Camin. 159.,7
"..\He 6481 (2,2_3_0090.jpg",right,158,— de Caminata 985.,8
"..\He 6481 (2,2_3_0090.jpg",right,158,— Campanatoris de Diechtengassen 582.,9
"..\He 6481 (2,2_3_0090.jpg",right,158,— Campanatoris de Wissemburg 582.,10
"..\He 6481 (2,2_3_0090.jpg",right,158,— de Campis (Campo) 96 474 582 738 1033.,11
"..\He 6481 (2,2_3_0090.jpg",right,158,— de Campo 153.,12
"..\He 6481 (2,2_3_0090.jpg",right,158,— d. Chamrer 782.,13
"..\He 6481 (2,2_3_0090.jpg",right,158,— Canko 582.,14
"..\He 6481 (2,2_3_0090.jpg",right,158,— de Canfratz 580.,15
"..\He 6481 (2,2_3_0090.jpg",right,158,— Cannengheter 171.,16
"..\He 6481 (2,2_3_0090.jpg",right,158,— Cantrificis de Lympurg 1376.,17
"..\He 6481 (2,2_3_0090.jpg",right,158,— Cantus (Canti) 582.,18
"..\He 6481 (2,2_3_0090.jpg",right,158,— Capelle 583.,19
"..\He 6481 (2,2_3_0090.jpg",right,158,— Kappe 583.,20
"..\He 6481 (2,2_3_0090.jpg",right,158,— Kappenhagen 356.,21
"..\He 6481 (2,2_3_0090.jpg",right,158,— Karnkouffer al. d. Kantzeler 611.,22
"..\He 6481 (2,2_3_0090.jpg",right,158,— Carnificis 583.,23
"..\He 6481 (2,2_3_0090.jpg",right,158,— Carnificis de Kiria 1376.,24
"..\He 6481 (2,2_3_0090.jpg",right,158,— Caroli 1252 1376.,25
"..\He 6481 (2,2_3_0090.jpg",right,158,— prep. mon. s. Caroli de Ingelnheim 15 583.,26
"..\He 6481 (2,2_3_0090.jpg",right,158,— Carentanus 427.,27
"..\He 6481 (2,2_3_0090.jpg",right,158,— Carentarii 1254.,28
"..\He 6481 (2,2_3_0090.jpg",right,158,— Carentarii de Magnovernolio v. J. Johannis C.,29
"..\He 6481 (2,2_3_0090.jpg",right,158,— de Castro 512 583 954.,30
"..\He 6481 (2,2_3_0090.jpg",right,158,"— Kbel al. Westval (Westfali, Westwal, Westfalis) 701 788 1138 1250 1279.",31
"..\He 6481 (2,2_3_0090.jpg",right,158,— de Keelse 1224.,32
"..\He 6481 (2,2_3_0090.jpg",right,158,— Kehrechsner v. J. Chrechsner.,33
"..\He 6481 (2,2_3_0090.jpg",right,158,— de Keylse 94.,34
"..\He 6481 (2,2_3_0090.jpg",right,158,— Keym (v. Reym) 583.,35
"..\He 6481 (2,2_3_0090.jpg",right,158,— de Kel 5.,36
"..\He 6481 (2,2_3_0090.jpg",right,158,— Keldinick (Keldonck) 1138.,37
"..\He 6481 (2,2_3_0090.jpg",right,158,— Celerarius 584.,38
"..\He 6481 (2,2_3_0090.jpg",right,158,— Kelle 584.,39
"..\He 6481 (2,2_3_0090.jpg",right,158,— Keller de Messkilch 584.,40
"..\He 6481 (2,2_3_0090.jpg",right,158,— Keller de Stockach 1201 1252.,41
"..\He 6481 (2,2_3_0090.jpg",right,158,— Cellis 136.,42
"..\He 6481 (2,2_3_0090.jpg",right,158,— Kelner 92 584.,43
"..\He 6481 (2,2_3_0090.jpg",right,158,— Kelner 584.,44
"..\He 6481 (2,2_3_0090.jpg",right,158,— Kelner 1236.,45
"..\He 6481 (2,2_3_0090.jpg",right,158,— de Kembach 718.,46
"..\He 6481 (2,2_3_0092.jpg",left,161,Johannes Coler 593.,1
"..\He 6481 (2,2_3_0092.jpg",left,161,— Kolere 593.,2
"..\He 6481 (2,2_3_0092.jpg",left,161,— Colignonni 725.,3
"..\He 6481 (2,2_3_0092.jpg",left,161,— Colini Broncart 593.,4
"..\He 6481 (2,2_3_0092.jpg",left,161,— Collatoris 593.,5
"..\He 6481 (2,2_3_0092.jpg",left,161,— Collyn 593.,6
"..\He 6481 (2,2_3_0092.jpg",left,161,— Colne 594 1378.,7
"..\He 6481 (2,2_3_0092.jpg",left,161,— de Colnhusen 594.,8
"..\He 6481 (2,2_3_0092.jpg",left,161,— de Colonia v. J. Foychs.,9
"..\He 6481 (2,2_3_0092.jpg",left,161,— de Colonia 973.,10
"..\He 6481 (2,2_3_0092.jpg",left,161,— Colowen de Gobin 1081.,11
"..\He 6481 (2,2_3_0092.jpg",left,161,— Kome 1378.,12
"..\He 6481 (2,2_3_0092.jpg",left,161,— Chomery 1378.,13
"..\He 6481 (2,2_3_0092.jpg",left,161,— de Compostella 1222.,14
"..\He 6481 (2,2_3_0092.jpg",left,161,— Kongerode (Kongerade) 594 607.,15
"..\He 6481 (2,2_3_0092.jpg",left,161,— Kongesteyn 595.,16
"..\He 6481 (2,2_3_0092.jpg",left,161,— Conolvi 120.,17
"..\He 6481 (2,2_3_0092.jpg",left,161,— Conolinus (Conolius) 595 1378.,18
"..\He 6481 (2,2_3_0092.jpg",left,161,— Conradi de Conradivilla 595 790.,19
"..\He 6481 (2,2_3_0092.jpg",left,161,— Conradi de Volbach 595.,20
"..\He 6481 (2,2_3_0092.jpg",left,161,— (Conradi) de Lapide 616 706.,21
"..\He 6481 (2,2_3_0092.jpg",left,161,— Conradi d. Pedersen 595.,22
"..\He 6481 (2,2_3_0092.jpg",left,161,— de Constantia 1376 1383 1402.,23
"..\He 6481 (2,2_3_0092.jpg",left,161,— el. Constantinopol. 1378 1395 1421.,24
"..\He 6481 (2,2_3_0092.jpg",left,161,— Contzonis (Cuontzonis) de Werd (Werda) 596 601 1026.,25
"..\He 6481 (2,2_3_0092.jpg",left,161,— Coperdraet 596.,26
"..\He 6481 (2,2_3_0092.jpg",left,161,— Kopman 66.,27
"..\He 6481 (2,2_3_0092.jpg",left,161,— d. Kopp de Sauwelnheim 596.,28
"..\He 6481 (2,2_3_0092.jpg",left,161,— de Korbeke 1254.,29
"..\He 6481 (2,2_3_0092.jpg",left,161,— de Corde 596.,30
"..\He 6481 (2,2_3_0092.jpg",left,161,— Kormesser 1378.,31
"..\He 6481 (2,2_3_0092.jpg",left,161,— d. Cornelin 127.,32
"..\He 6481 (2,2_3_0092.jpg",left,161,— de Cosel 38.,33
"..\He 6481 (2,2_3_0092.jpg",left,161,— Koselitz 596.,34
"..\He 6481 (2,2_3_0092.jpg",left,161,— de Cosen 15.,35
"..\He 6481 (2,2_3_0092.jpg",left,161,— de Cosla 596.,36
"..\He 6481 (2,2_3_0092.jpg",left,161,— Koslaber 1254.,37
"..\He 6481 (2,2_3_0092.jpg",left,161,— tit. ss. Cosme et Damiani diac. card. v. J. Egidii.,38
"..\He 6481 (2,2_3_0092.jpg",left,161,— de Kossow 596.,39
"..\He 6481 (2,2_3_0092.jpg",left,161,— Kosterd 596.,40
"..\He 6481 (2,2_3_0092.jpg",left,161,— de Costnitz in Confluentia 1308.,41
"..\He 6481 (2,2_3_0092.jpg",left,161,— Kothner 597.,42
"..\He 6481 (2,2_3_0092.jpg",left,161,— Kottelstorffer 258 613 1210.,43
"..\He 6481 (2,2_3_0092.jpg",left,161,— Cotter 187.,44
"..\He 6481 (2,2_3_0092.jpg",left,161,— abb. mon. Chotwic. v. J. abb. mon. S. Marie Gotwic.,45
"..\He 6481 (2,2_3_0092.jpg",left,161,— Kowe 396.,46
"..\He 6481 (2,2_3_0092.jpg",left,161,— de Cozeritz 1378.,47
"..\He 6481 (2,2_3_0092.jpg",left,161,— Cracht 597.,48
"..\He 6481 (2,2_3_0092.jpg",left,161,— Craft 597.,49
"..\He 6481 (2,2_3_0092.jpg",left,161,— Craftonis 597.,50
"..\He 6481 (2,2_3_0091.jpg",right,160,Johannes de Kirchheim (Kirchem) al. de Wartenberg 234 240 733.,1
"..\He 6481 (2,2_3_0091.jpg",right,160,— Cirenere 835.,2
"..\He 6481 (2,2_3_0091.jpg",right,160,— Kyriz 1377.,3
"..\He 6481 (2,2_3_0091.jpg",right,160,— Kirschach 207.,4
"..\He 6481 (2,2_3_0091.jpg",right,160,— d. de Cys 451.,5
"..\He 6481 (2,2_3_0091.jpg",right,160,— Kistener 589.,6
"..\He 6481 (2,2_3_0091.jpg",right,160,— Cytz 589.,7
"..\He 6481 (2,2_3_0091.jpg",right,160,— Kitze 259.,8
"..\He 6481 (2,2_3_0091.jpg",right,160,— Clatze 765.,9
"..\He 6481 (2,2_3_0091.jpg",right,160,— de Cleen. 589 978.,10
"..\He 6481 (2,2_3_0091.jpg",right,160,— Cleynhaus 75 1154.,11
"..\He 6481 (2,2_3_0091.jpg",right,160,— Cleyner 589.,12
"..\He 6481 (2,2_3_0091.jpg",right,160,— Clementis de Curow 1253 1416.,13
"..\He 6481 (2,2_3_0091.jpg",right,160,— Clementis de Lagewinky 590.,14
"..\He 6481 (2,2_3_0091.jpg",right,160,— de Klingenberg 1253.,15
"..\He 6481 (2,2_3_0091.jpg",right,160,— Klypper 1253.,16
"..\He 6481 (2,2_3_0091.jpg",right,160,— Clivis v. J. Heymerici.,17
"..\He 6481 (2,2_3_0091.jpg",right,160,— Cloke (al. d. Heye) 590.,18
"..\He 6481 (2,2_3_0091.jpg",right,160,— Cloden 1234.,19
"..\He 6481 (2,2_3_0091.jpg",right,160,— Klopfer al. d. Lupus 590.,20
"..\He 6481 (2,2_3_0091.jpg",right,160,— Clomlek 106 930.,21
"..\He 6481 (2,2_3_0091.jpg",right,160,— Clovere 590.,22
"..\He 6481 (2,2_3_0091.jpg",right,160,— Cluder 590.,23
"..\He 6481 (2,2_3_0091.jpg",right,160,— Clunsevoet (Clunsevotes) 121 123 126 546 591 704.,24
"..\He 6481 (2,2_3_0091.jpg",right,160,— Clusnitz de Swydenitz 591 771.,25
"..\He 6481 (2,2_3_0091.jpg",right,160,— Cnapper 591.,26
"..\He 6481 (2,2_3_0091.jpg",right,160,— Knecht 1253.,27
"..\He 6481 (2,2_3_0091.jpg",right,160,— Knyeman 591 1372.,28
"..\He 6481 (2,2_3_0091.jpg",right,160,— Knylfgin 591.,29
"..\He 6481 (2,2_3_0091.jpg",right,160,— Knoch (Knoche) 591.,30
"..\He 6481 (2,2_3_0091.jpg",right,160,— Knochimel 591.,31
"..\He 6481 (2,2_3_0091.jpg",right,160,— Knoep 1067.,32
"..\He 6481 (2,2_3_0091.jpg",right,160,— Knoltz 592.,33
"..\He 6481 (2,2_3_0091.jpg",right,160,— Knorre 592 1422.,34
"..\He 6481 (2,2_3_0091.jpg",right,160,— Knosels 1371.,35
"..\He 6481 (2,2_3_0091.jpg",right,160,— Cobl a 868.,36
"..\He 6481 (2,2_3_0091.jpg",right,160,— Cobler 592.,37
"..\He 6481 (2,2_3_0091.jpg",right,160,— Coburger 1377.,38
"..\He 6481 (2,2_3_0091.jpg",right,160,— Cok 592.,39
"..\He 6481 (2,2_3_0091.jpg",right,160,— Kok 592.,40
"..\He 6481 (2,2_3_0091.jpg",right,160,— Coci 592.,41
"..\He 6481 (2,2_3_0091.jpg",right,160,— Coci 901.,42
"..\He 6481 (2,2_3_0091.jpg",right,160,— Coci 1253.,43
"..\He 6481 (2,2_3_0091.jpg",right,160,— Coci de Pustlist 592.,44
"..\He 6481 (2,2_3_0091.jpg",right,160,— de Cochme v. J. Christiani de C.,45
"..\He 6481 (2,2_3_0091.jpg",right,160,— Kodelman 713.,46
"..\He 6481 (2,2_3_0091.jpg",right,160,— Koes 592.,47
"..\He 6481 (2,2_3_0091.jpg",right,160,— Kogeln (Kogel) 165 593 1377.,48
"..\He 6481 (2,2_3_0091.jpg",right,160,— Colardi de Castellione 593 1253.,49
"..\He 6481 (2,2_3_0091.jpg",right,160,— de Colcke 721.,50
"..\He 6481 (2,2_3_0091.jpg",right,160,— Colentier 593 653.,51
"..\He 6481 (2,2_3_0093.jpg",left,163,Johannes Kuencing 600.,1
"..\He 6481 (2,2_3_0093.jpg",left,163,— Kuppbernagel 600 742.,2
"..\He 6481 (2,2_3_0093.jpg",left,163,— Kuyeman v. J. Knyeman.,3
"..\He 6481 (2,2_3_0093.jpg",left,163,— Culate 593.,4
"..\He 6481 (2,2_3_0093.jpg",left,163,"— Kule (Kulen, Gule) 16 600 645 685 856 1190.",5
"..\He 6481 (2,2_3_0093.jpg",left,163,— de Culenborch 336.,6
"..\He 6481 (2,2_3_0093.jpg",left,163,— ep. Culm. v. J. ep. Wladislav.,7
"..\He 6481 (2,2_3_0093.jpg",left,163,— Culmen 900.,8
"..\He 6481 (2,2_3_0093.jpg",left,163,— Cultellificis 794.,9
"..\He 6481 (2,2_3_0093.jpg",left,163,— Chumeyssse 600.,10
"..\He 6481 (2,2_3_0093.jpg",left,163,— Kumerli 1378.,11
"..\He 6481 (2,2_3_0093.jpg",left,163,— de Chuna (Cuma) 15.,12
"..\He 6481 (2,2_3_0093.jpg",left,163,— Kunstmann 988.,13
"..\He 6481 (2,2_3_0093.jpg",left,163,— Cuontzonis v. Contzonis.,14
"..\He 6481 (2,2_3_0093.jpg",left,163,— d. Cuper 600.,15
"..\He 6481 (2,2_3_0093.jpg",left,163,— Kuppel 684.,16
"..\He 6481 (2,2_3_0093.jpg",left,163,— Kurbach 601.,17
"..\He 6481 (2,2_3_0093.jpg",left,163,— de Curia 356.,18
"..\He 6481 (2,2_3_0093.jpg",left,163,— Currificis 950 1346.,19
"..\He 6481 (2,2_3_0093.jpg",left,163,— de Churring 486.,20
"..\He 6481 (2,2_3_0093.jpg",left,163,— de Kurstette 1255.,21
"..\He 6481 (2,2_3_0093.jpg",left,163,— Kurwilt 601.,22
"..\He 6481 (2,2_3_0093.jpg",left,163,— Kuschli 147.,23
"..\He 6481 (2,2_3_0093.jpg",left,163,— de Cusino 1379.,24
"..\He 6481 (2,2_3_0093.jpg",left,163,— Kusten 346.,25
"..\He 6481 (2,2_3_0093.jpg",left,163,— Kuttenboum 601.,26
"..\He 6481 (2,2_3_0093.jpg",left,163,— Cuwal 601.,27
"..\He 6481 (2,2_3_0093.jpg",left,163,— Kwonis de Rychenbach (Reichenbach) de Lubania 600 663 738 1165.,28
"..\He 6481 (2,2_3_0093.jpg",left,163,— Dabetsin (Dabertsin) 601.,29
"..\He 6481 (2,2_3_0093.jpg",left,163,— Daghemir 601.,30
"..\He 6481 (2,2_3_0093.jpg",left,163,— Dagwerke 1379.,31
"..\He 6481 (2,2_3_0093.jpg",left,163,— de Damme d. Eghester 601.,32
"..\He 6481 (2,2_3_0093.jpg",left,163,— Damprow 888.,33
"..\He 6481 (2,2_3_0093.jpg",left,163,— Danielis 601.,34
"..\He 6481 (2,2_3_0093.jpg",left,163,— Dannenberghe 1255.,35
"..\He 6481 (2,2_3_0093.jpg",left,163,— prep. eccl. Dannenberg. 1223.,36
"..\He 6481 (2,2_3_0093.jpg",left,163,— Danszman 602.,37
"..\He 6481 (2,2_3_0093.jpg",left,163,— Dapifer de Waltpurg 602 1137 1253.,38
"..\He 6481 (2,2_3_0093.jpg",left,163,— Dartzow 126.,39
"..\He 6481 (2,2_3_0093.jpg",left,163,— de Daventria 1315 1358.,40
"..\He 6481 (2,2_3_0093.jpg",left,163,— David 417.,41
"..\He 6481 (2,2_3_0093.jpg",left,163,— Dechen 602.,42
"..\He 6481 (2,2_3_0093.jpg",left,163,— Dekker 602.,43
"..\He 6481 (2,2_3_0093.jpg",left,163,— Deklacher 292 602.,44
"..\He 6481 (2,2_3_0093.jpg",left,163,— Deghen de Xanctis 602 616 799.,45
"..\He 6481 (2,2_3_0093.jpg",left,163,— Deheynhardi 906.,46
"..\He 6481 (2,2_3_0093.jpg",left,163,— Deyn 602 1255 1379.,47
"..\He 6481 (2,2_3_0093.jpg",left,163,— Delf v. J. Wit.,48
"..\He 6481 (2,2_3_0093.jpg",left,163,— de Demyn 582 796.,49
"..\He 6481 (2,2_3_0093.jpg",left,163,— Denemarken (Deynmarken) 121 602 1208.,50
"..\He 6481 (2,2_3_0090.jpg",left,157,Johannes Brutzeman 577 1290.,1
"..\He 6481 (2,2_3_0090.jpg",left,157,— Buck 577 794.,2
"..\He 6481 (2,2_3_0090.jpg",left,157,— Buchbercer 577.,3
"..\He 6481 (2,2_3_0090.jpg",left,157,— Buckeler 564 577.,4
"..\He 6481 (2,2_3_0090.jpg",left,157,— Bud 577 846.,5
"..\He 6481 (2,2_3_0090.jpg",left,157,— Budconis de Czyechel 881 1252 1300.,6
"..\He 6481 (2,2_3_0090.jpg",left,157,— de Budissin v. J. Steltzer.,7
"..\He 6481 (2,2_3_0090.jpg",left,157,— de Bueren 197.,8
"..\He 6481 (2,2_3_0090.jpg",left,157,— Bueti de Spina 743.,9
"..\He 6481 (2,2_3_0090.jpg",left,157,— d. Buhel de Gamundia 578.,10
"..\He 6481 (2,2_3_0090.jpg",left,157,— Buhzman 218.,11
"..\He 6481 (2,2_3_0090.jpg",left,157,— Buirman 578.,12
"..\He 6481 (2,2_3_0090.jpg",left,157,— Bule 1376.,13
"..\He 6481 (2,2_3_0090.jpg",left,157,— Buler 578.,14
"..\He 6481 (2,2_3_0090.jpg",left,157,— de Bulow (Bulaw) 97 214 491 578 853 1297.,15
"..\He 6481 (2,2_3_0090.jpg",left,157,— Bumman 579 988.,16
"..\He 6481 (2,2_3_0090.jpg",left,157,— Buning 579.,17
"..\He 6481 (2,2_3_0090.jpg",left,157,— abb. mon. s. Burchardi e. m. Herbipol. 1376.,18
"..\He 6481 (2,2_3_0090.jpg",left,157,— Burchgreve al. d. de Ostenwolde 579.,19
"..\He 6481 (2,2_3_0090.jpg",left,157,— de Buren 1400.,20
"..\He 6481 (2,2_3_0090.jpg",left,157,— Burggravii 1320.,21
"..\He 6481 (2,2_3_0090.jpg",left,157,— Burggravii de Suntheim 864.,22
"..\He 6481 (2,2_3_0090.jpg",left,157,— Burghardi 580.,23
"..\He 6481 (2,2_3_0090.jpg",left,157,— Burgower 739.,24
"..\He 6481 (2,2_3_0090.jpg",left,157,— Burgraber 547.,25
"..\He 6481 (2,2_3_0090.jpg",left,157,— de Burn (Burne) 580 655 816.,26
"..\He 6481 (2,2_3_0090.jpg",left,157,— de Burnhern 632.,27
"..\He 6481 (2,2_3_0090.jpg",left,157,— Burow 580.,28
"..\He 6481 (2,2_3_0090.jpg",left,157,— de Bursnitz v. J. Janonis.,29
"..\He 6481 (2,2_3_0090.jpg",left,157,— de Butzow 642.,30
"..\He 6481 (2,2_3_0090.jpg",left,157,— de Cacesio 1140.,31
"..\He 6481 (2,2_3_0090.jpg",left,157,— Kachler 580.,32
"..\He 6481 (2,2_3_0090.jpg",left,157,— de Kagenecke 344 580 811 914.,33
"..\He 6481 (2,2_3_0090.jpg",left,157,— d. Kalart 305.,34
"..\He 6481 (2,2_3_0090.jpg",left,157,— Calkar 637 1015.,35
"..\He 6481 (2,2_3_0090.jpg",left,157,— Calkar de Goch 581.,36
"..\He 6481 (2,2_3_0090.jpg",left,157,— Caldehoff 581.,37
"..\He 6481 (2,2_3_0090.jpg",left,157,— Calder 938.,38
"..\He 6481 (2,2_3_0090.jpg",left,157,— Kaley sen 581.,39
"..\He 6481 (2,2_3_0090.jpg",left,157,— Kalen 581.,40
"..\He 6481 (2,2_3_0090.jpg",left,157,— d. Calende 1027.,41
"..\He 6481 (2,2_3_0090.jpg",left,157,— Kalersperger 581.,42
"..\He 6481 (2,2_3_0090.jpg",left,157,— de Calven 582 1314.,43
"..\He 6481 (2,2_3_0090.jpg",left,157,— Kalff 581.,44
"..\He 6481 (2,2_3_0090.jpg",left,157,— de Caliga 581.,45
"..\He 6481 (2,2_3_0090.jpg",left,157,— Calignoni 726.,46
"..\He 6481 (2,2_3_0090.jpg",left,157,— Calmenken (Culmenken) de Kempen 440.,47
"..\He 6481 (2,2_3_0090.jpg",left,157,— Kalow 581.,48
"..\He 6481 (2,2_3_0094.jpg",left,165,Johannes Dribelsheim 454.,1
"..\He 6481 (2,2_3_0094.jpg",left,165,— de Dryborg 608.,2
"..\He 6481 (2,2_3_0094.jpg",left,165,— de Drynleve v. Dreyngleve.,3
"..\He 6481 (2,2_3_0094.jpg",left,165,— Druchcleff (Druchtleyff) 447 484.,4
"..\He 6481 (2,2_3_0094.jpg",left,165,— Drusonis 937.,5
"..\He 6481 (2,2_3_0094.jpg",left,165,— Drutzin 1255.,6
"..\He 6481 (2,2_3_0094.jpg",left,165,— Duban 608.,7
"..\He 6481 (2,2_3_0094.jpg",left,165,— Dubeney 519.,8
"..\He 6481 (2,2_3_0094.jpg",left,165,— Ducherwescher de Lymburg 609.,9
"..\He 6481 (2,2_3_0094.jpg",left,165,— Duer 1380.,10
"..\He 6481 (2,2_3_0094.jpg",left,165,— Duvel 609.,11
"..\He 6481 (2,2_3_0094.jpg",left,165,— Duvel 609 845.,12
"..\He 6481 (2,2_3_0094.jpg",left,165,"— de Dulmen, ep. Lubic. 17 98 176 333 502 523 609 685 810 952 1121 1225 1264 1284 1404.",13
"..\He 6481 (2,2_3_0094.jpg",left,165,— Dumnig 610.,14
"..\He 6481 (2,2_3_0094.jpg",left,165,— Dumpel 650.,15
"..\He 6481 (2,2_3_0094.jpg",left,165,— de Dunghen 992.,16
"..\He 6481 (2,2_3_0094.jpg",left,165,— Durcopp 610.,17
"..\He 6481 (2,2_3_0094.jpg",left,165,— de Duren 332.,18
"..\He 6481 (2,2_3_0094.jpg",left,165,— de Durlach 1346 1380.,19
"..\He 6481 (2,2_3_0094.jpg",left,165,— Durlin de Weissenburg 610.,20
"..\He 6481 (2,2_3_0094.jpg",left,165,— de Dursten 610.,21
"..\He 6481 (2,2_3_0094.jpg",left,165,— Dusche v. J. Henrici.,22
"..\He 6481 (2,2_3_0094.jpg",left,165,— Dusterdael 770.,23
"..\He 6481 (2,2_3_0094.jpg",left,165,— Dusteren 1380.,24
"..\He 6481 (2,2_3_0094.jpg",left,165,— de Dutzellen 1083.,25
"..\He 6481 (2,2_3_0094.jpg",left,165,— Eberbach 614.,26
"..\He 6481 (2,2_3_0094.jpg",left,165,— Eberhardi de Gemmingen 1255.,27
"..\He 6481 (2,2_3_0094.jpg",left,165,— Eberhardi de Plawen 1255.,28
"..\He 6481 (2,2_3_0094.jpg",left,165,— Eberhardi Schenken 412.,29
"..\He 6481 (2,2_3_0094.jpg",left,165,— Eberlini 611.,30
"..\He 6481 (2,2_3_0094.jpg",left,165,— baro de Eberstorf 611.,31
"..\He 6481 (2,2_3_0094.jpg",left,165,— Ebir 1309.,32
"..\He 6481 (2,2_3_0094.jpg",left,165,— Ebser 289 893.,33
"..\He 6481 (2,2_3_0094.jpg",left,165,— Eck 1255.,34
"..\He 6481 (2,2_3_0094.jpg",left,165,— Eckelonis 611.,35
"..\He 6481 (2,2_3_0094.jpg",left,165,— Eckendorff 1380.,36
"..\He 6481 (2,2_3_0094.jpg",left,165,— Eker 592.,37
"..\He 6481 (2,2_3_0094.jpg",left,165,— de Eckern 117.,38
"..\He 6481 (2,2_3_0094.jpg",left,165,— Eckernhol 611.,39
"..\He 6481 (2,2_3_0094.jpg",left,165,— de Eckirsperge (Ekkersberge) 148 305 496 611 1265 1423.,40
"..\He 6481 (2,2_3_0094.jpg",left,165,— Ekstede v. J. Eykstede.,41
"..\He 6481 (2,2_3_0094.jpg",left,165,— Edeleri 612 976 1348.,42
"..\He 6481 (2,2_3_0094.jpg",left,165,— de Eeck 719.,43
"..\He 6481 (2,2_3_0094.jpg",left,165,— de Eeppe 612.,44
"..\He 6481 (2,2_3_0094.jpg",left,165,— Eger de Novoforo 1256.,45
"..\He 6481 (2,2_3_0094.jpg",left,165,— Egger 1062.,46
"..\He 6481 (2,2_3_0094.jpg",left,165,— Eghardi 224.,47
"..\He 6481 (2,2_3_0094.jpg",left,165,"— Egidii, tit. ss. Cosme et Damiani diac. card. 16 612 1254 1384.",48
"..\He 6481 (2,2_3_0094.jpg",left,165,"— de Egloffstein, ep. Herbipol. 180",49
"..\He 6481 (2,2_3_0092.jpg",right,162,Johannes Kragen 1124.,1
"..\He 6481 (2,2_3_0092.jpg",right,162,— Cramer 597 1245.,2
"..\He 6481 (2,2_3_0092.jpg",right,162,— Kramer de Reuedlingen 597.,3
"..\He 6481 (2,2_3_0092.jpg",right,162,— Cramme 597.,4
"..\He 6481 (2,2_3_0092.jpg",right,162,— Crantz 131.,5
"..\He 6481 (2,2_3_0092.jpg",right,162,— Cratz 450.,6
"..\He 6481 (2,2_3_0092.jpg",right,162,— Krauch de Wimpina 598 (cf. J. Kruter de Wimpina).,7
"..\He 6481 (2,2_3_0092.jpg",right,162,— Krekenbeke 598.,8
"..\He 6481 (2,2_3_0092.jpg",right,162,— Chrechsner (Kehrechsner) 583 598.,9
"..\He 6481 (2,2_3_0092.jpg",right,162,— Creydel 598.,10
"..\He 6481 (2,2_3_0092.jpg",right,162,— Creying (Creynch) 598 1273.,11
"..\He 6481 (2,2_3_0092.jpg",right,162,— Creynt d. Dybboldes 598.,12
"..\He 6481 (2,2_3_0092.jpg",right,162,— Creyt 447 1209.,13
"..\He 6481 (2,2_3_0092.jpg",right,162,— Cremer 598.,14
"..\He 6481 (2,2_3_0092.jpg",right,162,— Cremer de Brilon 596.,15
"..\He 6481 (2,2_3_0092.jpg",right,162,— Cremers 1378.,16
"..\He 6481 (2,2_3_0092.jpg",right,162,— Chrempe 820.,17
"..\He 6481 (2,2_3_0092.jpg",right,162,— Kride de Wetzflaria 1254.,18
"..\He 6481 (2,2_3_0092.jpg",right,162,— Krieger 598.,19
"..\He 6481 (2,2_3_0092.jpg",right,162,— Kripp 599.,20
"..\He 6481 (2,2_3_0092.jpg",right,162,— Crismaer (Crismar) 71 679 989.,21
"..\He 6481 (2,2_3_0092.jpg",right,162,— Cristiani 1254.,22
"..\He 6481 (2,2_3_0092.jpg",right,162,— Christiani 1378.,23
"..\He 6481 (2,2_3_0092.jpg",right,162,— Cristiani de Cochme 489 592 599.,24
"..\He 6481 (2,2_3_0092.jpg",right,162,— Cristiani de Erpel 353 599.,25
"..\He 6481 (2,2_3_0092.jpg",right,162,— Cristiani de Wevelinghe 1254.,26
"..\He 6481 (2,2_3_0092.jpg",right,162,— Cristmaet v. J. Crismaer.,27
"..\He 6481 (2,2_3_0092.jpg",right,162,— d. Kroich 599.,28
"..\He 6481 (2,2_3_0092.jpg",right,162,— Crom 422.,29
"..\He 6481 (2,2_3_0092.jpg",right,162,— Cronenberg 599.,30
"..\He 6481 (2,2_3_0092.jpg",right,162,— de Cronenberg (Cronenborgh) 599.,31
"..\He 6481 (2,2_3_0092.jpg",right,162,— Croner 1378.,32
"..\He 6481 (2,2_3_0092.jpg",right,162,— d. Crugh de Eringhen 599.,33
"..\He 6481 (2,2_3_0092.jpg",right,162,— Cruikeberch (Crukenberg) de Amelen 599 622 777.,34
"..\He 6481 (2,2_3_0092.jpg",right,162,— abb. mon. in Cruitzlingen 259.,35
"..\He 6481 (2,2_3_0092.jpg",right,162,— Crumpein 419.,36
"..\He 6481 (2,2_3_0092.jpg",right,162,— Crumwater 623.,37
"..\He 6481 (2,2_3_0092.jpg",right,162,— Cruse 1254.,38
"..\He 6481 (2,2_3_0092.jpg",right,162,— Cruse Deystide 1254.,39
"..\He 6481 (2,2_3_0092.jpg",right,162,— Crusel v. J. Grusel.,40
"..\He 6481 (2,2_3_0092.jpg",right,162,— Crusibuli al. d. Nondorp 1104.,41
"..\He 6481 (2,2_3_0092.jpg",right,162,— Kruter de Winpina 599.,42
"..\He 6481 (2,2_3_0092.jpg",right,162,— de Crutzeburg 600.,43
"..\He 6481 (2,2_3_0092.jpg",right,162,— Crux al. d. Longusrasor de Brisaco 1254.,44
"..\He 6481 (2,2_3_0092.jpg",right,162,— Cubik 600.,45
"..\He 6481 (2,2_3_0092.jpg",right,162,— Kuken 791.,46
"..\He 6481 (2,2_3_0092.jpg",right,162,— Kuchen de Wildungen 600 718.,47
"..\He 6481 (2,2_3_0092.jpg",right,162,— Kuchenbecker 1254 1275.,48
"..\He 6481 (2,2_3_0092.jpg",right,162,— Cukynch 1255.,49
"..\He 6481 (2,2_3_0092.jpg",right,162,— de Kudencoven 600.,50
"..\He 6481 (2,2_3_0093.jpg",right,164,Johannes d. Derbrudere 604 1379.,1
"..\He 6481 (2,2_3_0093.jpg",right,164,— der Irlich 674.,2
"..\He 6481 (2,2_3_0093.jpg",right,164,— Derrer 604.,3
"..\He 6481 (2,2_3_0093.jpg",right,164,— de Ders 426 771.,4
"..\He 6481 (2,2_3_0093.jpg",right,164,— Desen de Monthabur 604.,5
"..\He 6481 (2,2_3_0093.jpg",right,164,— de Desle 145.,6
"..\He 6481 (2,2_3_0093.jpg",right,164,— de Dessyn 605.,7
"..\He 6481 (2,2_3_0093.jpg",right,164,— Detmari 605.,8
"..\He 6481 (2,2_3_0093.jpg",right,164,— de Dyck (Dicke) 880.,9
"..\He 6481 (2,2_3_0093.jpg",right,164,— d. Dier 87.,10
"..\He 6481 (2,2_3_0093.jpg",right,164,— Dietschonis de Novillari 786.,11
"..\He 6481 (2,2_3_0093.jpg",right,164,— Digni 485.,12
"..\He 6481 (2,2_3_0093.jpg",right,164,— de Djjch (Dich) 605 702.,13
"..\He 6481 (2,2_3_0093.jpg",right,164,— Dylonis de Cruzenacho 605 1002 1274 1286 1379.,14
"..\He 6481 (2,2_3_0093.jpg",right,164,— Dymar 1379.,15
"..\He 6481 (2,2_3_0093.jpg",right,164,— Dinghen 512.,16
"..\He 6481 (2,2_3_0093.jpg",right,164,— Dypoltswalde 569.,17
"..\He 6481 (2,2_3_0093.jpg",right,164,— de Dirnen 606.,18
"..\He 6481 (2,2_3_0093.jpg",right,164,— d. Dystel 606.,19
"..\He 6481 (2,2_3_0093.jpg",right,164,— Ditmari 606.,20
"..\He 6481 (2,2_3_0093.jpg",right,164,— Dytmari de Wetzflaria 606.,21
"..\He 6481 (2,2_3_0093.jpg",right,164,— Ditwini 606.,22
"..\He 6481 (2,2_3_0093.jpg",right,164,— abb. mon. in Doberan 491 606.,23
"..\He 6481 (2,2_3_0093.jpg",right,164,— Dobertendorf de Wyda 606.,24
"..\He 6481 (2,2_3_0093.jpg",right,164,— de Dodelesche 606.,25
"..\He 6481 (2,2_3_0093.jpg",right,164,— Doleatoris 439.,26
"..\He 6481 (2,2_3_0093.jpg",right,164,— Doleatoris 607.,27
"..\He 6481 (2,2_3_0093.jpg",right,164,— Doleatoris de Northusen 607.,28
"..\He 6481 (2,2_3_0093.jpg",right,164,— Doliatoris de Milsungen 981.,29
"..\He 6481 (2,2_3_0093.jpg",right,164,— de Domaskirche v. J. Henrici.,30
"..\He 6481 (2,2_3_0093.jpg",right,164,— Dominici 607.,31
"..\He 6481 (2,2_3_0093.jpg",right,164,— Dominici de Eugubio 196 607.,32
"..\He 6481 (2,2_3_0093.jpg",right,164,— Dondorffer de Steynach 607.,33
"..\He 6481 (2,2_3_0093.jpg",right,164,— de Donghen 607.,34
"..\He 6481 (2,2_3_0093.jpg",right,164,— Dorfner 1379.,35
"..\He 6481 (2,2_3_0093.jpg",right,164,— Doringi de Legnitz 277 544.,36
"..\He 6481 (2,2_3_0093.jpg",right,164,— de Dorlaghe 238 607 1255 1379.,37
"..\He 6481 (2,2_3_0093.jpg",right,164,— de Dorlaw 924.,38
"..\He 6481 (2,2_3_0093.jpg",right,164,— Dorn 432 599 608 777.,39
"..\He 6481 (2,2_3_0093.jpg",right,164,— Dornstede 608.,40
"..\He 6481 (2,2_3_0093.jpg",right,164,— Dorp 1380.,41
"..\He 6481 (2,2_3_0093.jpg",right,164,— de Dorpmunde 608.,42
"..\He 6481 (2,2_3_0093.jpg",right,164,— Dorrolf de Bopardia 1380.,43
"..\He 6481 (2,2_3_0093.jpg",right,164,— Dorsner 1335.,44
"..\He 6481 (2,2_3_0093.jpg",right,164,— d. Dotzler 608.,45
"..\He 6481 (2,2_3_0093.jpg",right,164,— Dracheportz 608.,46
"..\He 6481 (2,2_3_0093.jpg",right,164,— Drachportz 608.,47
"..\He 6481 (2,2_3_0093.jpg",right,164,— Dragusch 608.,48
"..\He 6481 (2,2_3_0093.jpg",right,164,— Dreyman 1380.,49
"..\He 6481 (2,2_3_0093.jpg",right,164,— de Dreyneve 838 873.,50
"..\He 6481 (2,2_3_0093.jpg",right,164,— Drentzk 640.,51
"..\He 6481 (2,2_3_0093.jpg",right,164,— Dryar 1263.,52
"..\He 6481 (2,2_3_0094.jpg",right,166,320 494 612 643 662 777 828 850 949 994 1124 1210 1215 1218 1240 1250 1255 1256 1307 1312 1321 1344 1357 1373 1385.,1
"..\He 6481 (2,2_3_0094.jpg",right,166,Johannes abb. mon. Egmond. 1256.,2
"..\He 6481 (2,2_3_0094.jpg",right,166,— Egner 280 477 613 614 986 1124.,3
"..\He 6481 (2,2_3_0094.jpg",right,166,— Egner de Austria 613.,4
"..\He 6481 (2,2_3_0094.jpg",right,166,— de Egwil al. d. Illsungk 556 613 670 937 1256.,5
"..\He 6481 (2,2_3_0094.jpg",right,166,— Ehinger 614 1411.,6
"..\He 6481 (2,2_3_0094.jpg",right,166,— de Eykstede 577 1290.,7
"..\He 6481 (2,2_3_0094.jpg",right,166,— Eygner v. J. Egner.,8
"..\He 6481 (2,2_3_0094.jpg",right,166,— de Eymbeke v. J. de Embeke.,9
"..\He 6481 (2,2_3_0094.jpg",right,166,— Eymbeke al. d. de Ulssen 1380.,10
"..\He 6481 (2,2_3_0094.jpg",right,166,— Eyrborck 614.,11
"..\He 6481 (2,2_3_0094.jpg",right,166,— Eyschleben 851.,12
"..\He 6481 (2,2_3_0094.jpg",right,166,— de Eyteren 674.,13
"..\He 6481 (2,2_3_0094.jpg",right,166,— prep. mon. in Eldena 1106.,14
"..\He 6481 (2,2_3_0094.jpg",right,166,— de Elen 563 835.,15
"..\He 6481 (2,2_3_0094.jpg",right,166,— Eleri 615.,16
"..\He 6481 (2,2_3_0094.jpg",right,166,— de Elver 615.,17
"..\He 6481 (2,2_3_0094.jpg",right,166,— Elverkinch 615.,18
"..\He 6481 (2,2_3_0094.jpg",right,166,— Ellenpach (Elnbach) 257 615 1128.,19
"..\He 6481 (2,2_3_0094.jpg",right,166,— de Ellingerode 1101.,20
"..\He 6481 (2,2_3_0094.jpg",right,166,— Elmeshorne 895.,21
"..\He 6481 (2,2_3_0094.jpg",right,166,— Elnbach v. J. Ellenpach.,22
"..\He 6481 (2,2_3_0094.jpg",right,166,— Elreboern minor de Aquis 615.,23
"..\He 6481 (2,2_3_0094.jpg",right,166,— Elrechinger 615.,24
"..\He 6481 (2,2_3_0094.jpg",right,166,— Elseszer 1380.,25
"..\He 6481 (2,2_3_0094.jpg",right,166,— de Elte 179 615.,26
"..\He 6481 (2,2_3_0094.jpg",right,166,— de Embeke (Eymbeke) 57 614 1314.,27
"..\He 6481 (2,2_3_0094.jpg",right,166,— Ember 175 584 585 615 1023.,28
"..\He 6481 (2,2_3_0094.jpg",right,166,— Emkonis de Nassaw 616.,29
"..\He 6481 (2,2_3_0094.jpg",right,166,— abb. mon. s. Emerami Ratispon. 616 1070 1131.,30
"..\He 6481 (2,2_3_0094.jpg",right,166,— Emerici de Clivis 616.,31
"..\He 6481 (2,2_3_0094.jpg",right,166,— Emmelonis Rode de Rudesheim 616.,32
"..\He 6481 (2,2_3_0094.jpg",right,166,— Emmerici de Reningersburch 616.,33
"..\He 6481 (2,2_3_0094.jpg",right,166,— de Empach v. J. Ottonis de E.,34
"..\He 6481 (2,2_3_0094.jpg",right,166,— Engel 865.,35
"..\He 6481 (2,2_3_0094.jpg",right,166,— Engelen 617.,36
"..\He 6481 (2,2_3_0094.jpg",right,166,— Engelhardi de Hohenstein 402.,37
"..\He 6481 (2,2_3_0094.jpg",right,166,— Engelnhusen de Liche 617.,38
"..\He 6481 (2,2_3_0094.jpg",right,166,— de Engelsheim 617 1256.,39
"..\He 6481 (2,2_3_0094.jpg",right,166,— de Engelsorn de Goch 617.,40
"..\He 6481 (2,2_3_0094.jpg",right,166,— Engilbrecht 1256.,41
"..\He 6481 (2,2_3_0094.jpg",right,166,— el. Equin. 422.,42
"..\He 6481 (2,2_3_0094.jpg",right,166,— d. Erbaiter 617.,43
"..\He 6481 (2,2_3_0094.jpg",right,166,— Erkini v. J. Ernkini.,44
"..\He 6481 (2,2_3_0094.jpg",right,166,— Eremstorfer 654.,45
"..\He 6481 (2,2_3_0094.jpg",right,166,— Eresinger 619.,46
"..\He 6481 (2,2_3_0094.jpg",right,166,— Erphonis al. d. Steynhuser 1256.,47
"..\He 6481 (2,2_3_0094.jpg",right,166,— Erlacher 844.,48
"..\He 6481 (2,2_3_0095.jpg",left,167,Johannes Erlini 1014 1256.,1
"..\He 6481 (2,2_3_0095.jpg",left,167,— Ernkini 351 603 617.,2
"..\He 6481 (2,2_3_0095.jpg",left,167,— Ernesti de Bocholdia 966.,3
"..\He 6481 (2,2_3_0095.jpg",left,167,— Ernst 617 1257.,4
"..\He 6481 (2,2_3_0095.jpg",left,167,— de Erpel v. J. Cristiani de E.,5
"..\He 6481 (2,2_3_0095.jpg",left,167,— de Esch 319.,6
"..\He 6481 (2,2_3_0095.jpg",left,167,— Escas 603.,7
"..\He 6481 (2,2_3_0095.jpg",left,167,— de Escherdorpe 827.,8
"..\He 6481 (2,2_3_0095.jpg",left,167,— Esenhem 1274.,9
"..\He 6481 (2,2_3_0095.jpg",left,167,— de Esschenwege 188.,10
"..\He 6481 (2,2_3_0095.jpg",left,167,— de Essendio 491.,11
"..\He 6481 (2,2_3_0095.jpg",left,167,— Ewelshart 618.,12
"..\He 6481 (2,2_3_0095.jpg",left,167,— Everhardi v. J. Eberhardi.,13
"..\He 6481 (2,2_3_0095.jpg",left,167,— Evershem 1372.,14
"..\He 6481 (2,2_3_0095.jpg",left,167,— Faber de Muwer 618.,15
"..\He 6481 (2,2_3_0095.jpg",left,167,— Fabri 634 831.,16
"..\He 6481 (2,2_3_0095.jpg",left,167,— Fabri de Gundersleibin 300 687.,17
"..\He 6481 (2,2_3_0095.jpg",left,167,— Fabri de Gutenstad 1381.,18
"..\He 6481 (2,2_3_0095.jpg",left,167,— Fabri Hochet 618.,19
"..\He 6481 (2,2_3_0095.jpg",left,167,— Fabri de Malsung 618.,20
"..\He 6481 (2,2_3_0095.jpg",left,167,— Fabri de Morin 618.,21
"..\He 6481 (2,2_3_0095.jpg",left,167,— Fabri de Oppenheim v. J. Wentzonis F.,22
"..\He 6481 (2,2_3_0095.jpg",left,167,— Fabri de Spangenberg 618.,23
"..\He 6481 (2,2_3_0095.jpg",left,167,— Fabri de Thanna 84.,24
"..\He 6481 (2,2_3_0095.jpg",left,167,— Fabri al. d. de Tennele 764.,25
"..\He 6481 (2,2_3_0095.jpg",left,167,— Valk 303 619 1257 1354 1381 1404.,26
"..\He 6481 (2,2_3_0095.jpg",left,167,— Valk de Xanctis 1257.,27
"..\He 6481 (2,2_3_0095.jpg",left,167,— Valken 317.,28
"..\He 6481 (2,2_3_0095.jpg",left,167,— Valkenaer de Breda 619.,29
"..\He 6481 (2,2_3_0095.jpg",left,167,— de Falkinberg 1413.,30
"..\He 6481 (2,2_3_0095.jpg",left,167,— de Phalezen 926.,31
"..\He 6481 (2,2_3_0095.jpg",left,167,"— Valrode, aep. Rigen. 738 818 1381 1416 1428.",32
"..\He 6481 (2,2_3_0095.jpg",left,167,— Vammese 675.,33
"..\He 6481 (2,2_3_0095.jpg",left,167,— Phanczagel (Phankzagel) de Haslach 78 619 1063.,34
"..\He 6481 (2,2_3_0095.jpg",left,167,— van den Berghe 826.,35
"..\He 6481 (2,2_3_0095.jpg",left,167,— van den Poel 793.,36
"..\He 6481 (2,2_3_0095.jpg",left,167,— van den Weghe de Isendoren 1399.,37
"..\He 6481 (2,2_3_0095.jpg",left,167,— Vanderbeke 99.,38
"..\He 6481 (2,2_3_0095.jpg",left,167,— van der Braeck 1315.,39
"..\He 6481 (2,2_3_0095.jpg",left,167,— Vandervetterhennen 619.,40
"..\He 6481 (2,2_3_0095.jpg",left,167,— van der Warden 781 1278.,41
"..\He 6481 (2,2_3_0095.jpg",left,167,— Vanhorne 101.,42
"..\He 6481 (2,2_3_0095.jpg",left,167,— Vanmeloën 918.,43
"..\He 6481 (2,2_3_0095.jpg",left,167,— van Stralen 766.,44
"..\He 6481 (2,2_3_0095.jpg",left,167,— Farnower 619.,45
"..\He 6481 (2,2_3_0095.jpg",left,167,— Vascow 619.,46
"..\He 6481 (2,2_3_0095.jpg",left,167,— Faschwy 397.,47
"..\He 6481 (2,2_3_0095.jpg",left,167,— Vecker de Milsungen 619.,48
"..\He 6481 (2,2_3_0095.jpg",left,167,— Fedir 1161.,49
"..\He 6481 (2,2_3_0095.jpg",left,167,— de Fedis 474.,50
"..\He 6481 (2,2_3_0096.jpg",left,169,Johannes Fleychs 624.,1
"..\He 6481 (2,2_3_0096.jpg",left,169,— Flemming 624.,2
"..\He 6481 (2,2_3_0096.jpg",left,169,— Vlesser 624.,3
"..\He 6481 (2,2_3_0096.jpg",left,169,— d. Fliger 624.,4
"..\He 6481 (2,2_3_0096.jpg",left,169,— Vlogel 225.,5
"..\He 6481 (2,2_3_0096.jpg",left,169,— Flonheim 127 529 624 656 746 1027.,6
"..\He 6481 (2,2_3_0096.jpg",left,169,— dec. eccl. s. Florini in Confluentia 1246.,7
"..\He 6481 (2,2_3_0096.jpg",left,169,— Vock 625.,8
"..\He 6481 (2,2_3_0096.jpg",left,169,— Vockenbecke 456 625.,9
"..\He 6481 (2,2_3_0096.jpg",left,169,— Vocht 689.,10
"..\He 6481 (2,2_3_0096.jpg",left,169,— Voeghel 625.,11
"..\He 6481 (2,2_3_0096.jpg",left,169,— Voes de Solingen 189 440 626 648 660 664.,12
"..\He 6481 (2,2_3_0096.jpg",left,169,— Voghel 491 1097.,13
"..\He 6481 (2,2_3_0096.jpg",left,169,— Voghel 1039 1316.,14
"..\He 6481 (2,2_3_0096.jpg",left,169,— Vogel 1382.,15
"..\He 6481 (2,2_3_0096.jpg",left,169,— Vogel (Woghel) 1382.,16
"..\He 6481 (2,2_3_0096.jpg",left,169,— Fogeler 625.,17
"..\He 6481 (2,2_3_0096.jpg",left,169,— Vogelin 1126.,18
"..\He 6481 (2,2_3_0096.jpg",left,169,— Vogelsang de Bopardia 1257.,19
"..\He 6481 (2,2_3_0096.jpg",left,169,— Vogelstorp 625.,20
"..\He 6481 (2,2_3_0096.jpg",left,169,— Voget 1206.,21
"..\He 6481 (2,2_3_0096.jpg",left,169,— Vogt 1382.,22
"..\He 6481 (2,2_3_0096.jpg",left,169,— Vogt al. Vogthans 218.,23
"..\He 6481 (2,2_3_0096.jpg",left,169,— Foychs de Colonia 534 625.,24
"..\He 6481 (2,2_3_0096.jpg",left,169,— Foydt de Sodil 625.,25
"..\He 6481 (2,2_3_0096.jpg",left,169,— de Volkestorff 154.,26
"..\He 6481 (2,2_3_0096.jpg",left,169,— de Volenzate 625.,27
"..\He 6481 (2,2_3_0096.jpg",left,169,— de Volgena 625.,28
"..\He 6481 (2,2_3_0096.jpg",left,169,— Volhan 1347.,29
"..\He 6481 (2,2_3_0096.jpg",left,169,— Volquini 1257.,30
"..\He 6481 (2,2_3_0096.jpg",left,169,— Volquini de Wichterich 625.,31
"..\He 6481 (2,2_3_0096.jpg",left,169,— Foltzonis de Sobernheim 625 1260 1274.,32
"..\He 6481 (2,2_3_0096.jpg",left,169,— Vomthorne 626.,33
"..\He 6481 (2,2_3_0096.jpg",left,169,— Vonderwesten 626.,34
"..\He 6481 (2,2_3_0096.jpg",left,169,— von Grasse (Vongrast) 1391.,35
"..\He 6481 (2,2_3_0096.jpg",left,169,— Voord 626.,36
"..\He 6481 (2,2_3_0096.jpg",left,169,— Vorch 626.,37
"..\He 6481 (2,2_3_0096.jpg",left,169,— de Vorden 567.,38
"..\He 6481 (2,2_3_0096.jpg",left,169,— Forsch 1382.,39
"..\He 6481 (2,2_3_0096.jpg",left,169,— d. Forster 1135.,40
"..\He 6481 (2,2_3_0096.jpg",left,169,— Vorwerk 1382.,41
"..\He 6481 (2,2_3_0096.jpg",left,169,— Vos v. J. Voes.,42
"..\He 6481 (2,2_3_0096.jpg",left,169,— Vos 626 847 1382.,43
"..\He 6481 (2,2_3_0096.jpg",left,169,— Vos 627.,44
"..\He 6481 (2,2_3_0096.jpg",left,169,— Vos 1241.,45
"..\He 6481 (2,2_3_0096.jpg",left,169,— Frafel 627.,46
"..\He 6481 (2,2_3_0096.jpg",left,169,— de Franck 627.,47
"..\He 6481 (2,2_3_0096.jpg",left,169,— Frank 1257.,48
"..\He 6481 (2,2_3_0096.jpg",left,169,— Franke 627.,49
"..\He 6481 (2,2_3_0096.jpg",left,169,— Franke al. Nosberg 1382.,50
"..\He 6481 (2,2_3_0096.jpg",right,170,Johannes Franckensteyn 627.,1
"..\He 6481 (2,2_3_0096.jpg",right,170,— de Francfordia 627.,2
"..\He 6481 (2,2_3_0096.jpg",right,170,— Francko 268.,3
"..\He 6481 (2,2_3_0096.jpg",right,170,— Franconis 627.,4
"..\He 6481 (2,2_3_0096.jpg",right,170,— Fredelant v. J. Lubbin.,5
"..\He 6481 (2,2_3_0096.jpg",right,170,— Frederici de Mursze (Moerse). 326 627,6
"..\He 6481 (2,2_3_0096.jpg",right,170,— d. Freysze 627.,7
"..\He 6481 (2,2_3_0096.jpg",right,170,— Frenkel 1147.,8
"..\He 6481 (2,2_3_0096.jpg",right,170,— Friberg 627 1257.,9
"..\He 6481 (2,2_3_0096.jpg",right,170,— Frivolt 1153.,10
"..\He 6481 (2,2_3_0096.jpg",right,170,— Frig 1257.,11
"..\He 6481 (2,2_3_0096.jpg",right,170,— Frigen 1231.,12
"..\He 6481 (2,2_3_0096.jpg",right,170,— Vrilinghusen 627.,13
"..\He 6481 (2,2_3_0096.jpg",right,170,— Fritze 1428.,14
"..\He 6481 (2,2_3_0096.jpg",right,170,— Vrytzen 1382.,15
"..\He 6481 (2,2_3_0096.jpg",right,170,— Fritzonis 627 825.,16
"..\He 6481 (2,2_3_0096.jpg",right,170,— Froewler al. de Hirtzbach 628.,17
"..\He 6481 (2,2_3_0096.jpg",right,170,— Frosch de Franckfordia 628.,18
"..\He 6481 (2,2_3_0096.jpg",right,170,— Fruntsperger 887.,19
"..\He 6481 (2,2_3_0096.jpg",right,170,— Frutschim al. d. Bere 628.,20
"..\He 6481 (2,2_3_0096.jpg",right,170,— Fuchs 628.,21
"..\He 6481 (2,2_3_0096.jpg",right,170,— Fuerin ad Rosam Oltingen v. J. Wernheri F.,22
"..\He 6481 (2,2_3_0096.jpg",right,170,— Fueterer 628.,23
"..\He 6481 (2,2_3_0096.jpg",right,170,— Vuystgin al. d. Lantzenbach de Siberg 1383.,24
"..\He 6481 (2,2_3_0096.jpg",right,170,— abb. Fulden. 59 476 628 973.,25
"..\He 6481 (2,2_3_0096.jpg",right,170,— d. Fulgrabe 866.,26
"..\He 6481 (2,2_3_0096.jpg",right,170,— Fulgrabe 1061.,27
"..\He 6481 (2,2_3_0096.jpg",right,170,— Vulhase 1258.,28
"..\He 6481 (2,2_3_0096.jpg",right,170,— Vullegraven (Vulgrave) 547 628.,29
"..\He 6481 (2,2_3_0096.jpg",right,170,— de Fundo 16.,30
"..\He 6481 (2,2_3_0096.jpg",right,170,— de Fuschis de Bononia 314 431 593 629 631 674 1173.,31
"..\He 6481 (2,2_3_0096.jpg",right,170,— Fusoris 330.,32
"..\He 6481 (2,2_3_0096.jpg",right,170,— Gael 7.,33
"..\He 6481 (2,2_3_0096.jpg",right,170,— Gaerde de Wyc 629.,34
"..\He 6481 (2,2_3_0096.jpg",right,170,— Galdast 555.,35
"..\He 6481 (2,2_3_0096.jpg",right,170,— Galeaz dux Mediolan. 822.,36
"..\He 6481 (2,2_3_0096.jpg",right,170,— Galli 1258.,37
"..\He 6481 (2,2_3_0096.jpg",right,170,— Galvani de Romanciis 629.,38
"..\He 6481 (2,2_3_0096.jpg",right,170,— Gamme (Gammen) 358 630 1111.,39
"..\He 6481 (2,2_3_0096.jpg",right,170,— d. Gans 630.,40
"..\He 6481 (2,2_3_0096.jpg",right,170,— Gantzker 676.,41
"..\He 6481 (2,2_3_0096.jpg",right,170,— Garas 630.,42
"..\He 6481 (2,2_3_0096.jpg",right,170,— Garlopp 1261.,43
"..\He 6481 (2,2_3_0096.jpg",right,170,"— Gatzkow (Gascow, Goscow, Gaczkowe) 5 16 22 66 456 567 630 754 907 991 1165 1419.",44
"..\He 6481 (2,2_3_0096.jpg",right,170,— Gebbinch 220 431 631 772.,45
"..\He 6481 (2,2_3_0096.jpg",right,170,— Gebde de Newesch 1252.,46
"..\He 6481 (2,2_3_0096.jpg",right,170,— Gebehardi de Franckenberch 631.,47
"..\He 6481 (2,2_3_0095.jpg",right,168,Johannes Veyer (Veyger) 433 794.,1
"..\He 6481 (2,2_3_0095.jpg",right,168,— Veilsdorffer 620.,2
"..\He 6481 (2,2_3_0095.jpg",right,168,— Veilser 620.,3
"..\He 6481 (2,2_3_0095.jpg",right,168,— de Velachov v. J. Alberti de Welachow.,4
"..\He 6481 (2,2_3_0095.jpg",right,168,— de Veldchirichen 60.,5
"..\He 6481 (2,2_3_0095.jpg",right,168,— de Velde 1174.,6
"..\He 6481 (2,2_3_0095.jpg",right,168,— de Veldentz (Veldencia) 475 620.,7
"..\He 6481 (2,2_3_0095.jpg",right,168,— Veldner de Wasserburga 620.,8
"..\He 6481 (2,2_3_0095.jpg",right,168,— Vellaghe 1341.,9
"..\He 6481 (2,2_3_0095.jpg",right,168,— Venk 620.,10
"..\He 6481 (2,2_3_0095.jpg",right,168,— Vend 620.,11
"..\He 6481 (2,2_3_0095.jpg",right,168,— Venlo 407 579 1033.,12
"..\He 6481 (2,2_3_0095.jpg",right,168,— de Veno (Vino) 620 1015.,13
"..\He 6481 (2,2_3_0095.jpg",right,168,— de Pfental 234.,14
"..\He 6481 (2,2_3_0095.jpg",right,168,— Ventzing 620 902.,15
"..\He 6481 (2,2_3_0095.jpg",right,168,— Ferber 589.,16
"..\He 6481 (2,2_3_0095.jpg",right,168,— de Verda 620. [949.,17
"..\He 6481 (2,2_3_0095.jpg",right,168,— ep. Verden. 23 266 422 528 823 885,18
"..\He 6481 (2,2_3_0095.jpg",right,168,— Fere de Eschenwege 1257.,19
"..\He 6481 (2,2_3_0095.jpg",right,168,— de Fero 1381.,20
"..\He 6481 (2,2_3_0095.jpg",right,168,— Ferrerhert 621.,21
"..\He 6481 (2,2_3_0095.jpg",right,168,— de Ferro 1082.,22
"..\He 6481 (2,2_3_0095.jpg",right,168,— Verwer 581.,23
"..\He 6481 (2,2_3_0095.jpg",right,168,— Veter 621.,24
"..\He 6481 (2,2_3_0095.jpg",right,168,— Fetgrucce 621.,25
"..\He 6481 (2,2_3_0095.jpg",right,168,— de Vetzer 621.,26
"..\He 6481 (2,2_3_0095.jpg",right,168,— de Feuchtwang 621.,27
"..\He 6481 (2,2_3_0095.jpg",right,168,— Fewrhakk 622.,28
"..\He 6481 (2,2_3_0095.jpg",right,168,— Fickus 170 622.,29
"..\He 6481 (2,2_3_0095.jpg",right,168,— Vierboem 622 1407.,30
"..\He 6481 (2,2_3_0095.jpg",right,168,— Vifegen 231.,31
"..\He 6481 (2,2_3_0095.jpg",right,168,— Vighe 622.,32
"..\He 6481 (2,2_3_0095.jpg",right,168,— Vyghе 622.,33
"..\He 6481 (2,2_3_0095.jpg",right,168,— Figuli 623.,34
"..\He 6481 (2,2_3_0095.jpg",right,168,— Fyle 623.,35
"..\He 6481 (2,2_3_0095.jpg",right,168,— Philippi 66 153 623 768 910.,36
"..\He 6481 (2,2_3_0095.jpg",right,168,— Philippi 1381.,37
"..\He 6481 (2,2_3_0095.jpg",right,168,— Philippi 1398.,38
"..\He 6481 (2,2_3_0095.jpg",right,168,— de Vilo 903.,39
"..\He 6481 (2,2_3_0095.jpg",right,168,— Vinsperg v. J. Winsperg.,40
"..\He 6481 (2,2_3_0095.jpg",right,168,— de Virneberg 355.,41
"..\He 6481 (2,2_3_0095.jpg",right,168,— de Virsen 623.,42
"..\He 6481 (2,2_3_0095.jpg",right,168,— Visbeke 623 1103.,43
"..\He 6481 (2,2_3_0095.jpg",right,168,— Vischel de Bruchsella 1257.,44
"..\He 6481 (2,2_3_0095.jpg",right,168,— Vischelin de Steine 152.,45
"..\He 6481 (2,2_3_0095.jpg",right,168,— Vyselfase 1381.,46
"..\He 6481 (2,2_3_0095.jpg",right,168,— Phister 623.,47
"..\He 6481 (2,2_3_0095.jpg",right,168,— Vlaminc 623.,48
"..\He 6481 (2,2_3_0095.jpg",right,168,— de Vleckk 913.,49
"..\He 6481 (2,2_3_0095.jpg",right,168,— de Fleckenstein 624.,50
"..\He 6481 (2,2_3_0095.jpg",right,168,"— de Fleckensteyn, el. WORMAT. 424 538 623 934 1346 1381.",51
"..\He 6481 (2,2_3_0086.jpg",left,149,Ylarion de Bardis 132 693 921 1195 1208.,1
"..\He 6481 (2,2_3_0086.jpg",left,149,Iljana de Winden 607.,2
"..\He 6481 (2,2_3_0086.jpg",left,149,Iliona 554 (v. Erpo Loeselin).,3
"..\He 6481 (2,2_3_0086.jpg",left,149,Imegunda 327 (v. Gerhardus Reme).,4
"..\He 6481 (2,2_3_0086.jpg",left,149,Imerius (Imericus) ep. Basil. 15 273 283 364 530 706.,5
"..\He 6481 (2,2_3_0086.jpg",left,149,Yngeborch abba mon. in Riwenisse 554.,6
"..\He 6481 (2,2_3_0086.jpg",left,149,Ingeburg 554 (v. Henricus com. Holtzatie).,7
"..\He 6481 (2,2_3_0086.jpg",left,149,Innocentius papa IV. 840.,8
"..\He 6481 (2,2_3_0086.jpg",left,149,— papa VI. 9 739.,9
"..\He 6481 (2,2_3_0086.jpg",left,149,— papa VII. p. 1333—1434 passim (cf. Cosmatus tit. s. Crucis presb. card.).,10
"..\He 6481 (2,2_3_0086.jpg",left,149,Joachim de Horst 1009 1281.,11
"..\He 6481 (2,2_3_0086.jpg",left,149,— Molkar 554.,12
"..\He 6481 (2,2_3_0086.jpg",left,149,Job Vener 1248.,13
"..\He 6481 (2,2_3_0086.jpg",left,149,Jodocus (Judocus) Blidenmeister 1374.,14
"..\He 6481 (2,2_3_0086.jpg",left,149,— Brandeburg. et Moravie marchio 263 554 883 1314 1424.,15
"..\He 6481 (2,2_3_0086.jpg",left,149,— de Brega 1267 1389.,16
"..\He 6481 (2,2_3_0086.jpg",left,149,— Corsoris 81.,17
"..\He 6481 (2,2_3_0086.jpg",left,149,— Gherbrandi Vandercouster 554.,18
"..\He 6481 (2,2_3_0086.jpg",left,149,— d. Glaitz 554.,19
"..\He 6481 (2,2_3_0086.jpg",left,149,— d. Haim 249.,20
"..\He 6481 (2,2_3_0086.jpg",left,149,— Heylonis 555.,21
"..\He 6481 (2,2_3_0086.jpg",left,149,— Institoris 1140.,22
"..\He 6481 (2,2_3_0086.jpg",left,149,— Judoci Carnificis 555.,23
"..\He 6481 (2,2_3_0086.jpg",left,149,— de Lapide v. J. Ottonis.,24
"..\He 6481 (2,2_3_0086.jpg",left,149,— Mayer (Maiger) 110 781.,25
"..\He 6481 (2,2_3_0086.jpg",left,149,— Matnitzer (Mottnitzer) 555.,26
"..\He 6481 (2,2_3_0086.jpg",left,149,— Messer 1248.,27
"..\He 6481 (2,2_3_0086.jpg",left,149,— Molitoris 555.,28
"..\He 6481 (2,2_3_0086.jpg",left,149,— Nicolai 1324 1325.,29
"..\He 6481 (2,2_3_0086.jpg",left,149,— Ottonis de Lapide 170 622.,30
"..\He 6481 (2,2_3_0086.jpg",left,149,— Pauli in Cellis Pintzgow 555 1249.,31
"..\He 6481 (2,2_3_0086.jpg",left,149,— de Pissing 555.,32
"..\He 6481 (2,2_3_0086.jpg",left,149,— Qwedenaw 1249.,33
"..\He 6481 (2,2_3_0086.jpg",left,149,— Roc 555.,34
"..\He 6481 (2,2_3_0086.jpg",left,149,— abb. mon. in Salem 555 1249 1374.,35
"..\He 6481 (2,2_3_0086.jpg",left,149,— Schur (Schurm) 556 960.,36
"..\He 6481 (2,2_3_0086.jpg",left,149,— de Truchtelingen (Treutlingen) 870 1307.,37
"..\He 6481 (2,2_3_0086.jpg",left,149,— Vlbner de Ratolfozell 554.,38
"..\He 6481 (2,2_3_0086.jpg",left,149,— de Wydoy 19.,39
"..\He 6481 (2,2_3_0086.jpg",left,149,Joffredus (Joffridus) Johannis 1305.,40
"..\He 6481 (2,2_3_0086.jpg",left,149,— de Linigen (Lyningen) 169 322 423 556 587 627 707 934 1019 1020 1075.,41
"..\He 6481 (2,2_3_0086.jpg",left,149,— de Rodemacro 681.,42
"..\He 6481 (2,2_3_0086.jpg",left,149,— de Theonisvilla v. Gotfridus de T.,43
"..\He 6481 (2,2_3_0097.jpg",left,171,Johannes abb. mon. s. Gebhardi in Petridomo 631 725.,1
"..\He 6481 (2,2_3_0097.jpg",left,171,— de Gebse 1258.,2
"..\He 6481 (2,2_3_0097.jpg",left,171,— de Gekelrode 1085.,3
"..\He 6481 (2,2_3_0097.jpg",left,171,— Gecklinger (Gegkelinger) 598 631.,4
"..\He 6481 (2,2_3_0097.jpg",left,171,— de Gheele 632.,5
"..\He 6481 (2,2_3_0097.jpg",left,171,— de Geyen 1105.,6
"..\He 6481 (2,2_3_0097.jpg",left,171,— de Geyen al. de Seendorp 1105.,7
"..\He 6481 (2,2_3_0097.jpg",left,171,— Ghelen v. J. Schelen.,8
"..\He 6481 (2,2_3_0097.jpg",left,171,— Gelendorp (Gellendorp) 632 1258.,9
"..\He 6481 (2,2_3_0097.jpg",left,171,— Gelman (Gelman) 1219 1402.,10
"..\He 6481 (2,2_3_0097.jpg",left,171,— de Gelria 632.,11
"..\He 6481 (2,2_3_0097.jpg",left,171,— de Gelria 633.,12
"..\He 6481 (2,2_3_0097.jpg",left,171,— Geminger 1258.,13
"..\He 6481 (2,2_3_0097.jpg",left,171,— Gemmerkeman 633.,14
"..\He 6481 (2,2_3_0097.jpg",left,171,— de Gena 848.,15
"..\He 6481 (2,2_3_0097.jpg",left,171,— de Genaval tz de Sathanaco 543.,16
"..\He 6481 (2,2_3_0097.jpg",left,171,— Gepinkint 659.,17
"..\He 6481 (2,2_3_0097.jpg",left,171,— Geralner 633.,18
"..\He 6481 (2,2_3_0097.jpg",left,171,— Gherardi 240.,19
"..\He 6481 (2,2_3_0097.jpg",left,171,— Gerardi Vos 1385.,20
"..\He 6481 (2,2_3_0097.jpg",left,171,— Gerardi de Reys 633.,21
"..\He 6481 (2,2_3_0097.jpg",left,171,— Gerardini de Geversio 633.,22
"..\He 6481 (2,2_3_0097.jpg",left,171,— Gerawine 633.,23
"..\He 6481 (2,2_3_0097.jpg",left,171,— Gherber 633.,24
"..\He 6481 (2,2_3_0097.jpg",left,171,— Gherkinch 235.,25
"..\He 6481 (2,2_3_0097.jpg",left,171,— Gherdener 633.,26
"..\He 6481 (2,2_3_0097.jpg",left,171,— Gerlaci 633.,27
"..\He 6481 (2,2_3_0097.jpg",left,171,— Gerlaci de Altzpach 234 634 750 971.,28
"..\He 6481 (2,2_3_0097.jpg",left,171,— Gerlachsteiner (Gerlochstayner) 851 952.,29
"..\He 6481 (2,2_3_0097.jpg",left,171,— Gernodi 164.,30
"..\He 6481 (2,2_3_0097.jpg",left,171,— Geroldi 634.,31
"..\He 6481 (2,2_3_0097.jpg",left,171,— Ghersten 423.,32
"..\He 6481 (2,2_3_0097.jpg",left,171,— Gertter (Gertir) 533 634 1258 1301 1367 1381 1383.,33
"..\He 6481 (2,2_3_0097.jpg",left,171,— Geuman 634.,34
"..\He 6481 (2,2_3_0097.jpg",left,171,— Gewitzsch 634.,35
"..\He 6481 (2,2_3_0097.jpg",left,171,— Gibilini 634.,36
"..\He 6481 (2,2_3_0097.jpg",left,171,— Gichz 1415.,37
"..\He 6481 (2,2_3_0097.jpg",left,171,— Gigelmannus 623.,38
"..\He 6481 (2,2_3_0097.jpg",left,171,— Gylinck 634.,39
"..\He 6481 (2,2_3_0097.jpg",left,171,— de Ghinkel 1222 1259 1271.,40
"..\He 6481 (2,2_3_0097.jpg",left,171,— Ginderscher 192.,41
"..\He 6481 (2,2_3_0097.jpg",left,171,— de Gyneneyo 634.,42
"..\He 6481 (2,2_3_0097.jpg",left,171,— Gir 1237.,43
"..\He 6481 (2,2_3_0097.jpg",left,171,— Girardi de Gynerceyo 444 633.,44
"..\He 6481 (2,2_3_0097.jpg",left,171,— Gyselberti Smyt al. d. de Minden 634.,45
"..\He 6481 (2,2_3_0097.jpg",left,171,— Gyselingen 635.,46
"..\He 6481 (2,2_3_0097.jpg",left,171,— Gyslonis de Cassel 635.,47
"..\He 6481 (2,2_3_0097.jpg",left,171,— Gysonis de Gulse 396 1071.,48
"..\He 6481 (2,2_3_0097.jpg",left,171,— de Gitlingen 12.,49
"..\He 6481 (2,2_3_0098.jpg",left,173,Johannes de Gravenhorst 1383.,1
"..\He 6481 (2,2_3_0098.jpg",left,173,— Graglinger 640.,2
"..\He 6481 (2,2_3_0098.jpg",left,173,— Gramkow 640.,3
"..\He 6481 (2,2_3_0098.jpg",left,173,— Grasel 1260.,4
"..\He 6481 (2,2_3_0098.jpg",left,173,— Grassow 640.,5
"..\He 6481 (2,2_3_0098.jpg",left,173,— de Grawe 640.,6
"..\He 6481 (2,2_3_0098.jpg",left,173,— de Greben 641 771.,7
"..\He 6481 (2,2_3_0098.jpg",left,173,— Gredeler 739.,8
"..\He 6481 (2,2_3_0098.jpg",left,173,— Grevenich de Aquisgranis 641.,9
"..\He 6481 (2,2_3_0098.jpg",left,173,— Grevensteen 805.,10
"..\He 6481 (2,2_3_0098.jpg",left,173,— Grevus v. J. Gremis.,11
"..\He 6481 (2,2_3_0098.jpg",left,173,— Gregorii de Ratezach 641.,12
"..\He 6481 (2,2_3_0098.jpg",left,173,— Greyff 1105.,13
"..\He 6481 (2,2_3_0098.jpg",left,173,— Grelle 641.,14
"..\He 6481 (2,2_3_0098.jpg",left,173,"— Gremis (Gremmis, Grennis, Grevus) 641 849 1351.",15
"..\He 6481 (2,2_3_0098.jpg",left,173,— Grif de Grifenberg 16 642.,16
"..\He 6481 (2,2_3_0098.jpg",left,173,— de Grifenstein d. de Seyna baro 393.,17
"..\He 6481 (2,2_3_0098.jpg",left,173,— Grym 642.,18
"..\He 6481 (2,2_3_0098.jpg",left,173,— de Grizenberg 227.,19
"..\He 6481 (2,2_3_0098.jpg",left,173,— Groisz de Hofeheim 642 1260.,20
"..\He 6481 (2,2_3_0098.jpg",left,173,— Groner 1053.,21
"..\He 6481 (2,2_3_0098.jpg",left,173,— Gronwel v. Gruwel.,22
"..\He 6481 (2,2_3_0098.jpg",left,173,— Grope 642 771.,23
"..\He 6481 (2,2_3_0098.jpg",left,173,— Gropengheter 1260.,24
"..\He 6481 (2,2_3_0098.jpg",left,173,— d. Groslaus 642.,25
"..\He 6481 (2,2_3_0098.jpg",left,173,— Grosmisz 642.,26
"..\He 6481 (2,2_3_0098.jpg",left,173,— Gross 197.,27
"..\He 6481 (2,2_3_0098.jpg",left,173,— Grosze 642.,28
"..\He 6481 (2,2_3_0098.jpg",left,173,— Grossenrode 642.,29
"..\He 6481 (2,2_3_0098.jpg",left,173,— Groumke 1428.,30
"..\He 6481 (2,2_3_0098.jpg",left,173,— Grube de Schotten 642.,31
"..\He 6481 (2,2_3_0098.jpg",left,173,— Grudebek 279.,32
"..\He 6481 (2,2_3_0098.jpg",left,173,— de Gruesbeke 643.,33
"..\He 6481 (2,2_3_0098.jpg",left,173,— Gruyt de Minden 1090.,34
"..\He 6481 (2,2_3_0098.jpg",left,173,— Grundeis de Plawen 643.,35
"..\He 6481 (2,2_3_0098.jpg",left,173,— Grundel 200.,36
"..\He 6481 (2,2_3_0098.jpg",left,173,— Grunow 1383.,37
"..\He 6481 (2,2_3_0098.jpg",left,173,— Grusel (Crusel) 482 643.,38
"..\He 6481 (2,2_3_0098.jpg",left,173,— de Gruten v. J. Johannis de G.,39
"..\He 6481 (2,2_3_0098.jpg",left,173,— Gruter 643.,40
"..\He 6481 (2,2_3_0098.jpg",left,173,— Gruwel (Gronwel) 643 1391.,41
"..\He 6481 (2,2_3_0098.jpg",left,173,— Gudeler 643.,42
"..\He 6481 (2,2_3_0098.jpg",left,173,— de Gudensberg 517.,43
"..\He 6481 (2,2_3_0098.jpg",left,173,— de Gudensberg (Gutensberg) 422 618 644 794.,44
"..\He 6481 (2,2_3_0098.jpg",left,173,— d. Guder de Wilgotheim 644.,45
"..\He 6481 (2,2_3_0098.jpg",left,173,— de Gudesberg al. d. Rypa 644.,46
"..\He 6481 (2,2_3_0098.jpg",left,173,— Guenchin de Orba 644.,47
"..\He 6481 (2,2_3_0098.jpg",left,173,— Wilhelmi 644.,48
"..\He 6481 (2,2_3_0098.jpg",left,173,— Wilhelmi de Alcmaria 1384.,49
"..\He 6481 (2,2_3_0098.jpg",left,173,— Guilielmi de Bellasia 1260.,50
"..\He 6481 (2,2_3_0097.jpg",right,172,Johannes Gytz 1338.,1
"..\He 6481 (2,2_3_0097.jpg",right,172,— abb. mon. Gladbac. 635.,2
"..\He 6481 (2,2_3_0097.jpg",right,172,— Gladiatoris de Novacivitate Spiren. 635.,3
"..\He 6481 (2,2_3_0097.jpg",right,172,— Glatis 815.,4
"..\He 6481 (2,2_3_0097.jpg",right,172,— Glaupach 1111.,5
"..\He 6481 (2,2_3_0097.jpg",right,172,— Gleyssar 635.,6
"..\He 6481 (2,2_3_0097.jpg",right,172,— Glich 413.,7
"..\He 6481 (2,2_3_0097.jpg",right,172,— Glogaw de Thorun 251.,8
"..\He 6481 (2,2_3_0097.jpg",right,172,— dux Glogovie 635.,9
"..\He 6481 (2,2_3_0097.jpg",right,172,— de Gluch 259 1211.,10
"..\He 6481 (2,2_3_0097.jpg",right,172,— d. Glure v. J. Johannis.,11
"..\He 6481 (2,2_3_0097.jpg",right,172,— aep. Gnezn. v. J. ep. Wladislav.,12
"..\He 6481 (2,2_3_0097.jpg",right,172,— archid. Gnezn. 999.,13
"..\He 6481 (2,2_3_0097.jpg",right,172,— Gobelini de Dijk 570 571 637.,14
"..\He 6481 (2,2_3_0097.jpg",right,172,— de Goch 637 951 1370 1383 1430.,15
"..\He 6481 (2,2_3_0097.jpg",right,172,— de Gochitz (Gochtzyn) 706.,16
"..\He 6481 (2,2_3_0097.jpg",right,172,— Gode 638.,17
"..\He 6481 (2,2_3_0097.jpg",right,172,— Godefridi 1383.,18
"..\He 6481 (2,2_3_0097.jpg",right,172,"— Godelmanni (de Godelman, Goldemann) de Annewilre 610 638 1200.",19
"..\He 6481 (2,2_3_0097.jpg",right,172,— Goding 714.,20
"..\He 6481 (2,2_3_0097.jpg",right,172,— Goebel de Assenheym 638.,21
"..\He 6481 (2,2_3_0097.jpg",right,172,— Gogel 638.,22
"..\He 6481 (2,2_3_0097.jpg",right,172,— de Goyste 638.,23
"..\He 6481 (2,2_3_0097.jpg",right,172,— Goldemann v. J. Godelmanni.,24
"..\He 6481 (2,2_3_0097.jpg",right,172,— Golswinis 268.,25
"..\He 6481 (2,2_3_0097.jpg",right,172,— Goltbeke 1259.,26
"..\He 6481 (2,2_3_0097.jpg",right,172,— Goltmeler 639.,27
"..\He 6481 (2,2_3_0097.jpg",right,172,— Goltsmitt 987.,28
"..\He 6481 (2,2_3_0097.jpg",right,172,— Goltstede 1259.,29
"..\He 6481 (2,2_3_0097.jpg",right,172,— de Goricia 664.,30
"..\He 6481 (2,2_3_0097.jpg",right,172,— dux Gorliac. (Gorlic.) et marchio Brandenburg. 288 639.,31
"..\He 6481 (2,2_3_0097.jpg",right,172,— Goscow v. J. Gatzkow.,32
"..\He 6481 (2,2_3_0097.jpg",right,172,— Gossel 1229 1259 1360.,33
"..\He 6481 (2,2_3_0097.jpg",right,172,— Goswin 1240.,34
"..\He 6481 (2,2_3_0097.jpg",right,172,— Goswini 923 1364.,35
"..\He 6481 (2,2_3_0097.jpg",right,172,— Goswini de Aquis 639.,36
"..\He 6481 (2,2_3_0097.jpg",right,172,— Goszwini de Wolffhagen (Wolffhain) 591 639 753 761.,37
"..\He 6481 (2,2_3_0097.jpg",right,172,— Gotenshover 1383.,38
"..\He 6481 (2,2_3_0097.jpg",right,172,— Gotfridi 639.,39
"..\He 6481 (2,2_3_0097.jpg",right,172,— Gotfridi de Bunnna 640.,40
"..\He 6481 (2,2_3_0097.jpg",right,172,— Gotfridi de Drolshagen 1259.,41
"..\He 6481 (2,2_3_0097.jpg",right,172,— Gotschalci 518.,42
"..\He 6481 (2,2_3_0097.jpg",right,172,— abb. mon. Gotwic. v. J. abb. mon. s. Marie G.,43
"..\He 6481 (2,2_3_0097.jpg",right,172,— de Grabye 920.,44
"..\He 6481 (2,2_3_0097.jpg",right,172,— Grabistorf 133 640.,45
"..\He 6481 (2,2_3_0097.jpg",right,172,— Grabow 1398.,46
"..\He 6481 (2,2_3_0097.jpg",right,172,— Gracian yng 447.,47
"..\He 6481 (2,2_3_0097.jpg",right,172,— Graven 16.,48
"..\He 6481 (2,2_3_0100.jpg",left,177,Johannes Henrici Sconevrient 1384.,1
"..\He 6481 (2,2_3_0100.jpg",left,177,— Henrici de Sirck 657.,2
"..\He 6481 (2,2_3_0100.jpg",left,177,— Henrici Zac al. de Pitersheim 657.,3
"..\He 6481 (2,2_3_0100.jpg",left,177,— Henrici de Zelandia 1174.,4
"..\He 6481 (2,2_3_0100.jpg",left,177,— al. d. Henricus Wernerí Krieg 657.,5
"..\He 6481 (2,2_3_0100.jpg",left,177,— de Hensperg 1000.,6
"..\He 6481 (2,2_3_0100.jpg",left,177,— Hentzonis d. Gantze de Rigelsheim 1384.,7
"..\He 6481 (2,2_3_0100.jpg",left,177,— Hepe 791.,8
"..\He 6481 (2,2_3_0100.jpg",left,177,— Heppelonis v. J. Happelonis.,9
"..\He 6481 (2,2_3_0100.jpg",left,177,— de Herbeshofen 317.,10
"..\He 6481 (2,2_3_0100.jpg",left,177,— ep. Herbipol. v. J. de Egloffstein.,11
"..\He 6481 (2,2_3_0100.jpg",left,177,— Herboert al. Franco 659.,12
"..\He 6481 (2,2_3_0100.jpg",left,177,— Herbordi de Aschaffinburg v. J. Gunsrad.,13
"..\He 6481 (2,2_3_0100.jpg",left,177,— Herbordi de Lyns 541 932 986.,14
"..\He 6481 (2,2_3_0100.jpg",left,177,— Here de Gheseke 279.,15
"..\He 6481 (2,2_3_0100.jpg",left,177,— Heren 259.,16
"..\He 6481 (2,2_3_0100.jpg",left,177,— Herenbach 659.,17
"..\He 6481 (2,2_3_0100.jpg",left,177,— de Herverdinchusen 659 1261.,18
"..\He 6481 (2,2_3_0100.jpg",left,177,— de Hervorst 1261.,19
"..\He 6481 (2,2_3_0100.jpg",left,177,— abb. mon. s. Heriberti Tuicien. 864.,20
"..\He 6481 (2,2_3_0100.jpg",left,177,— de Heryendorff 573.,21
"..\He 6481 (2,2_3_0100.jpg",left,177,— Heryng (Harıng) 196 651.,22
"..\He 6481 (2,2_3_0100.jpg",left,177,— Hering 659.,23
"..\He 6481 (2,2_3_0100.jpg",left,177,— de Herlershusen al. d. Jude 178 203.,24
"..\He 6481 (2,2_3_0100.jpg",left,177,— Herlinsperger 882.,25
"..\He 6481 (2,2_3_0100.jpg",left,177,"— Herll de Mauertan (Mautarn, Mauttern) 693 1058 1169 1261 1425.",26
"..\He 6481 (2,2_3_0100.jpg",left,177,— Hermanni de Herborn 659.,27
"..\He 6481 (2,2_3_0100.jpg",left,177,— Hermanni Petri de Hersfeld 1385.,28
"..\He 6481 (2,2_3_0100.jpg",left,177,— Hermanni Strelow 660.,29
"..\He 6481 (2,2_3_0100.jpg",left,177,— Hermanni de Tuicio 511 648 660.,30
"..\He 6481 (2,2_3_0100.jpg",left,177,— de Herne 661.,31
"..\He 6481 (2,2_3_0100.jpg",left,177,— Herold 661.,32
"..\He 6481 (2,2_3_0100.jpg",left,177,— Herre 1087.,33
"..\He 6481 (2,2_3_0100.jpg",left,177,— Herre de Gezeke (Gesicke) 632 661.,34
"..\He 6481 (2,2_3_0100.jpg",left,177,— Hersevelt (Herzefelt) 661 1253.,35
"..\He 6481 (2,2_3_0100.jpg",left,177,— Hertesrode (Hertestede) v. J. Hartzrode.,36
"..\He 6481 (2,2_3_0100.jpg",left,177,— Hertwici 661.,37
"..\He 6481 (2,2_3_0100.jpg",left,177,— Hertzlein (Hertzelin) 321 351 352.,38
"..\He 6481 (2,2_3_0100.jpg",left,177,— de Herzenauwe 1157.,39
"..\He 6481 (2,2_3_0100.jpg",left,177,— Heseler (Heszeler) 661.,40
"..\He 6481 (2,2_3_0100.jpg",left,177,— Hess 662 1385.,41
"..\He 6481 (2,2_3_0100.jpg",left,177,— Hesse 662.,42
"..\He 6481 (2,2_3_0100.jpg",left,177,— d. Hesse 662.,43
"..\He 6481 (2,2_3_0100.jpg",left,177,— Hessler 304.,44
"..\He 6481 (2,2_3_0100.jpg",left,177,— Hessen 662.,45
"..\He 6481 (2,2_3_0100.jpg",left,177,— Hetener (v. Hattener) 302.,46
"..\He 6481 (2,2_3_0100.jpg",left,177,— Hetzel 662.,47
"..\He 6481 (2,2_3_0100.jpg",left,177,— d. Heusperger 1188 1319.,48
"..\He 6481 (2,2_3_0100.jpg",left,177,— Hexheim 662 751.,49
"..\He 6481 (2,2_3_0100.jpg",right,178,Johannes abb. mon. in Hilda 1173.,1
"..\He 6481 (2,2_3_0100.jpg",right,178,— Hildebrandi al. d. Duvel 662.,2
"..\He 6481 (2,2_3_0100.jpg",right,178,— Hildebrandi Redeker 662.,3
"..\He 6481 (2,2_3_0100.jpg",right,178,— de Hylden 721.,4
"..\He 6481 (2,2_3_0100.jpg",right,178,— ep. Hildesem. v. J. de Hoya.,5
"..\He 6481 (2,2_3_0100.jpg",right,178,"— Hilferi, el. Wratislav. 1033.",6
"..\He 6481 (2,2_3_0100.jpg",right,178,— Hillensini de Marpach 662.,7
"..\He 6481 (2,2_3_0100.jpg",right,178,— Hiltmar 1339 1362.,8
"..\He 6481 (2,2_3_0100.jpg",right,178,— Hyltwein de Nappurga 662.,9
"..\He 6481 (2,2_3_0100.jpg",right,178,— Himbert 384.,10
"..\He 6481 (2,2_3_0100.jpg",right,178,— Hymloge 663.,11
"..\He 6481 (2,2_3_0100.jpg",right,178,— Hyndael (Hindail) 145 464 663 1385.,12
"..\He 6481 (2,2_3_0100.jpg",right,178,— Hyppelstorfer 651 663 1336.,13
"..\He 6481 (2,2_3_0100.jpg",right,178,— Hirtzelin 1365.,14
"..\He 6481 (2,2_3_0100.jpg",right,178,— de Hirtzhoren 154.,15
"..\He 6481 (2,2_3_0100.jpg",right,178,— Histka 944.,16
"..\He 6481 (2,2_3_0100.jpg",right,178,— Hyt de Altzey a 1385.,17
"..\He 6481 (2,2_3_0100.jpg",right,178,— Hittensteyn 1361 1386.,18
"..\He 6481 (2,2_3_0100.jpg",right,178,— Hobinch 663.,19
"..\He 6481 (2,2_3_0100.jpg",right,178,— Hokeman 351 614.,20
"..\He 6481 (2,2_3_0100.jpg",right,178,— Hockenheim 752.,21
"..\He 6481 (2,2_3_0100.jpg",right,178,— de Hochenstein 469.,22
"..\He 6481 (2,2_3_0100.jpg",right,178,— de Hokinborn 578.,23
"..\He 6481 (2,2_3_0100.jpg",right,178,— Hochtorffe 1228.,24
"..\He 6481 (2,2_3_0100.jpg",right,178,— Hodrer v. J. Hadrer.,25
"..\He 6481 (2,2_3_0100.jpg",right,178,— Hoebit 663.,26
"..\He 6481 (2,2_3_0100.jpg",right,178,— Hoffmann de Wimpina 664.,27
"..\He 6481 (2,2_3_0100.jpg",right,178,— Hoeghenap 247.,28
"..\He 6481 (2,2_3_0100.jpg",right,178,— de Hoehenloch 317.,29
"..\He 6481 (2,2_3_0100.jpg",right,178,— Hoeyers 664.,30
"..\He 6481 (2,2_3_0100.jpg",right,178,— Hoel 483.,31
"..\He 6481 (2,2_3_0100.jpg",right,178,— Hoen de Vurendael 913.,32
"..\He 6481 (2,2_3_0100.jpg",right,178,— Hoeschet 664.,33
"..\He 6481 (2,2_3_0100.jpg",right,178,— Hoest 664.,34
"..\He 6481 (2,2_3_0100.jpg",right,178,— Hove 664.,35
"..\He 6481 (2,2_3_0100.jpg",right,178,— Hoveman 492.,36
"..\He 6481 (2,2_3_0100.jpg",right,178,— Hofer de Ulma 664.,37
"..\He 6481 (2,2_3_0100.jpg",right,178,— Hofvart 131.,38
"..\He 6481 (2,2_3_0100.jpg",right,178,— Hoffard 664 691.,39
"..\He 6481 (2,2_3_0100.jpg",right,178,— Hoffheim 1321.,40
"..\He 6481 (2,2_3_0100.jpg",right,178,— de Hoflein 899.,41
"..\He 6481 (2,2_3_0100.jpg",right,178,— Hofwarte 670.,42
"..\He 6481 (2,2_3_0100.jpg",right,178,— Hogering 826.,43
"..\He 6481 (2,2_3_0100.jpg",right,178,— Hohenvelder 1262.,44
"..\He 6481 (2,2_3_0100.jpg",right,178,— de Hohsteten 16 587 1253.,45
"..\He 6481 (2,2_3_0100.jpg",right,178,— de Hoya 505.,46
"..\He 6481 (2,2_3_0100.jpg",right,178,"— de Hoya, ep. Padeburn., ep. Hildes- hem. 117 120 245 274 317 330 454 576 594 652 664 769 1011 1098 1245 1364 1371 1385 1386.",47
"..\He 6481 (2,2_3_0100.jpg",right,178,— Hoygeman (Hoyeman) 576 664.,48
"..\He 6481 (2,2_3_0100.jpg",right,178,— de Hoynsteden 678.,49
"..\He 6481 (2,2_3_0100.jpg",right,178,— de Holdenvelt 664.,50
"..\He 6481 (2,2_3_0099.jpg",right,176,Johannes de Heylprunnen 1079.,1
"..\He 6481 (2,2_3_0099.jpg",right,176,— Heyman 330.,2
"..\He 6481 (2,2_3_0099.jpg",right,176,— Heymanni de Putteo 655.,3
"..\He 6481 (2,2_3_0099.jpg",right,176,— de Heymbach 180 623.,4
"..\He 6481 (2,2_3_0099.jpg",right,176,— Heymbroder de Confluentia 655.,5
"..\He 6481 (2,2_3_0099.jpg",right,176,— de Heymelrode 975.,6
"..\He 6481 (2,2_3_0099.jpg",right,176,— Heymerici de Clivis 655 1377.,7
"..\He 6481 (2,2_3_0099.jpg",right,176,— Heimlich de Luterborg 253 1387.,8
"..\He 6481 (2,2_3_0099.jpg",right,176,— Heinburg 786.,9
"..\He 6481 (2,2_3_0099.jpg",right,176,— Heynkepape 199.,10
"..\He 6481 (2,2_3_0099.jpg",right,176,— d. Heyndael 1021.,11
"..\He 6481 (2,2_3_0099.jpg",right,176,— Heytkini de Gudesberg 657.,12
"..\He 6481 (2,2_3_0099.jpg",right,176,— Heldegundis de Heylgenstad 657.,13
"..\He 6481 (2,2_3_0099.jpg",right,176,— Helfari de Strelitz 657.,14
"..\He 6481 (2,2_3_0099.jpg",right,176,— com. de Helfenstein 671.,15
"..\He 6481 (2,2_3_0099.jpg",right,176,— Helleman 657.,16
"..\He 6481 (2,2_3_0099.jpg",right,176,— Hellerdorf 657.,17
"..\He 6481 (2,2_3_0099.jpg",right,176,— Hellinck 326.,18
"..\He 6481 (2,2_3_0099.jpg",right,176,— Hellinch 657 1261 1384.,19
"..\He 6481 (2,2_3_0099.jpg",right,176,— Helmbolt 658.,20
"..\He 6481 (2,2_3_0099.jpg",right,176,— Helmici 190 586 1409.,21
"..\He 6481 (2,2_3_0099.jpg",right,176,— de Helmstad 658.,22
"..\He 6481 (2,2_3_0099.jpg",right,176,— de Helmstedde 658 822.,23
"..\He 6481 (2,2_3_0099.jpg",right,176,— Helt 658.,24
"..\He 6481 (2,2_3_0099.jpg",right,176,— Hemelin al. Epphacher 207.,25
"..\He 6481 (2,2_3_0099.jpg",right,176,— Hemerte 262 658 826.,26
"..\He 6481 (2,2_3_0099.jpg",right,176,— Henferlein 659.,27
"..\He 6481 (2,2_3_0099.jpg",right,176,— Henitzlini 1261.,28
"..\He 6481 (2,2_3_0099.jpg",right,176,— Hennekin 1384.,29
"..\He 6481 (2,2_3_0099.jpg",right,176,— Hennees de Millis 659.,30
"..\He 6481 (2,2_3_0099.jpg",right,176,— Hennolator 659.,31
"..\He 6481 (2,2_3_0099.jpg",right,176,— Henrici 558.,32
"..\He 6481 (2,2_3_0099.jpg",right,176,— Henrici 655.,33
"..\He 6481 (2,2_3_0099.jpg",right,176,— Henrici 656.,34
"..\He 6481 (2,2_3_0099.jpg",right,176,— Heinrici 1399.,35
"..\He 6481 (2,2_3_0099.jpg",right,176,— Henrici olim. Castelle et Legionis rex 1000.,36
"..\He 6481 (2,2_3_0099.jpg",right,176,— Henrici de Colonia 1063.,37
"..\He 6481 (2,2_3_0099.jpg",right,176,— Henrici Kranich 655.,38
"..\He 6481 (2,2_3_0099.jpg",right,176,— Henrici de Cuba 655.,39
"..\He 6481 (2,2_3_0099.jpg",right,176,— Henrici de Damas- kirche 607 655.,40
"..\He 6481 (2,2_3_0099.jpg",right,176,— Henrici d. Dusche (Dusch) de Buschwilre 611 730 1245.,41
"..\He 6481 (2,2_3_0099.jpg",right,176,— Henrici Gurteler (Guntheler) 655 1318.,42
"..\He 6481 (2,2_3_0099.jpg",right,176,— Heinrici de Hindermuren 656.,43
"..\He 6481 (2,2_3_0099.jpg",right,176,— Henrici de Mautaren 656.,44
"..\He 6481 (2,2_3_0099.jpg",right,176,— Heinricide Mintzenberg 182 830 875.,45
"..\He 6481 (2,2_3_0099.jpg",right,176,— Henrici de Pufit 108 429 656 732 809.,46
"..\He 6481 (2,2_3_0099.jpg",right,176,— Henrici Schaffner de Ehenheim 656 1197 1431.,47
"..\He 6481 (2,2_3_0098.jpg",right,174,Johannes Wilhelmi de Broche 644.,1
"..\He 6481 (2,2_3_0098.jpg",right,174,— Wilhelmi de Bultum 644.,2
"..\He 6481 (2,2_3_0098.jpg",right,174,— Wilhelmi de Eustkirchen de Wurme 644.,3
"..\He 6481 (2,2_3_0098.jpg",right,174,— Wilhelmi Mawer de Katzenperig 644.,4
"..\He 6481 (2,2_3_0098.jpg",right,174,— Wilhelmi (de Ramoka) de Berlandia 644 1364 1384.,5
"..\He 6481 (2,2_3_0098.jpg",right,174,— Wilhelmi de Reyff 416.,6
"..\He 6481 (2,2_3_0098.jpg",right,174,— Guldelin 645.,7
"..\He 6481 (2,2_3_0098.jpg",right,174,— Guldernring 548 645.,8
"..\He 6481 (2,2_3_0098.jpg",right,174,— Gule (Gulen) v. J. Cule.,9
"..\He 6481 (2,2_3_0098.jpg",right,174,— de Ghulen 645 735 1270.,10
"..\He 6481 (2,2_3_0098.jpg",right,174,— Gumberti 929.,11
"..\He 6481 (2,2_3_0098.jpg",right,174,— de Ghunkel 645.,12
"..\He 6481 (2,2_3_0098.jpg",right,174,— Guntrad (Gunstad) al. d. Herbordi de Aschaffinburg 302 469 659.,13
"..\He 6481 (2,2_3_0098.jpg",right,174,— Guntheri 645.,14
"..\He 6481 (2,2_3_0098.jpg",right,174,— Guntheri de Bocheim 423 645 1280.,15
"..\He 6481 (2,2_3_0098.jpg",right,174,— Guntheri de Tremonia 101.,16
"..\He 6481 (2,2_3_0098.jpg",right,174,— Guntram 645 717.,17
"..\He 6481 (2,2_3_0098.jpg",right,174,— Gur 606 646 1233 1260.,18
"..\He 6481 (2,2_3_0098.jpg",right,174,— ep. Gure. 647 807 960 1058.,19
"..\He 6481 (2,2_3_0098.jpg",right,174,— Ghusk 1260.,20
"..\He 6481 (2,2_3_0098.jpg",right,174,— de Gutensperg v. J. de Gudensberg.,21
"..\He 6481 (2,2_3_0098.jpg",right,174,— Guthir 923 982.,22
"..\He 6481 (2,2_3_0098.jpg",right,174,— Habardi de Welyn 647.,23
"..\He 6481 (2,2_3_0098.jpg",right,174,— Habersetzer 1388.,24
"..\He 6481 (2,2_3_0098.jpg",right,174,— Haken 572.,25
"..\He 6481 (2,2_3_0098.jpg",right,174,— Haken 647.,26
"..\He 6481 (2,2_3_0098.jpg",right,174,— Hachgemberg de Lyne de Confluentia 552 647.,27
"..\He 6481 (2,2_3_0098.jpg",right,174,— Hadrer (Hodrer) 649 663 1128.,28
"..\He 6481 (2,2_3_0098.jpg",right,174,— Haech 1059.,29
"..\He 6481 (2,2_3_0098.jpg",right,174,— Haen 69 649.,30
"..\He 6481 (2,2_3_0098.jpg",right,174,— Have 649.,31
"..\He 6481 (2,2_3_0098.jpg",right,174,— de Havelberg 126.,32
"..\He 6481 (2,2_3_0098.jpg",right,174,— ep. Havelberg. 16 284 824.,33
"..\He 6481 (2,2_3_0098.jpg",right,174,— Hagdorn 605.,34
"..\He 6481 (2,2_3_0098.jpg",right,174,— Hagedorn 582.,35
"..\He 6481 (2,2_3_0098.jpg",right,174,— Hagemann 1398.,36
"..\He 6481 (2,2_3_0098.jpg",right,174,— de Hagen 468.,37
"..\He 6481 (2,2_3_0098.jpg",right,174,— de Hagenowia 900 1125.,38
"..\He 6481 (2,2_3_0098.jpg",right,174,— Haggel 650.,39
"..\He 6481 (2,2_3_0098.jpg",right,174,— Haidar al. d. Tuitel 650.,40
"..\He 6481 (2,2_3_0098.jpg",right,174,— Haypekh 650.,41
"..\He 6481 (2,2_3_0098.jpg",right,174,— Halken 183.,42
"..\He 6481 (2,2_3_0098.jpg",right,174,— de Haldungen 650.,43
"..\He 6481 (2,2_3_0098.jpg",right,174,— de Halen 515.,44
"..\He 6481 (2,2_3_0098.jpg",right,174,— Halfwassen 103 704.,45
"..\He 6481 (2,2_3_0098.jpg",right,174,— Halle 650.,46
"..\He 6481 (2,2_3_0098.jpg",right,174,— Hallgarten 650.,47
"..\He 6481 (2,2_3_0102.jpg",left,181,Johannes Johannis Calceatoris d. Vilbart 464.,1
"..\He 6481 (2,2_3_0102.jpg",left,181,— Johannes Carpentarii de Magnovernolio 1262 1376 1386.,2
"..\He 6481 (2,2_3_0102.jpg",left,181,— Johannes de Koddeken de Zellar 671.,3
"..\He 6481 (2,2_3_0102.jpg",left,181,— Johannes de Erenberg 672.,4
"..\He 6481 (2,2_3_0102.jpg",left,181,— Johannes Folpardi 672.,5
"..\He 6481 (2,2_3_0102.jpg",left,181,— Johannes Frubus de Monasterio-meynvelt 672.,6
"..\He 6481 (2,2_3_0102.jpg",left,181,— Johannes Gebhardi 672.,7
"..\He 6481 (2,2_3_0102.jpg",left,181,— Johannes de Glogowitz 672.,8
"..\He 6481 (2,2_3_0102.jpg",left,181,— Johannes Gluer (Glure) de Buhel 672 934.,9
"..\He 6481 (2,2_3_0102.jpg",left,181,— Johannes de Gruten 236 574.,10
"..\He 6481 (2,2_3_0102.jpg",left,181,— Johannes de Guyneneyo 908.,11
"..\He 6481 (2,2_3_0102.jpg",left,181,— Johannes de Hawenheuselín 672.,12
"..\He 6481 (2,2_3_0102.jpg",left,181,— Johannes de Hen de Marvilla 672.,13
"..\He 6481 (2,2_3_0102.jpg",left,181,— Johannes Hereman 401.,14
"..\He 6481 (2,2_3_0102.jpg",left,181,— prep. mon. ss. Johannis bapt. et Joh. ev. e. m. Halberstad. 424.,15
"..\He 6481 (2,2_3_0102.jpg",left,181,— Johannes de Lyns 606.,16
"..\He 6481 (2,2_3_0102.jpg",left,181,— Johannes de Lubana 685 1262.,17
"..\He 6481 (2,2_3_0102.jpg",left,181,— dec. fr. kalend. in eccl. s. Johannis in Lüneborg 407.,18
"..\He 6481 (2,2_3_0102.jpg",left,181,— Johannes de Maguntia 672.,19
"..\He 6481 (2,2_3_0102.jpg",left,181,— Johannes de Manswerd 672.,20
"..\He 6481 (2,2_3_0102.jpg",left,181,— Johannes de Newenburg 672.,21
"..\He 6481 (2,2_3_0102.jpg",left,181,— Johannis Petri de Bossuto 672.,22
"..\He 6481 (2,2_3_0102.jpg",left,181,— Johannes le Revelere de Montemadeyo 673.,23
"..\He 6481 (2,2_3_0102.jpg",left,181,— Johannes Rime 673 738.,24
"..\He 6481 (2,2_3_0102.jpg",left,181,— Johannes de Rymswyck 673.,25
"..\He 6481 (2,2_3_0102.jpg",left,181,— Johannes Samsdag de Bopardia 438 1262.,26
"..\He 6481 (2,2_3_0102.jpg",left,181,— Johannes d. Schurpfer de Pfullendorf 673.,27
"..\He 6481 (2,2_3_0102.jpg",left,181,— Johannes de Septemfontibus 673.,28
"..\He 6481 (2,2_3_0102.jpg",left,181,— Johannes Wolnsteder de Frídeberg 673.,29
"..\He 6481 (2,2_3_0102.jpg",left,181,— Johannes de Cznaym 673.,30
"..\He 6481 (2,2_3_0102.jpg",left,181,— Johannotti de Anna 671.,31
"..\He 6481 (2,2_3_0102.jpg",left,181,— Johardi de Remouilla 673 680 726.,32
"..\He 6481 (2,2_3_0102.jpg",left,181,— Jonaldini 969.,33
"..\He 6481 (2,2_3_0102.jpg",left,181,— Jotzonis 1062.,34
"..\He 6481 (2,2_3_0102.jpg",left,181,— Ippelstorffer 1188.,35
"..\He 6481 (2,2_3_0102.jpg",left,181,— Ysaak 674.,36
"..\He 6481 (2,2_3_0102.jpg",left,181,— de Iselhorst 674 729.,37
"..\He 6481 (2,2_3_0102.jpg",left,181,— Isellin 674.,38
"..\He 6481 (2,2_3_0102.jpg",left,181,— de Iselstein 3 8 121.,39
"..\He 6481 (2,2_3_0102.jpg",left,181,— Isenboldi 652.,40
"..\He 6481 (2,2_3_0102.jpg",left,181,— Isenhard 48 485 674 1262 1314.,41
"..\He 6481 (2,2_3_0101.jpg",right,180,Johannes de Humersum 1104.,1
"..\He 6481 (2,2_3_0101.jpg",right,180,— Hunckel de Butz pach 668.,2
"..\He 6481 (2,2_3_0101.jpg",right,180,— Hundertosse 561.,3
"..\He 6481 (2,2_3_0101.jpg",right,180,— Huneman 522.,4
"..\He 6481 (2,2_3_0101.jpg",right,180,— Hunger 845.,5
"..\He 6481 (2,2_3_0101.jpg",right,180,— de Hunstorff 777.,6
"..\He 6481 (2,2_3_0101.jpg",right,180,— Hurnheim (Hurnhain) v. J. Hornheym.,7
"..\He 6481 (2,2_3_0101.jpg",right,180,— Husbalke 1254.,8
"..\He 6481 (2,2_3_0101.jpg",right,180,— Hutbener 16.,9
"..\He 6481 (2,2_3_0101.jpg",right,180,— de Huxaria 669.,10
"..\He 6481 (2,2_3_0101.jpg",right,180,— Jacobi de Breidbach 669 1209.,11
"..\He 6481 (2,2_3_0101.jpg",right,180,— Jacobi de Rakendorf 669.,12
"..\He 6481 (2,2_3_0101.jpg",right,180,— Jacobinchoff 1262.,13
"..\He 6481 (2,2_3_0101.jpg",right,180,— Jacoci (Jacozi) 669 1262.,14
"..\He 6481 (2,2_3_0101.jpg",right,180,— Jacomardi 672.,15
"..\He 6481 (2,2_3_0101.jpg",right,180,— d. Jan 362.,16
"..\He 6481 (2,2_3_0101.jpg",right,180,"— Janonis de Barsnitz (Borsnitz, Burs-nitz) 311 539 572 637 669 808 843 875 888 951 1376.",17
"..\He 6481 (2,2_3_0101.jpg",right,180,— Jansenstal 669.,18
"..\He 6481 (2,2_3_0101.jpg",right,180,— Janusti Furman de Nesamisl 1386.,19
"..\He 6481 (2,2_3_0101.jpg",right,180,— Iborch 1111.,20
"..\He 6481 (2,2_3_0101.jpg",right,180,— Ichnoti de Onno 669.,21
"..\He 6481 (2,2_3_0101.jpg",right,180,— Jekel 739.,22
"..\He 6481 (2,2_3_0101.jpg",right,180,— Jehere (Jehore) de Remio 669 783.,23
"..\He 6481 (2,2_3_0101.jpg",right,180,— Yersen 17.,24
"..\He 6481 (2,2_3_0101.jpg",right,180,— d. Jesko 639.,25
"..\He 6481 (2,2_3_0101.jpg",right,180,— de Yessa 163.,26
"..\He 6481 (2,2_3_0101.jpg",right,180,— Jessenitz 1195.,27
"..\He 6481 (2,2_3_0101.jpg",right,180,— Igelbeck 621.,28
"..\He 6481 (2,2_3_0101.jpg",right,180,— de Ilmene 670.,29
"..\He 6481 (2,2_3_0101.jpg",right,180,— Ilsung v. J. de Egwil.,30
"..\He 6481 (2,2_3_0101.jpg",right,180,— Ymminchusen (Imeghusen) 731 1020 1201 1268 1314.,31
"..\He 6481 (2,2_3_0101.jpg",right,180,— de Indagine 670.,32
"..\He 6481 (2,2_3_0101.jpg",right,180,— de Indagine 1386.,33
"..\He 6481 (2,2_3_0101.jpg",right,180,— de Indagine al. Vomhayn 483 834.,34
"..\He 6481 (2,2_3_0101.jpg",right,180,— de Inghen 1386.,35
"..\He 6481 (2,2_3_0101.jpg",right,180,— Insinger 671.,36
"..\He 6481 (2,2_3_0101.jpg",right,180,— Institoris 884.,37
"..\He 6481 (2,2_3_0101.jpg",right,180,— Institoris de Franckfordia 1262.,38
"..\He 6481 (2,2_3_0101.jpg",right,180,— Institoris de Wimpina 671.,39
"..\He 6481 (2,2_3_0101.jpg",right,180,— Jode 567.,40
"..\He 6481 (2,2_3_0101.jpg",right,180,— Jodoci de Aquisgranis 671.,41
"..\He 6481 (2,2_3_0101.jpg",right,180,— Joede 1386.,42
"..\He 6481 (2,2_3_0101.jpg",right,180,— Johannis 704.,43
"..\He 6481 (2,2_3_0101.jpg",right,180,— Johannis 1387.,44
"..\He 6481 (2,2_3_0101.jpg",right,180,— Johannis de Aviot de Ynodio 671.,45
"..\He 6481 (2,2_3_0101.jpg",right,180,— abb. mon. s. Johannis bapt. in Blaburen 671 1189.,46
"..\He 6481 (2,2_3_0101.jpg",right,180,— Johannis de Bopardia v. J. J. Sams-dag.,47
"..\He 6481 (2,2_3_0102.jpg",right,182,Johannes Ysenhart de Elrich 675 1114.,1
"..\He 6481 (2,2_3_0102.jpg",right,182,— Isneri 130 675.,2
"..\He 6481 (2,2_3_0102.jpg",right,182,— de Ist 3.,3
"..\He 6481 (2,2_3_0102.jpg",right,182,— Judicis 1353.,4
"..\He 6481 (2,2_3_0102.jpg",right,182,— de Juliaco 1036.,5
"..\He 6481 (2,2_3_0102.jpg",right,182,— Junctam de Bolsenheim 154.,6
"..\He 6481 (2,2_3_0102.jpg",right,182,— Junghe 130 144 294 468 578 1172.,7
"..\He 6481 (2,2_3_0102.jpg",right,182,— d. Jungen de Aquis 675.,8
"..\He 6481 (2,2_3_0102.jpg",right,182,— Juvenis 675.,9
"..\He 6481 (2,2_3_0102.jpg",right,182,— Jux de Sirk 1387.,10
"..\He 6481 (2,2_3_0102.jpg",right,182,— de Lacu 676.,11
"..\He 6481 (2,2_3_0102.jpg",right,182,— Lader 676.,12
"..\He 6481 (2,2_3_0102.jpg",right,182,— Laebi 676.,13
"..\He 6481 (2,2_3_0102.jpg",right,182,— Lamberti 676.,14
"..\He 6481 (2,2_3_0102.jpg",right,182,— Lamberti de Wassenberg 676.,15
"..\He 6481 (2,2_3_0102.jpg",right,182,— Lambillonis 676.,16
"..\He 6481 (2,2_3_0102.jpg",right,182,— Lambleti de Villari 676.,17
"..\He 6481 (2,2_3_0102.jpg",right,182,— Lamkonis 1263.,18
"..\He 6481 (2,2_3_0102.jpg",right,182,— Lampert er 676.,19
"..\He 6481 (2,2_3_0102.jpg",right,182,— Lamperti de Brunsvelt 676.,20
"..\He 6481 (2,2_3_0102.jpg",right,182,— Lanacher 676.,21
"..\He 6481 (2,2_3_0102.jpg",right,182,— de Landenberg (Landeberg) 901 909 1028.,22
"..\He 6481 (2,2_3_0102.jpg",right,182,— Landford de Buckeborch 1241 1401.,23
"..\He 6481 (2,2_3_0102.jpg",right,182,— Langhe 17.,24
"..\He 6481 (2,2_3_0102.jpg",right,182,— Langhe 447 677 1071.,25
"..\He 6481 (2,2_3_0102.jpg",right,182,— Langhe 677.,26
"..\He 6481 (2,2_3_0102.jpg",right,182,— Langhe 769.,27
"..\He 6481 (2,2_3_0102.jpg",right,182,— Langevelt 677.,28
"..\He 6481 (2,2_3_0102.jpg",right,182,— Langel 677.,29
"..\He 6481 (2,2_3_0102.jpg",right,182,— Langhen 419.,30
"..\He 6481 (2,2_3_0102.jpg",right,182,— Langhen 677.,31
"..\He 6481 (2,2_3_0102.jpg",right,182,— Langenberg 677.,32
"..\He 6481 (2,2_3_0102.jpg",right,182,— Langnaw 677 1280.,33
"..\He 6481 (2,2_3_0102.jpg",right,182,— de Lansbergh 677.,34
"..\He 6481 (2,2_3_0102.jpg",right,182,— Lantgravii 677.,35
"..\He 6481 (2,2_3_0102.jpg",right,182,— Lantgrebe 677.,36
"..\He 6481 (2,2_3_0102.jpg",right,182,— Lapicida (Lapide) de Monthabur 677.,37
"..\He 6481 (2,2_3_0102.jpg",right,182,— Lapicide 723 1171.,38
"..\He 6481 (2,2_3_0102.jpg",right,182,— de Lapide v. J. Conradi de L.,39
"..\He 6481 (2,2_3_0102.jpg",right,182,— de Lapide 1263.,40
"..\He 6481 (2,2_3_0102.jpg",right,182,— Lapide de Heydelberg 678.,41
"..\He 6481 (2,2_3_0102.jpg",right,182,— Larich 1230.,42
"..\He 6481 (2,2_3_0102.jpg",right,182,— d. Latzroer 678.,43
"..\He 6481 (2,2_3_0102.jpg",right,182,— abb. mon. s. Laurentii in Oesbroch e. m. Traiect. 1263 1387.,44
"..\He 6481 (2,2_3_0102.jpg",right,182,— Laurentii Wyngas de Wratislavia 280 595 678 790 1264 1318.,45
"..\He 6481 (2,2_3_0102.jpg",right,182,— ep. Lausan. 678.,46
"..\He 6481 (2,2_3_0102.jpg",right,182,— Lauwardi de Gravia 1263.,47
"..\He 6481 (2,2_3_0102.jpg",right,182,— Lazzinger 679.,48
"..\He 6481 (2,2_3_0102.jpg",right,182,— Le 580 1323.,49
"..\He 6481 (2,2_3_0103.jpg",left,183,Johannes de Leblan Correne 933.,1
"..\He 6481 (2,2_3_0103.jpg",left,183,— Lechelmunt 283.,2
"..\He 6481 (2,2_3_0103.jpg",left,183,— Leferdes 679.,3
"..\He 6481 (2,2_3_0103.jpg",left,183,— Lehenherre 679.,4
"..\He 6481 (2,2_3_0103.jpg",left,183,— de Leych 679.,5
"..\He 6481 (2,2_3_0103.jpg",left,183,— de Leyenberch 679 989.,6
"..\He 6481 (2,2_3_0103.jpg",left,183,— Leman de Torgow 680.,7
"..\He 6481 (2,2_3_0103.jpg",left,183,— Lemkonis 680 1263.,8
"..\He 6481 (2,2_3_0103.jpg",left,183,— Lemnichen 378.,9
"..\He 6481 (2,2_3_0103.jpg",left,183,— Lenkner 1389.,10
"..\He 6481 (2,2_3_0103.jpg",left,183,— Lengenfelt 539.,11
"..\He 6481 (2,2_3_0103.jpg",left,183,— de Lennendorp (Lendersdorp) 680 1224 1387.,12
"..\He 6481 (2,2_3_0103.jpg",left,183,— ep. Leod. v. J. Alberti ex ducibus Bavarie.,13
"..\He 6481 (2,2_3_0103.jpg",left,183,— de Leone (Leo) 12 25 28.,14
"..\He 6481 (2,2_3_0103.jpg",left,183,— de Leone 237.,15
"..\He 6481 (2,2_3_0103.jpg",left,183,— Leoneti de Ynodio 545 680.,16
"..\He 6481 (2,2_3_0103.jpg",left,183,— Leonis 642 654.,17
"..\He 6481 (2,2_3_0103.jpg",left,183,— Leonis 775.,18
"..\He 6481 (2,2_3_0103.jpg",left,183,— de Leopardis 1426.,19
"..\He 6481 (2,2_3_0103.jpg",left,183,— Lepore 719.,20
"..\He 6481 (2,2_3_0103.jpg",left,183,— Lepper 680.,21
"..\He 6481 (2,2_3_0103.jpg",left,183,— Lepus de Lutzenborg 680.,22
"..\He 6481 (2,2_3_0103.jpg",left,183,— Lesche 396.,23
"..\He 6481 (2,2_3_0103.jpg",left,183,— Lesselow (Lesslaw) 105 681.,24
"..\He 6481 (2,2_3_0103.jpg",left,183,— de Letelen 1263.,25
"..\He 6481 (2,2_3_0103.jpg",left,183,— d. Letschman 860.,26
"..\He 6481 (2,2_3_0103.jpg",left,183,— Levenham 679.,27
"..\He 6481 (2,2_3_0103.jpg",left,183,— Lewenstein 1398.,28
"..\He 6481 (2,2_3_0103.jpg",left,183,— de Lewin 906.,29
"..\He 6481 (2,2_3_0103.jpg",left,183,— Lewitz 681.,30
"..\He 6481 (2,2_3_0103.jpg",left,183,— Levoldi 681.,31
"..\He 6481 (2,2_3_0103.jpg",left,183,— de Leze 418.,32
"..\He 6481 (2,2_3_0103.jpg",left,183,— Libergen 578 681 1100.,33
"..\He 6481 (2,2_3_0103.jpg",left,183,— Libergin de Eheleibin 690.,34
"..\He 6481 (2,2_3_0103.jpg",left,183,— Libhardi 713.,35
"..\He 6481 (2,2_3_0103.jpg",left,183,— Lichenwelt 1398.,36
"..\He 6481 (2,2_3_0103.jpg",left,183,— de Lichtenberg 1340.,37
"..\He 6481 (2,2_3_0103.jpg",left,183,— Lichtenow 681 757 758.,38
"..\He 6481 (2,2_3_0103.jpg",left,183,— baro de Lichtensteyn 315 681.,39
"..\He 6481 (2,2_3_0103.jpg",left,183,— de Lichtenstein 505.,40
"..\He 6481 (2,2_3_0103.jpg",left,183,— Lidderbach 768.,41
"..\He 6481 (2,2_3_0103.jpg",left,183,— Liebe 887.,42
"..\He 6481 (2,2_3_0103.jpg",left,183,— Lyebing de Miltinberg 1263.,43
"..\He 6481 (2,2_3_0103.jpg",left,183,— Lyechtenberg 147.,44
"..\He 6481 (2,2_3_0103.jpg",left,183,— de Ligenitz 904.,45
"..\He 6481 (2,2_3_0103.jpg",left,183,— de Ligno 986.,46
"..\He 6481 (2,2_3_0103.jpg",left,183,— de Lymburgia 790.,47
"..\He 6481 (2,2_3_0103.jpg",left,183,— Linke 681.,48
"..\He 6481 (2,2_3_0103.jpg",left,183,— de Lindelbach de Thoro 681 987.,49
"..\He 6481 (2,2_3_0103.jpg",left,183,— de Linden 1025.,50
"..\He 6481 (2,2_3_0103.jpg",left,183,— Lindenow de Nissa v. J. Hugeldi.,51
"..\He 6481 (2,2_3_0104.jpg",left,185,Johannes Luce Vitrificis 685.,1
"..\He 6481 (2,2_3_0104.jpg",left,185,— de Lucemburgo 558 (cf. J. Pettis-meister).,2
"..\He 6481 (2,2_3_0104.jpg",left,185,— Luci 686.,3
"..\He 6481 (2,2_3_0104.jpg",left,185,— de Lucritz 686.,4
"..\He 6481 (2,2_3_0104.jpg",left,185,— de Lude 587.,5
"..\He 6481 (2,2_3_0104.jpg",left,185,— Ludighusen 686.,6
"..\He 6481 (2,2_3_0104.jpg",left,185,— de Ludinckhuzen 686.,7
"..\He 6481 (2,2_3_0104.jpg",left,185,— Ludolff 596.,8
"..\He 6481 (2,2_3_0104.jpg",left,185,— Ludovici de Lesseys 686 933.,9
"..\He 6481 (2,2_3_0104.jpg",left,185,— Ludowici Piscatoris de Battenburg 389 390.,10
"..\He 6481 (2,2_3_0104.jpg",left,185,— Lugli de Diessenhoven 147 260 686.,11
"..\He 6481 (2,2_3_0104.jpg",left,185,— Lulle de Ludenstorff 686.,12
"..\He 6481 (2,2_3_0104.jpg",left,185,— de Lumbardia de Goch 975.,13
"..\He 6481 (2,2_3_0104.jpg",left,185,— Lunow 571 687 820.,14
"..\He 6481 (2,2_3_0104.jpg",left,185,— Lupi 687.,15
"..\He 6481 (2,2_3_0104.jpg",left,185,— Lupi 121 300 687 946 1264.,16
"..\He 6481 (2,2_3_0104.jpg",left,185,— Lupini al. Dorat v. J. Loppini.,17
"..\He 6481 (2,2_3_0104.jpg",left,185,— Luprehti de Vila 687.,18
"..\He 6481 (2,2_3_0104.jpg",left,185,— Lust al. d. Schechs 580 687 1130.,19
"..\He 6481 (2,2_3_0104.jpg",left,185,— de Luterburg v. J. Heimlich.,20
"..\He 6481 (2,2_3_0104.jpg",left,185,— de Lutermyn gen 688.,21
"..\He 6481 (2,2_3_0104.jpg",left,185,— Lutiger 417.,22
"..\He 6481 (2,2_3_0104.jpg",left,185,— de Luticz 688.,23
"..\He 6481 (2,2_3_0104.jpg",left,185,— Luts 688.,24
"..\He 6481 (2,2_3_0104.jpg",left,185,— Lutternbach 688.,25
"..\He 6481 (2,2_3_0104.jpg",left,185,— Lutze ken 51.,26
"..\He 6481 (2,2_3_0104.jpg",left,185,— Lutzonis 914 987.,27
"..\He 6481 (2,2_3_0104.jpg",left,185,— Makart 688.,28
"..\He 6481 (2,2_3_0104.jpg",left,185,— Machfrede de Molleshem 688.,29
"..\He 6481 (2,2_3_0104.jpg",left,185,— Macinger de Keyserstul 1387.,30
"..\He 6481 (2,2_3_0104.jpg",left,185,— d. Mader 644.,31
"..\He 6481 (2,2_3_0104.jpg",left,185,— Maerk 1393.,32
"..\He 6481 (2,2_3_0104.jpg",left,185,— com. de Magdburch Patav. dioc. 688.,33
"..\He 6481 (2,2_3_0104.jpg",left,185,— Magister (Magistri) 207 1154.,34
"..\He 6481 (2,2_3_0104.jpg",left,185,— Magistri 207.,35
"..\He 6481 (2,2_3_0104.jpg",left,185,— dux Magnopol. 824.,36
"..\He 6481 (2,2_3_0104.jpg",left,185,— Magnus 276.,37
"..\He 6481 (2,2_3_0104.jpg",left,185,— aep. Magunt. v. J. de Nasso.,38
"..\He 6481 (2,2_3_0104.jpg",left,185,— de Maguntia v. J. Muntscheman.,39
"..\He 6481 (2,2_3_0104.jpg",left,185,— Mayenberg (Maigenberg) 688 1201.,40
"..\He 6481 (2,2_3_0104.jpg",left,185,— Maiger 584.,41
"..\He 6481 (2,2_3_0104.jpg",left,185,— Mailwael 504.,42
"..\He 6481 (2,2_3_0104.jpg",left,185,— Mayr de Dinkelspuhel 1429.,43
"..\He 6481 (2,2_3_0104.jpg",left,185,— Mayrlin 689.,44
"..\He 6481 (2,2_3_0104.jpg",left,185,"— de Maitburg (Martping, Marburg) 17 614 618.",45
"..\He 6481 (2,2_3_0104.jpg",left,185,— Malkaw de Pruszia v. J. Nicolai M.,46
"..\He 6481 (2,2_3_0104.jpg",left,185,— de Malesitz 1264.,47
"..\He 6481 (2,2_3_0104.jpg",left,185,— Man 689.,48
"..\He 6481 (2,2_3_0104.jpg",left,185,— Manceiller v. J. Meyceller.,49
"..\He 6481 (2,2_3_0104.jpg",right,186,Johannes Manco de Neapoli 13 689 859 1122.,1
"..\He 6481 (2,2_3_0104.jpg",right,186,— de Mansforde 689.,2
"..\He 6481 (2,2_3_0104.jpg",right,186,— Manzinus 690.,3
"..\He 6481 (2,2_3_0104.jpg",right,186,— tit. s. Marcelli presb. card. 21 279.,4
"..\He 6481 (2,2_3_0104.jpg",right,186,— Marcilii 124 690 818.,5
"..\He 6481 (2,2_3_0104.jpg",right,186,— Marescalli 691 1225.,6
"..\He 6481 (2,2_3_0104.jpg",right,186,— abb. mon. s. Marie de Gotwico (Chotwico) 110 597 640 690 945.,7
"..\He 6481 (2,2_3_0104.jpg",right,186,— abb. mon. s. Marie de Richimbach 690.,8
"..\He 6481 (2,2_3_0104.jpg",right,186,— Marius de Confluentia 1387.,9
"..\He 6481 (2,2_3_0104.jpg",right,186,— de Marpach 690.,10
"..\He 6481 (2,2_3_0104.jpg",right,186,— de Marpurg 691 (cf. J. de Maitburg),11
"..\He 6481 (2,2_3_0104.jpg",right,186,— Marschalk 415 691.,12
"..\He 6481 (2,2_3_0104.jpg",right,186,— Marschalk de Biberbach 691.,13
"..\He 6481 (2,2_3_0104.jpg",right,186,— Marsteller (Marstaler) 691 1368.,14
"..\He 6481 (2,2_3_0104.jpg",right,186,— Marterlich 1264.,15
"..\He 6481 (2,2_3_0104.jpg",right,186,— Martini 692.,16
"..\He 6481 (2,2_3_0104.jpg",right,186,— Martini de Cassel 691.,17
"..\He 6481 (2,2_3_0104.jpg",right,186,— Martini de Marvilla 264.,18
"..\He 6481 (2,2_3_0104.jpg",right,186,— Martini al. d. de Teychnitz 17.,19
"..\He 6481 (2,2_3_0104.jpg",right,186,— Masche d. Blankenburg 692.,20
"..\He 6481 (2,2_3_0104.jpg",right,186,— de Massaincoarte 692 997.,21
"..\He 6481 (2,2_3_0104.jpg",right,186,— ep. Massan. 692.,22
"..\He 6481 (2,2_3_0104.jpg",right,186,— Mathei 692.,23
"..\He 6481 (2,2_3_0104.jpg",right,186,— Mathie de Aquis 324.,24
"..\He 6481 (2,2_3_0104.jpg",right,186,— Mathie de Bloczeszewo 692.,25
"..\He 6481 (2,2_3_0104.jpg",right,186,— Matricularii 88 692 1002.,26
"..\He 6481 (2,2_3_0104.jpg",right,186,— Maurer 705.,27
"..\He 6481 (2,2_3_0104.jpg",right,186,— abb. mon. s. Mauritii in inferiori Altach 693.,28
"..\He 6481 (2,2_3_0104.jpg",right,186,— de Mautarn (Mauttern) v. J. Herll.,29
"..\He 6481 (2,2_3_0104.jpg",right,186,— de Mawrkirchen v. J. Huebner.,30
"..\He 6481 (2,2_3_0104.jpg",right,186,— de Mawrheim al. Cuphersmit 693.,31
"..\He 6481 (2,2_3_0104.jpg",right,186,— dux Mazovie 693.,32
"..\He 6481 (2,2_3_0104.jpg",right,186,— Mechelbeke 1387.,33
"..\He 6481 (2,2_3_0104.jpg",right,186,— Mekol 138.,34
"..\He 6481 (2,2_3_0104.jpg",right,186,— d. Medica 448.,35
"..\He 6481 (2,2_3_0104.jpg",right,186,— Medici 1265.,36
"..\He 6481 (2,2_3_0104.jpg",right,186,— de Medicis de Florentia 55 132 362 530 693 705 1148 1208 1387.,37
"..\He 6481 (2,2_3_0104.jpg",right,186,— Meem 693.,38
"..\He 6481 (2,2_3_0104.jpg",right,186,— Meermeister 1097.,39
"..\He 6481 (2,2_3_0104.jpg",right,186,— Meffredi 694.,40
"..\He 6481 (2,2_3_0104.jpg",right,186,— el. Megaren. 917.,41
"..\He 6481 (2,2_3_0104.jpg",right,186,— Megeri 694.,42
"..\He 6481 (2,2_3_0104.jpg",right,186,"— Meyceller (Manceyller, Monceller) 701 1211 1280 1308.",43
"..\He 6481 (2,2_3_0104.jpg",right,186,— Meyener 1388.,44
"..\He 6481 (2,2_3_0104.jpg",right,186,— Meyer 241 408 694 742 1233 1346.,45
"..\He 6481 (2,2_3_0104.jpg",right,186,— Meyer (Moer) de Esch 445 514.,46
"..\He 6481 (2,2_3_0104.jpg",right,186,— Meyer de Wolffhain 1411.,47
"..\He 6481 (2,2_3_0105.jpg",left,187,Johannes Meynardi 39.,1
"..\He 6481 (2,2_3_0105.jpg",left,187,— de Meynem 407.,2
"..\He 6481 (2,2_3_0105.jpg",left,187,— Meyner 695 1392.,3
"..\He 6481 (2,2_3_0105.jpg",left,187,— Meynesti 695 826 1254 1265.,4
"..\He 6481 (2,2_3_0105.jpg",left,187,— Meyntzer 833.,5
"..\He 6481 (2,2_3_0105.jpg",left,187,— Meyr v. J. Meyer.,6
"..\He 6481 (2,2_3_0105.jpg",left,187,— Meysen 696.,7
"..\He 6481 (2,2_3_0105.jpg",left,187,— baro de Meyssaw 696.,8
"..\He 6481 (2,2_3_0105.jpg",left,187,— Melene 1080.,9
"..\He 6481 (2,2_3_0105.jpg",left,187,— Melle 696.,10
"..\He 6481 (2,2_3_0105.jpg",left,187,— Meltere 696.,11
"..\He 6481 (2,2_3_0105.jpg",left,187,— Meltzer 696 1203 1265.,12
"..\He 6481 (2,2_3_0105.jpg",left,187,— Menkonis 696.,13
"..\He 6481 (2,2_3_0105.jpg",left,187,— Menesti v. J. Meynesti.,14
"..\He 6481 (2,2_3_0105.jpg",left,187,— Mengen (Muegen) 136.,15
"..\He 6481 (2,2_3_0105.jpg",left,187,— Menger 1265 1342.,16
"..\He 6481 (2,2_3_0105.jpg",left,187,— Mengoti de Landenburg 696.,17
"..\He 6481 (2,2_3_0105.jpg",left,187,— Mennelini (Mennelin) 564 655.,18
"..\He 6481 (2,2_3_0105.jpg",left,187,— Mennen 1388.,19
"..\He 6481 (2,2_3_0105.jpg",left,187,— Mensonis 1265 1388.,20
"..\He 6481 (2,2_3_0105.jpg",left,187,— Mentz 1388.,21
"..\He 6481 (2,2_3_0105.jpg",left,187,— Mentze de Ameneburg 134.,22
"..\He 6481 (2,2_3_0105.jpg",left,187,— Mentzer 1317.,23
"..\He 6481 (2,2_3_0105.jpg",left,187,— Mentzer de Huchelnheim 696.,24
"..\He 6481 (2,2_3_0105.jpg",left,187,— Mer 568.,25
"..\He 6481 (2,2_3_0105.jpg",left,187,— de Mera 49 228 697.,26
"..\He 6481 (2,2_3_0105.jpg",left,187,— Mercatoris 675 697.,27
"..\He 6481 (2,2_3_0105.jpg",left,187,— de Merceborg 503.,28
"..\He 6481 (2,2_3_0105.jpg",left,187,— de Merkenich v. J. de Merkenich.,29
"..\He 6481 (2,2_3_0105.jpg",left,187,— Mercklini 80.,30
"..\He 6481 (2,2_3_0105.jpg",left,187,— iun. de Merheim 254.,31
"..\He 6481 (2,2_3_0105.jpg",left,187,— de Meris 1150.,32
"..\He 6481 (2,2_3_0105.jpg",left,187,— de Merlscheit 697.,33
"..\He 6481 (2,2_3_0105.jpg",left,187,— de Mernberch 698.,34
"..\He 6481 (2,2_3_0105.jpg",left,187,— Mers 1266.,35
"..\He 6481 (2,2_3_0105.jpg",left,187,— Merseburg 674.,36
"..\He 6481 (2,2_3_0105.jpg",left,187,"— ep. Merseburg., ep. Lubuc. 455 698 1121.",37
"..\He 6481 (2,2_3_0105.jpg",left,187,— d. Merswin 6.,38
"..\He 6481 (2,2_3_0105.jpg",left,187,— de Merten 698.,39
"..\He 6481 (2,2_3_0105.jpg",left,187,— Merterleich 1034.,40
"..\He 6481 (2,2_3_0105.jpg",left,187,— de Mertzzenich (Merkenich) 697 1279.,41
"..\He 6481 (2,2_3_0105.jpg",left,187,— Mescheid 391.,42
"..\He 6481 (2,2_3_0105.jpg",left,187,— Mesenaw 869.,43
"..\He 6481 (2,2_3_0105.jpg",left,187,— Mesterhermes 698.,44
"..\He 6481 (2,2_3_0105.jpg",left,187,— de Mestorp 792.,45
"..\He 6481 (2,2_3_0105.jpg",left,187,— Meszersmyd 419.,46
"..\He 6481 (2,2_3_0105.jpg",left,187,— d. Mewus 172.,47
"..\He 6481 (2,2_3_0105.jpg",left,187,— Mezebor 1149 1433.,48
"..\He 6481 (2,2_3_0105.jpg",left,187,— Michaelis 698.,49
"..\He 6481 (2,2_3_0105.jpg",left,187,— Michaelis de Srzem 698.,50
"..\He 6481 (2,2_3_0105.jpg",right,188,Johannes prep. mon. s. Michaelis Trident. dioc. 109.,1
"..\He 6481 (2,2_3_0105.jpg",right,188,— in Michilwitz 1149 1434.,2
"..\He 6481 (2,2_3_0105.jpg",right,188,— Michonis de Sredael 698.,3
"..\He 6481 (2,2_3_0105.jpg",right,188,— Middelstraten 432 698.,4
"..\He 6481 (2,2_3_0105.jpg",right,188,— de Mijnden 698.,5
"..\He 6481 (2,2_3_0105.jpg",right,188,— de Mila 311 317 699 736 1060 1229 1266 1272 1273.,6
"..\He 6481 (2,2_3_0105.jpg",right,188,— Mylers (Mileyns) 512 929.,7
"..\He 6481 (2,2_3_0105.jpg",right,188,— Millitoris 564.,8
"..\He 6481 (2,2_3_0105.jpg",right,188,— abb. mon. in Milstat v. J. abb. mon. s. Salvatoris.,9
"..\He 6481 (2,2_3_0105.jpg",right,188,— de Miltz 382 700.,10
"..\He 6481 (2,2_3_0105.jpg",right,188,— de Myn 1294.,11
"..\He 6481 (2,2_3_0105.jpg",right,188,— de Minda 700.,12
"..\He 6481 (2,2_3_0105.jpg",right,188,— ep. Minden. 700 (cf. Wilhelmus ep. Minden.).,13
"..\He 6481 (2,2_3_0105.jpg",right,188,— Minden 700.,14
"..\He 6481 (2,2_3_0105.jpg",right,188,— de Minden 701 1264.,15
"..\He 6481 (2,2_3_0105.jpg",right,188,— de Minderbach 243.,16
"..\He 6481 (2,2_3_0105.jpg",right,188,— d. Minor 138 139.,17
"..\He 6481 (2,2_3_0105.jpg",right,188,— Minsche (Mynsse) 701 1388.,18
"..\He 6481 (2,2_3_0105.jpg",right,188,— Mintzenberg 438.,19
"..\He 6481 (2,2_3_0105.jpg",right,188,— Mintzenberg 1388.,20
"..\He 6481 (2,2_3_0105.jpg",right,188,— Mintzenberg v. J. Heinrici.,21
"..\He 6481 (2,2_3_0105.jpg",right,188,— Mirkil de Franckinstein 606.,22
"..\He 6481 (2,2_3_0105.jpg",right,188,— Mys 233.,23
"..\He 6481 (2,2_3_0105.jpg",right,188,— ep. Misn. v. J. ep. Lubuc.,24
"..\He 6481 (2,2_3_0105.jpg",right,188,— Misner 316.,25
"..\He 6481 (2,2_3_0105.jpg",right,188,— d. Misner 701.,26
"..\He 6481 (2,2_3_0105.jpg",right,188,— Miss 464.,27
"..\He 6481 (2,2_3_0105.jpg",right,188,"— Mochwang (Mothwang, Monchwang) de Sasbach (Sachsbach) 147 174 466 670 701.",28
"..\He 6481 (2,2_3_0105.jpg",right,188,— Moer 701.,29
"..\He 6481 (2,2_3_0105.jpg",right,188,— Moerkerke v. J. Morkerken.,30
"..\He 6481 (2,2_3_0105.jpg",right,188,— Moylike 822.,31
"..\He 6481 (2,2_3_0105.jpg",right,188,— Moisscheit 673.,32
"..\He 6481 (2,2_3_0105.jpg",right,188,— Molendinarii 254 520 702 1243 1318.,33
"..\He 6481 (2,2_3_0105.jpg",right,188,— de Molendino 702 1266 1369.,34
"..\He 6481 (2,2_3_0105.jpg",right,188,— de Molendino 702.,35
"..\He 6481 (2,2_3_0105.jpg",right,188,— de Molendino 702.,36
"..\He 6481 (2,2_3_0105.jpg",right,188,— de Molendino 752.,37
"..\He 6481 (2,2_3_0105.jpg",right,188,— de Molendino 992.,38
"..\He 6481 (2,2_3_0105.jpg",right,188,— de Molenheim 236 703 1266.,39
"..\He 6481 (2,2_3_0105.jpg",right,188,— Molitoris 1388.,40
"..\He 6481 (2,2_3_0105.jpg",right,188,— Molitoris de Mintzenberg 703.,41
"..\He 6481 (2,2_3_0105.jpg",right,188,— Mollendorp 703.,42
"..\He 6481 (2,2_3_0105.jpg",right,188,— Moller 1017.,43
"..\He 6481 (2,2_3_0105.jpg",right,188,— Molner de Gdanzk 703 1086 1194 1220 1266 1388.,44
"..\He 6481 (2,2_3_0105.jpg",right,188,— de Molre 963.,45
"..\He 6481 (2,2_3_0105.jpg",right,188,— Molstorff 703.,46
"..\He 6481 (2,2_3_0101.jpg",left,179,Johannes Holenberg al. d. Bock 1386.,1
"..\He 6481 (2,2_3_0101.jpg",left,179,— Holte 1090.,2
"..\He 6481 (2,2_3_0101.jpg",left,179,— Holtvorste de Hertsberg 1386.,3
"..\He 6481 (2,2_3_0101.jpg",left,179,— Holthusen v. J. Peperisen.,4
"..\He 6481 (2,2_3_0101.jpg",left,179,— de Holtorp 561.,5
"..\He 6481 (2,2_3_0101.jpg",left,179,— in Holtz 665.,6
"..\He 6481 (2,2_3_0101.jpg",left,179,— Holtzacie 820.,7
"..\He 6481 (2,2_3_0101.jpg",left,179,— Holtzappel 665.,8
"..\He 6481 (2,2_3_0101.jpg",left,179,— prep. mon. in Holtzkirchen 413.,9
"..\He 6481 (2,2_3_0101.jpg",left,179,— Holzheuwer 665.,10
"..\He 6481 (2,2_3_0101.jpg",left,179,— Holtzheuwer de Bruwilre 1386.,11
"..\He 6481 (2,2_3_0101.jpg",left,179,— de Holtzhusen 419 665 1120.,12
"..\He 6481 (2,2_3_0101.jpg",left,179,— Holtzinger 1262.,13
"..\He 6481 (2,2_3_0101.jpg",left,179,— de Homberg 437.,14
"..\He 6481 (2,2_3_0101.jpg",left,179,— de Home 1021.,15
"..\He 6481 (2,2_3_0101.jpg",left,179,— de Homer 666.,16
"..\He 6481 (2,2_3_0101.jpg",left,179,— de Homersheim 1138.,17
"..\He 6481 (2,2_3_0101.jpg",left,179,— de Homoet 666.,18
"..\He 6481 (2,2_3_0101.jpg",left,179,— Honych de Antiquoforo 666.,19
"..\He 6481 (2,2_3_0101.jpg",left,179,— Honichin de Urba 666.,20
"..\He 6481 (2,2_3_0101.jpg",left,179,— de Honslan al. d. Vandemvelde 1289.,21
"..\He 6481 (2,2_3_0101.jpg",left,179,— Hont de Offenbrug 666.,22
"..\He 6481 (2,2_3_0101.jpg",left,179,— de Hope 891.,23
"..\He 6481 (2,2_3_0101.jpg",left,179,"— Hoppe, el. Rutin. 666.",24
"..\He 6481 (2,2_3_0101.jpg",left,179,— Hoppen 666.,25
"..\He 6481 (2,2_3_0101.jpg",left,179,— Hoppenner de Cassele 666.,26
"..\He 6481 (2,2_3_0101.jpg",left,179,— Hopt 1055.,27
"..\He 6481 (2,2_3_0101.jpg",left,179,— d. Horenbach 666.,28
"..\He 6481 (2,2_3_0101.jpg",left,179,— Horing 879.,29
"..\He 6481 (2,2_3_0101.jpg",left,179,— Horn 1292.,30
"..\He 6481 (2,2_3_0101.jpg",left,179,— de Horne 55.,31
"..\He 6481 (2,2_3_0101.jpg",left,179,— de Hornheym (Hurnheim) 607 653 668 1262.,32
"..\He 6481 (2,2_3_0101.jpg",left,179,— de Hornstein 315 318.,33
"..\He 6481 (2,2_3_0101.jpg",left,179,— Hortenbach 1213.,34
"..\He 6481 (2,2_3_0101.jpg",left,179,— Hotnaten 1104.,35
"..\He 6481 (2,2_3_0101.jpg",left,179,— Hotzeler 667.,36
"..\He 6481 (2,2_3_0101.jpg",left,179,— Houard 667.,37
"..\He 6481 (2,2_3_0101.jpg",left,179,— Houschilt 667.,38
"..\He 6481 (2,2_3_0101.jpg",left,179,— Huardi de Ynodio 667.,39
"..\He 6481 (2,2_3_0101.jpg",left,179,— Hubner v. J. Huebner.,40
"..\He 6481 (2,2_3_0101.jpg",left,179,— de Huchelnheym 668.,41
"..\He 6481 (2,2_3_0101.jpg",left,179,— de Hukelnhem 1261.,42
"..\He 6481 (2,2_3_0101.jpg",left,179,— Huebner (Hubner) al. de Mawrchirchen 212 555 667 962 1136.,43
"..\He 6481 (2,2_3_0101.jpg",left,179,— Hufnagel 668.,44
"..\He 6481 (2,2_3_0101.jpg",left,179,— Hugeldi de Lindenaw de Nissa 668 682.,45
"..\He 6481 (2,2_3_0101.jpg",left,179,— Hughomanni 668.,46
"..\He 6481 (2,2_3_0101.jpg",left,179,— Hugonis 668.,47
"..\He 6481 (2,2_3_0101.jpg",left,179,— Hugonis de Reno de Mulnhusen 668 737.,48
"..\He 6481 (2,2_3_0101.jpg",left,179,— Hultzengot 508.,49
"..\He 6481 (2,2_3_0099.jpg",left,175,Johannes Hamelein (de Hamele) 650 1261.,1
"..\He 6481 (2,2_3_0099.jpg",left,175,— de Hanko de Grodzisko 651.,2
"..\He 6481 (2,2_3_0099.jpg",left,175,— Hanconis de Radzcijow 1384.,3
"..\He 6481 (2,2_3_0099.jpg",left,175,— Hangel v. J. Haugel.,4
"..\He 6481 (2,2_3_0099.jpg",left,175,— Hanczlonis Wadwutz de Dambrowa,5
"..\He 6481 (2,2_3_0099.jpg",left,175,— Happelonis 773 829. [1261.,6
"..\He 6481 (2,2_3_0099.jpg",left,175,— Happelstorffer v. J. Hyppelstorfer.,7
"..\He 6481 (2,2_3_0099.jpg",left,175,— Hardevuyst de Boten 800.,8
"..\He 6481 (2,2_3_0099.jpg",left,175,— Harden 651.,9
"..\He 6481 (2,2_3_0099.jpg",left,175,— de Haren 651.,10
"..\He 6481 (2,2_3_0099.jpg",left,175,— Harestrate v. J. Hazestr ate.,11
"..\He 6481 (2,2_3_0099.jpg",left,175,— Haring v. J. Heryng.,12
"..\He 6481 (2,2_3_0099.jpg",left,175,— Harnstein v. J. Hornstein.,13
"..\He 6481 (2,2_3_0099.jpg",left,175,— Harteke 330.,14
"..\He 6481 (2,2_3_0099.jpg",left,175,— com. de Hartekke 651.,15
"..\He 6481 (2,2_3_0099.jpg",left,175,— Hartenberg 1384.,16
"..\He 6481 (2,2_3_0099.jpg",left,175,"— Hartzrode (Hartesrode, Hert esrode) 50 263 651 735 761 765 917.",17
"..\He 6481 (2,2_3_0099.jpg",left,175,— Hasken 436 652.,18
"..\He 6481 (2,2_3_0099.jpg",left,175,— de Hase 449.,19
"..\He 6481 (2,2_3_0099.jpg",left,175,— Hase de Rathingen 652 1110.,20
"..\He 6481 (2,2_3_0099.jpg",left,175,— de Haselbach 705.,21
"..\He 6481 (2,2_3_0099.jpg",left,175,— Hasse de Wildungen 652.,22
"..\He 6481 (2,2_3_0099.jpg",left,175,— Hasselt de Herkelo 40 653.,23
"..\He 6481 (2,2_3_0099.jpg",left,175,— Hattener (v. Hetener) 526.,24
"..\He 6481 (2,2_3_0099.jpg",left,175,— Haubryg 653.,25
"..\He 6481 (2,2_3_0099.jpg",left,175,— Haugel (Hangel) 653 1216.,26
"..\He 6481 (2,2_3_0099.jpg",left,175,— Haugisen de Crutzenaco 1258.,27
"..\He 6481 (2,2_3_0099.jpg",left,175,— Haugrebe 189.,28
"..\He 6481 (2,2_3_0099.jpg",left,175,— Hawle (Hawlen) 653.,29
"..\He 6481 (2,2_3_0099.jpg",left,175,— Hazestr ate (Harestrate) 787.,30
"..\He 6481 (2,2_3_0099.jpg",left,175,— Hebbeler 1261.,31
"..\He 6481 (2,2_3_0099.jpg",left,175,— Hebel 653.,32
"..\He 6481 (2,2_3_0099.jpg",left,175,— de Hebel de Hasemanshusen 547.,33
"..\He 6481 (2,2_3_0099.jpg",left,175,— Hebenstreit 653.,34
"..\He 6481 (2,2_3_0099.jpg",left,175,— Hecht 1095 1384.,35
"..\He 6481 (2,2_3_0099.jpg",left,175,— de Hedinstorff 654.,36
"..\He 6481 (2,2_3_0099.jpg",left,175,— de Heemsteden 654.,37
"..\He 6481 (2,2_3_0099.jpg",left,175,— de Heenvliet 654 1261.,38
"..\He 6481 (2,2_3_0099.jpg",left,175,— Heykendorp 654.,39
"..\He 6481 (2,2_3_0099.jpg",left,175,— de Heydek 654 864.,40
"..\He 6481 (2,2_3_0099.jpg",left,175,— Heydel 654.,41
"..\He 6481 (2,2_3_0099.jpg",left,175,— de Heyden 654 904.,42
"..\He 6481 (2,2_3_0099.jpg",left,175,— Heiden 654 986.,43
"..\He 6481 (2,2_3_0099.jpg",left,175,— d. Heyden de Wesalia 654.,44
"..\He 6481 (2,2_3_0099.jpg",left,175,— Heyder 655.,45
"..\He 6481 (2,2_3_0099.jpg",left,175,— Heyers 655.,46
"..\He 6481 (2,2_3_0099.jpg",left,175,— de Heilde 1242.,47
"..\He 6481 (2,2_3_0099.jpg",left,175,— de Heylenbuch 92.,48
"..\He 6481 (2,2_3_0099.jpg",left,175,— Heylgensteyn 655 865 903 1416.,49
"..\He 6481 (2,2_3_0099.jpg",left,175,— Heilmanni de Orsoya 669.,50
"..\He 6481 (2,2_3_0099.jpg",left,175,— Heylonis 555.,51
"..\He 6481 (2,2_3_0106.jpg",left,189,Johannes Momscheider 1266.,1
"..\He 6481 (2,2_3_0106.jpg",left,189,— de Monasteriomeynvelt al. d. de Wellnich 1050.,2
"..\He 6481 (2,2_3_0106.jpg",left,189,— d. Monch 704.,3
"..\He 6481 (2,2_3_0106.jpg",left,189,— Monceller v. J. Meyceller.,4
"..\He 6481 (2,2_3_0106.jpg",left,189,— de Monderichen 293 704.,5
"..\He 6481 (2,2_3_0106.jpg",left,189,— Monetarii 599 1266.,6
"..\He 6481 (2,2_3_0106.jpg",left,189,— Monik 209 704 1267.,7
"..\He 6481 (2,2_3_0106.jpg",left,189,— Monichi 704.,8
"..\He 6481 (2,2_3_0106.jpg",left,189,— de Moninchusen (Monichusen) 704 1245.,9
"..\He 6481 (2,2_3_0106.jpg",left,189,— Monner 537.,10
"..\He 6481 (2,2_3_0106.jpg",left,189,— de Monsterbilsen 1267.,11
"..\He 6481 (2,2_3_0106.jpg",left,189,— Monteloy 605.,12
"..\He 6481 (2,2_3_0106.jpg",left,189,— de Montford 704 1305.,13
"..\He 6481 (2,2_3_0106.jpg",left,189,— Morkerken (Moerkerke) 586 890.,14
"..\He 6481 (2,2_3_0106.jpg",left,189,— Moring al. d. Schramme 995.,15
"..\He 6481 (2,2_3_0106.jpg",left,189,— de Mornholte 704.,16
"..\He 6481 (2,2_3_0106.jpg",left,189,— Morsburne 704 1267.,17
"..\He 6481 (2,2_3_0106.jpg",left,189,— Morsel 704.,18
"..\He 6481 (2,2_3_0106.jpg",left,189,— Morung de Wetzflaria 1389.,19
"..\He 6481 (2,2_3_0106.jpg",left,189,— de Mosele 485.,20
"..\He 6481 (2,2_3_0106.jpg",left,189,— Moser 704.,21
"..\He 6481 (2,2_3_0106.jpg",left,189,— Mosman 1234.,22
"..\He 6481 (2,2_3_0106.jpg",left,189,— Mothwang v. J. Mochwang.,23
"..\He 6481 (2,2_3_0106.jpg",left,189,— de Muderspach 704.,24
"..\He 6481 (2,2_3_0106.jpg",left,189,— de Muelhusen 705.,25
"..\He 6481 (2,2_3_0106.jpg",left,189,— Mugge 705 1102.,26
"..\He 6481 (2,2_3_0106.jpg",left,189,— Mulken de Dynslaken 705.,27
"..\He 6481 (2,2_3_0106.jpg",left,189,— Mulderch (Mulverch) 1389.,28
"..\He 6481 (2,2_3_0106.jpg",left,189,— Muleich (Mulich) 363 705 781 1320.,29
"..\He 6481 (2,2_3_0106.jpg",left,189,— Mulhard 705.,30
"..\He 6481 (2,2_3_0106.jpg",left,189,— Multich 296.,31
"..\He 6481 (2,2_3_0106.jpg",left,189,— Munch 705.,32
"..\He 6481 (2,2_3_0106.jpg",left,189,— Munich 705 1142.,33
"..\He 6481 (2,2_3_0106.jpg",left,189,— de Munichwille 1141.,34
"..\He 6481 (2,2_3_0106.jpg",left,189,— Muntscheman de Maguntia 705 266 966.,35
"..\He 6481 (2,2_3_0106.jpg",left,189,— Muoshuent (Mushuent) 905.,36
"..\He 6481 (2,2_3_0106.jpg",left,189,— Murer 556 706.,37
"..\He 6481 (2,2_3_0106.jpg",left,189,— Muschote 1337.,38
"..\He 6481 (2,2_3_0106.jpg",left,189,— Mutzelborch 999.,39
"..\He 6481 (2,2_3_0106.jpg",left,189,— Nabis 98.,40
"..\He 6481 (2,2_3_0106.jpg",left,189,— Naker 177 706.,41
"..\He 6481 (2,2_3_0106.jpg",left,189,— Namislaw (Namslaw) 1 91 609 706 871.,42
"..\He 6481 (2,2_3_0106.jpg",left,189,— d. Nase 190.,43
"..\He 6481 (2,2_3_0106.jpg",left,189,— Nase de Monthabur 397.,44
"..\He 6481 (2,2_3_0106.jpg",left,189,— Nasonis 185.,45
"..\He 6481 (2,2_3_0106.jpg",left,189,— de Nassaw 708 1389.,46
"..\He 6481 (2,2_3_0106.jpg",left,189,"— de Nasso (Nassauwe) et de Tillenborg com., aep. Magunt. 59 138 145 166 186 218 274 275 286 348 377",47
"..\He 6481 (2,2_3_0103.jpg",right,184,Johannes Lyndow 682.,1
"..\He 6481 (2,2_3_0103.jpg",right,184,— de Lynen 471.,2
"..\He 6481 (2,2_3_0103.jpg",right,184,— de Lynenhagen 129.,3
"..\He 6481 (2,2_3_0103.jpg",right,184,— de Lynepe 197.,4
"..\He 6481 (2,2_3_0103.jpg",right,184,— de Lynss (de Huspe) 452 656 1356 1360.,5
"..\He 6481 (2,2_3_0103.jpg",right,184,— Lippinghehusen 682.,6
"..\He 6481 (2,2_3_0103.jpg",right,184,— Lypser 442.,7
"..\He 6481 (2,2_3_0103.jpg",right,184,— Lyse 682.,8
"..\He 6481 (2,2_3_0103.jpg",right,184,— de Littore al. d. Kalkar 682 911.,9
"..\He 6481 (2,2_3_0103.jpg",right,184,— de Lizekirche (Lysenkerken) 373 755 1207.,10
"..\He 6481 (2,2_3_0103.jpg",right,184,— Lyzink 682.,11
"..\He 6481 (2,2_3_0103.jpg",right,184,— Lobecke 682.,12
"..\He 6481 (2,2_3_0103.jpg",right,184,— Lobenitz 683.,13
"..\He 6481 (2,2_3_0103.jpg",right,184,— Lobi 1123.,14
"..\He 6481 (2,2_3_0103.jpg",right,184,— de Lochen 683.,15
"..\He 6481 (2,2_3_0103.jpg",right,184,— Locher 683.,16
"..\He 6481 (2,2_3_0103.jpg",right,184,— Lochman 683.,17
"..\He 6481 (2,2_3_0103.jpg",right,184,— Lodemar 1264.,18
"..\He 6481 (2,2_3_0103.jpg",right,184,— Lodyl 1264.,19
"..\He 6481 (2,2_3_0103.jpg",right,184,— de Loe 647.,20
"..\He 6481 (2,2_3_0103.jpg",right,184,— Loef 683.,21
"..\He 6481 (2,2_3_0103.jpg",right,184,— de Loen 683.,22
"..\He 6481 (2,2_3_0103.jpg",right,184,— Loeselin 684.,23
"..\He 6481 (2,2_3_0103.jpg",right,184,— Logghe 103.,24
"..\He 6481 (2,2_3_0103.jpg",right,184,— de Loyet 684.,25
"..\He 6481 (2,2_3_0103.jpg",right,184,— Loncha 684.,26
"..\He 6481 (2,2_3_0103.jpg",right,184,— Longi al. d. Capella de Glogovia superiori 1264.,27
"..\He 6481 (2,2_3_0103.jpg",right,184,— Lonys 1019.,28
"..\He 6481 (2,2_3_0103.jpg",right,184,— Lonpach 457.,29
"..\He 6481 (2,2_3_0103.jpg",right,184,— de Lonsteyn 880.,30
"..\He 6481 (2,2_3_0103.jpg",right,184,"— Loppini (Lupini, Loppone) al. Dorat 684 922 926.",31
"..\He 6481 (2,2_3_0103.jpg",right,184,— de Lorche v. J. Richen.,32
"..\He 6481 (2,2_3_0103.jpg",right,184,— de Lore 684 1387.,33
"..\He 6481 (2,2_3_0103.jpg",right,184,— Lorenczwijlre 1288.,34
"..\He 6481 (2,2_3_0103.jpg",right,184,— d. Lorlin 974.,35
"..\He 6481 (2,2_3_0103.jpg",right,184,— de Louprez 684.,36
"..\He 6481 (2,2_3_0103.jpg",right,184,— de Louvix 684.,37
"..\He 6481 (2,2_3_0103.jpg",right,184,— Lowentkoper 685.,38
"..\He 6481 (2,2_3_0103.jpg",right,184,— de Lubana v. J. Johannis de L.,39
"..\He 6481 (2,2_3_0103.jpg",right,184,— Lubbin de Fredelant 685 1061.,40
"..\He 6481 (2,2_3_0103.jpg",right,184,— de Lubeke al. d. Perdemarked 685 1268.,41
"..\He 6481 (2,2_3_0103.jpg",right,184,— Luberti 685.,42
"..\He 6481 (2,2_3_0103.jpg",right,184,— Lubich 685.,43
"..\He 6481 (2,2_3_0103.jpg",right,184,— ep. Lubic. v. J. de Dulmen.,44
"..\He 6481 (2,2_3_0103.jpg",right,184,"— ep. Lubuc. v. J. ep. Merseburg., J. Janonis de Borsnitz.",45
"..\He 6481 (2,2_3_0103.jpg",right,184,"— ep. Lubuc., ep. Mism. 17 277 470 614 701 920 939 1114 1172.",46
"..\He 6481 (2,2_3_0107.jpg",left,191,Johannes Nicolai de Udinghen 710.,1
"..\He 6481 (2,2_3_0107.jpg",left,191,— Nicolai d. Czevil de Swecavia 710.,2
"..\He 6481 (2,2_3_0107.jpg",left,191,— de Nidde 1296.,3
"..\He 6481 (2,2_3_0107.jpg",left,191,— de Nydenstein de Gudensperg 1346 1411.,4
"..\He 6481 (2,2_3_0107.jpg",left,191,— Niebur 865.,5
"..\He 6481 (2,2_3_0107.jpg",left,191,— de Nyenkirchen 101 102 351 352.,6
"..\He 6481 (2,2_3_0107.jpg",left,191,— Nienkerke(n) 394 710 1270 1287.,7
"..\He 6481 (2,2_3_0107.jpg",left,191,— Niendorp 929.,8
"..\He 6481 (2,2_3_0107.jpg",left,191,— Nyfer 711.,9
"..\He 6481 (2,2_3_0107.jpg",left,191,— Nigebur 845.,10
"..\He 6481 (2,2_3_0107.jpg",left,191,— Nymervol 711 927 1283.,11
"..\He 6481 (2,2_3_0107.jpg",left,191,— Nobeleti 540.,12
"..\He 6481 (2,2_3_0107.jpg",left,191,— Nockel de Hoschspir 711.,13
"..\He 6481 (2,2_3_0107.jpg",left,191,— de Noerde 711 1052 1263 1267.,14
"..\He 6481 (2,2_3_0107.jpg",left,191,— Noet 1267.,15
"..\He 6481 (2,2_3_0107.jpg",left,191,— Noetboem 372.,16
"..\He 6481 (2,2_3_0107.jpg",left,191,— Noghel 711.,17
"..\He 6481 (2,2_3_0107.jpg",left,191,— Nolle 184.,18
"..\He 6481 (2,2_3_0107.jpg",left,191,— Noppe 711.,19
"..\He 6481 (2,2_3_0107.jpg",left,191,— Nordeshusen 165.,20
"..\He 6481 (2,2_3_0107.jpg",left,191,— de Northeim (Northem) 134 357 711.,21
"..\He 6481 (2,2_3_0107.jpg",left,191,— Northen 1390.,22
"..\He 6481 (2,2_3_0107.jpg",left,191,— de Northen 1390.,23
"..\He 6481 (2,2_3_0107.jpg",left,191,— de Northusen 753.,24
"..\He 6481 (2,2_3_0107.jpg",left,191,— de Nortlo 712.,25
"..\He 6481 (2,2_3_0107.jpg",left,191,— Nortstede 1390.,26
"..\He 6481 (2,2_3_0107.jpg",left,191,— Notman 712.,27
"..\He 6481 (2,2_3_0107.jpg",left,191,— de Novacella 205 895.,28
"..\He 6481 (2,2_3_0107.jpg",left,191,— de Novadomo 313.,29
"..\He 6481 (2,2_3_0107.jpg",left,191,— de Novaecclesia 346.,30
"..\He 6481 (2,2_3_0107.jpg",left,191,— de Novocastro 712.,31
"..\He 6481 (2,2_3_0107.jpg",left,191,— de Novolapide 693 712 753.,32
"..\He 6481 (2,2_3_0107.jpg",left,191,— Nuemborgh de Montemartis 1390.,33
"..\He 6481 (2,2_3_0107.jpg",left,191,— de Nuenar (Nuwenar) 3 121.,34
"..\He 6481 (2,2_3_0107.jpg",left,191,— de Nuenborg 595.,35
"..\He 6481 (2,2_3_0107.jpg",left,191,— burggravius in Nurenborg (Nuremburg) 53 712 727 1309.,36
"..\He 6481 (2,2_3_0107.jpg",left,191,— Nusesz 1261 1267.,37
"..\He 6481 (2,2_3_0107.jpg",left,191,— Nusser 713.,38
"..\He 6481 (2,2_3_0107.jpg",left,191,— Nuszel 713.,39
"..\He 6481 (2,2_3_0107.jpg",left,191,— Oberken 1374.,40
"..\He 6481 (2,2_3_0107.jpg",left,191,— de Oberkirchen 713.,41
"..\He 6481 (2,2_3_0107.jpg",left,191,— Obering 713.,42
"..\He 6481 (2,2_3_0107.jpg",left,191,— Obolus 714.,43
"..\He 6481 (2,2_3_0107.jpg",left,191,"— de Oche, ep. Reval. 737 1102 1268 1392.",44
"..\He 6481 (2,2_3_0107.jpg",left,191,— de Okerhem 986.,45
"..\He 6481 (2,2_3_0107.jpg",left,191,— de Ochten 571.,46
"..\He 6481 (2,2_3_0107.jpg",left,191,— de Odendorp (Odendorff) 714 1190 1416 1428.,47
"..\He 6481 (2,2_3_0107.jpg",left,191,— Odeslo 714.,48
"..\He 6481 (2,2_3_0107.jpg",left,191,— Oech 714.,49
"..\He 6481 (2,2_3_0106.jpg",right,190,392 423 457 478 499 519 557 558 579 619 675 707 753 764 767 784 785 805 829 840 878 890 911 968 973 1000 1013 1065 1088 1101 1139 1151 1153 1219 1230 1231 1233 1235 1236 1240 1243 1255 1264 1274 1295 1353 1369 1372 1376 1377 1390.,1
"..\He 6481 (2,2_3_0106.jpg",right,190,Johannes Naszach 864.,2
"..\He 6481 (2,2_3_0106.jpg",right,190,— Naverii 559.,3
"..\He 6481 (2,2_3_0106.jpg",right,190,— de Necken 719.,4
"..\He 6481 (2,2_3_0106.jpg",right,190,— Neckerauwe 708.,5
"..\He 6481 (2,2_3_0106.jpg",right,190,— Nekusch de Gliwitz 1267 1389.,6
"..\He 6481 (2,2_3_0106.jpg",right,190,— Negginck 752.,7
"..\He 6481 (2,2_3_0106.jpg",right,190,— Negynik de Wesalia 708.,8
"..\He 6481 (2,2_3_0106.jpg",right,190,— Neydekker 708.,9
"..\He 6481 (2,2_3_0106.jpg",right,190,— iun de Neyerode 1209.,10
"..\He 6481 (2,2_3_0106.jpg",right,190,— sen. de Neyerode 1209.,11
"..\He 6481 (2,2_3_0106.jpg",right,190,— Neyman 708.,12
"..\He 6481 (2,2_3_0106.jpg",right,190,— Neythart 708.,13
"..\He 6481 (2,2_3_0106.jpg",right,190,— Nenninger 896.,14
"..\He 6481 (2,2_3_0106.jpg",right,190,— Neparch 709 930.,15
"..\He 6481 (2,2_3_0106.jpg",right,190,— Nernsnabel 709.,16
"..\He 6481 (2,2_3_0106.jpg",right,190,— de Nerphusen 238.,17
"..\He 6481 (2,2_3_0106.jpg",right,190,— Nesze de Wetter 709.,18
"..\He 6481 (2,2_3_0106.jpg",right,190,— d. Neue 709.,19
"..\He 6481 (2,2_3_0106.jpg",right,190,— Newe 709.,20
"..\He 6481 (2,2_3_0106.jpg",right,190,— Newnburger 709.,21
"..\He 6481 (2,2_3_0106.jpg",right,190,— Nex 1230.,22
"..\He 6481 (2,2_3_0106.jpg",right,190,— Nibokin 514.,23
"..\He 6481 (2,2_3_0106.jpg",right,190,— Nicklini 1267.,24
"..\He 6481 (2,2_3_0106.jpg",right,190,— Nicolai 232.,25
"..\He 6481 (2,2_3_0106.jpg",right,190,— Nicolai 615.,26
"..\He 6481 (2,2_3_0106.jpg",right,190,— Nicolai 709.,27
"..\He 6481 (2,2_3_0106.jpg",right,190,— Nicolai 709.,28
"..\He 6481 (2,2_3_0106.jpg",right,190,— Nicolai 710.,29
"..\He 6481 (2,2_3_0106.jpg",right,190,— Nicolai 710.,30
"..\He 6481 (2,2_3_0106.jpg",right,190,— Nicolai Bender 709.,31
"..\He 6481 (2,2_3_0106.jpg",right,190,— Nicolai de Gewitz 709.,32
"..\He 6481 (2,2_3_0106.jpg",right,190,— Nicolai de Glipperg 709.,33
"..\He 6481 (2,2_3_0106.jpg",right,190,— Nicolai de Gostina 1389.,34
"..\He 6481 (2,2_3_0106.jpg",right,190,— Nicolai d. Gutenlawelin 972.,35
"..\He 6481 (2,2_3_0106.jpg",right,190,— Nicolai Jenkewicz de Namsavia 1389.,36
"..\He 6481 (2,2_3_0106.jpg",right,190,— Nicolai Malkow de Prussia 710 1333 1389 1392.,37
"..\He 6481 (2,2_3_0106.jpg",right,190,— Nicolai Owgil de Namislavia 1295 1318 1389.,38
"..\He 6481 (2,2_3_0106.jpg",right,190,— Nicolai de Patzonow 710.,39
"..\He 6481 (2,2_3_0106.jpg",right,190,— Nicolai Sartoris de Luccenburg 1389.,40
"..\He 6481 (2,2_3_0106.jpg",right,190,— Nicolai Schuler de Dyppol dswalde 710.,41
"..\He 6481 (2,2_3_0106.jpg",right,190,— Nicolai Slecht 1028.,42
"..\He 6481 (2,2_3_0108.jpg",left,193,"Johannes de Padua, el. Cimbalien. 1203.",1
"..\He 6481 (2,2_3_0108.jpg",left,193,— Pael 718.,2
"..\He 6481 (2,2_3_0108.jpg",left,193,— Paep 718.,3
"..\He 6481 (2,2_3_0108.jpg",left,193,— Payger 380.,4
"..\He 6481 (2,2_3_0108.jpg",left,193,— com. Palat. Rheni v. J. dux Bavarie.,5
"..\He 6481 (2,2_3_0108.jpg",left,193,— Palaz al. d. Bode 718 1268 1317 1391.,6
"..\He 6481 (2,2_3_0108.jpg",left,193,— Palbon 933.,7
"..\He 6481 (2,2_3_0108.jpg",left,193,— Palborne 1196.,8
"..\He 6481 (2,2_3_0108.jpg",left,193,— de Palenzk 496.,9
"..\He 6481 (2,2_3_0108.jpg",left,193,— Pannitonsoris 1391.,10
"..\He 6481 (2,2_3_0108.jpg",left,193,— abb. mon. in Pantz 718.,11
"..\He 6481 (2,2_3_0108.jpg",left,193,— Pape 719.,12
"..\He 6481 (2,2_3_0108.jpg",left,193,— Papendorf 719.,13
"..\He 6481 (2,2_3_0108.jpg",left,193,— abb. mon. Parcen. 719.,14
"..\He 6481 (2,2_3_0108.jpg",left,193,— Parchim 786.,15
"..\He 6481 (2,2_3_0108.jpg",left,193,— Parkosy 719.,16
"..\He 6481 (2,2_3_0108.jpg",left,193,— Parys 923.,17
"..\He 6481 (2,2_3_0108.jpg",left,193,— Parsenprunner 719.,18
"..\He 6481 (2,2_3_0108.jpg",left,193,— Parsperger (Passperger) 713 727.,19
"..\He 6481 (2,2_3_0108.jpg",left,193,— d. Parvus de Aquis 373 719.,20
"..\He 6481 (2,2_3_0108.jpg",left,193,— Pass 389.,21
"..\He 6481 (2,2_3_0108.jpg",left,193,— de Pastenheim 541.,22
"..\He 6481 (2,2_3_0108.jpg",left,193,— Pat 1164.,23
"..\He 6481 (2,2_3_0108.jpg",left,193,— ep. Patav. 8 17 26 733.,24
"..\He 6481 (2,2_3_0108.jpg",left,193,— Pater 719.,25
"..\He 6481 (2,2_3_0108.jpg",left,193,— Patiner 720.,26
"..\He 6481 (2,2_3_0108.jpg",left,193,— Pattenbergh 326.,27
"..\He 6481 (2,2_3_0108.jpg",left,193,— Paues 1268.,28
"..\He 6481 (2,2_3_0108.jpg",left,193,— Pauli 720.,29
"..\He 6481 (2,2_3_0108.jpg",left,193,— Pauli de Luthesheim 720.,30
"..\He 6481 (2,2_3_0108.jpg",left,193,— abb. mon. s. Pauli Traiect. 12.,31
"..\He 6481 (2,2_3_0108.jpg",left,193,— Pauwe 343.,32
"..\He 6481 (2,2_3_0108.jpg",left,193,— de Pavone 17 26 332.,33
"..\He 6481 (2,2_3_0108.jpg",left,193,— Pebringer 79.,34
"..\He 6481 (2,2_3_0108.jpg",left,193,— Pedis 11 17.,35
"..\He 6481 (2,2_3_0108.jpg",left,193,— Pevel 702 720.,36
"..\He 6481 (2,2_3_0108.jpg",left,193,— Peffersag 163 457 720.,37
"..\He 6481 (2,2_3_0108.jpg",left,193,— Peyer 238.,38
"..\He 6481 (2,2_3_0108.jpg",left,193,— Peylacher 756.,39
"..\He 6481 (2,2_3_0108.jpg",left,193,— de Peyms 51.,40
"..\He 6481 (2,2_3_0108.jpg",left,193,— de Peynis 199.,41
"..\He 6481 (2,2_3_0108.jpg",left,193,— Peisgin 720.,42
"..\He 6481 (2,2_3_0108.jpg",left,193,— Pellificis de Swydnitz 1315.,43
"..\He 6481 (2,2_3_0108.jpg",left,193,— Pelnrewter 256.,44
"..\He 6481 (2,2_3_0108.jpg",left,193,— de Pempelvorde (Pempelvoirde) 480 660 721 1220 1391.,45
"..\He 6481 (2,2_3_0108.jpg",left,193,— Penestrin. ep. card. 5.,46
"..\He 6481 (2,2_3_0108.jpg",left,193,— Pentzlin v. Puntzelini.,47
"..\He 6481 (2,2_3_0108.jpg",left,193,— Peperisen al. de Holthusen 39 576 665.,48
"..\He 6481 (2,2_3_0108.jpg",left,193,— Peratoris 1268.,49
"..\He 6481 (2,2_3_0109.jpg",left,195,Johannes Pistoris de Noszloch 726.,1
"..\He 6481 (2,2_3_0109.jpg",left,195,— d. Pitka v. J. d. Pichka.,2
"..\He 6481 (2,2_3_0109.jpg",left,195,"— d. Pitffas, purggravius in Usow 943.",3
"..\He 6481 (2,2_3_0109.jpg",left,195,— Plaqu er 726.,4
"..\He 6481 (2,2_3_0109.jpg",left,195,— Platen 574.,5
"..\He 6481 (2,2_3_0109.jpg",left,195,— Platonis 231 726.,6
"..\He 6481 (2,2_3_0109.jpg",left,195,— de Plattling 1127.,7
"..\He 6481 (2,2_3_0109.jpg",left,195,— Plenklin 201.,8
"..\He 6481 (2,2_3_0109.jpg",left,195,— Plescow 820.,9
"..\He 6481 (2,2_3_0109.jpg",left,195,— Plessing 727.,10
"..\He 6481 (2,2_3_0109.jpg",left,195,— de Plettenberghe al. d. Heydemolen 727.,11
"..\He 6481 (2,2_3_0109.jpg",left,195,— Pletener 459.,12
"..\He 6481 (2,2_3_0109.jpg",left,195,— Plumel 727.,13
"..\He 6481 (2,2_3_0109.jpg",left,195,— Pluczel de Bercheim 1268.,14
"..\He 6481 (2,2_3_0109.jpg",left,195,— de Poden (Podem) 83 716 1060.,15
"..\He 6481 (2,2_3_0109.jpg",left,195,— de Poel 728.,16
"..\He 6481 (2,2_3_0109.jpg",left,195,— de Poelwyk 728 1393.,17
"..\He 6481 (2,2_3_0109.jpg",left,195,— Poetman 728.,18
"..\He 6481 (2,2_3_0109.jpg",left,195,— Pogenrieder 728.,19
"..\He 6481 (2,2_3_0109.jpg",left,195,— Poilde 625 728.,20
"..\He 6481 (2,2_3_0109.jpg",left,195,— Poytrose 1010.,21
"..\He 6481 (2,2_3_0109.jpg",left,195,— Polche 255.,22
"..\He 6481 (2,2_3_0109.jpg",left,195,— de Polenitz 1145.,23
"..\He 6481 (2,2_3_0109.jpg",left,195,— Polyng 728 1201.,24
"..\He 6481 (2,2_3_0109.jpg",left,195,— de Poll (Polle) 101 102 351 352 729 730.,25
"..\He 6481 (2,2_3_0109.jpg",left,195,— de Polle 120.,26
"..\He 6481 (2,2_3_0109.jpg",left,195,— Pollert 730.,27
"..\He 6481 (2,2_3_0109.jpg",left,195,— Poloni 567.,28
"..\He 6481 (2,2_3_0109.jpg",left,195,— Pomerani 18 397 684 922 1054.,29
"..\He 6481 (2,2_3_0109.jpg",left,195,— de Pomerio 730.,30
"..\He 6481 (2,2_3_0109.jpg",left,195,— ep. Pomezan. 1366.,31
"..\He 6481 (2,2_3_0109.jpg",left,195,— abb. mon. in Pomgartenberg 730.,32
"..\He 6481 (2,2_3_0109.jpg",left,195,— Pomintz 910.,33
"..\He 6481 (2,2_3_0109.jpg",left,195,— Poney 932.,34
"..\He 6481 (2,2_3_0109.jpg",left,195,— Pontzlini v. J. Puntzelini.,35
"..\He 6481 (2,2_3_0109.jpg",left,195,— Poren 1102.,36
"..\He 6481 (2,2_3_0109.jpg",left,195,— Poppenberch 730.,37
"..\He 6481 (2,2_3_0109.jpg",left,195,— Porrey 682 730.,38
"..\He 6481 (2,2_3_0109.jpg",left,195,— abb. mon. Porteceli 1122.,39
"..\He 6481 (2,2_3_0109.jpg",left,195,— Portz 731.,40
"..\He 6481 (2,2_3_0109.jpg",left,195,— Poschil de Lobeschitz 731.,41
"..\He 6481 (2,2_3_0109.jpg",left,195,— Pot 1017 1391.,42
"..\He 6481 (2,2_3_0109.jpg",left,195,— Potenhusen (Pottenhusen) 731 1268.,43
"..\He 6481 (2,2_3_0109.jpg",left,195,— Pothime 1392.,44
"..\He 6481 (2,2_3_0109.jpg",left,195,— de Potzte v. J. de Protzde.,45
"..\He 6481 (2,2_3_0109.jpg",left,195,— ep. Poznan. v. J. ep. Wladislav.,46
"..\He 6481 (2,2_3_0109.jpg",left,195,— aep. Prag. 125.,47
"..\He 6481 (2,2_3_0109.jpg",left,195,— Prager 814.,48
"..\He 6481 (2,2_3_0109.jpg",left,195,— Prandoche 1246 1269.,49
"..\He 6481 (2,2_3_0109.jpg",left,195,— Prasberg 477 1124.,50
"..\He 6481 (2,2_3_0109.jpg",left,195,— Prawpegkh de Gors 731.,51
"..\He 6481 (2,2_3_0108.jpg",right,194,Johannes Peratoris de Wynheim 1080.,1
"..\He 6481 (2,2_3_0108.jpg",right,194,— de Perchem 722.,2
"..\He 6481 (2,2_3_0108.jpg",right,194,— de Perdemarked v. J. de Lubeke.,3
"..\He 6481 (2,2_3_0108.jpg",right,194,— Pere 666.,4
"..\He 6481 (2,2_3_0108.jpg",right,194,— d. Perger 17.,5
"..\He 6481 (2,2_3_0108.jpg",right,194,— Pery de Halenseyo 722.,6
"..\He 6481 (2,2_3_0108.jpg",right,194,— Perlebergh (Perleberch) v. J. Sabelli.,7
"..\He 6481 (2,2_3_0108.jpg",right,194,— Perman 1268.,8
"..\He 6481 (2,2_3_0108.jpg",right,194,— Pernecker 722.,9
"..\He 6481 (2,2_3_0108.jpg",right,194,— Pernow 723.,10
"..\He 6481 (2,2_3_0108.jpg",right,194,— Persich 976.,11
"..\He 6481 (2,2_3_0108.jpg",right,194,— Person 723.,12
"..\He 6481 (2,2_3_0108.jpg",right,194,— Pes 359 723 962 1049.,13
"..\He 6481 (2,2_3_0108.jpg",right,194,— Peses al. d. Liliusn 723.,14
"..\He 6481 (2,2_3_0108.jpg",right,194,— de Pestruppe 723.,15
"..\He 6481 (2,2_3_0108.jpg",right,194,— Petri 1391.,16
"..\He 6481 (2,2_3_0108.jpg",right,194,— Petri 1391.,17
"..\He 6481 (2,2_3_0108.jpg",right,194,— Petri Bocker 723.,18
"..\He 6481 (2,2_3_0108.jpg",right,194,— Petri Cerdonis de Homberg (Hunberg) 723 882.,19
"..\He 6481 (2,2_3_0108.jpg",right,194,— Petri de Curvacía 723.,20
"..\He 6481 (2,2_3_0108.jpg",right,194,— Petri de Dordrecht 724.,21
"..\He 6481 (2,2_3_0108.jpg",right,194,— abb. mon. s. Petri Montissereni 193.,22
"..\He 6481 (2,2_3_0108.jpg",right,194,— Petri d. Newnburger 724.,23
"..\He 6481 (2,2_3_0108.jpg",right,194,— abb. mon. s. Petri Novillarien. 2 17.,24
"..\He 6481 (2,2_3_0108.jpg",right,194,— Petri de Reddin 724 1268.,25
"..\He 6481 (2,2_3_0108.jpg",right,194,— Petri de Tremosnicz 724 776.,26
"..\He 6481 (2,2_3_0108.jpg",right,194,— Petri d. Tribulaer 724.,27
"..\He 6481 (2,2_3_0108.jpg",right,194,— Petri Witteraen 724.,28
"..\He 6481 (2,2_3_0108.jpg",right,194,— Petri de Zaccocim 724.,29
"..\He 6481 (2,2_3_0108.jpg",right,194,— abb. mon. in Petridomo e. m. Constant. v. J. abb. mon. s. Gebhardi.,30
"..\He 6481 (2,2_3_0108.jpg",right,194,— Pettinger 725.,31
"..\He 6481 (2,2_3_0108.jpg",right,194,— Pettismeister de Lutzenburgo 725 (cf. J. de Lucenburgo).,32
"..\He 6481 (2,2_3_0108.jpg",right,194,— Petzinck 725.,33
"..\He 6481 (2,2_3_0108.jpg",right,194,— Pezeler 725.,34
"..\He 6481 (2,2_3_0108.jpg",right,194,— d. Pichka (Pitka) 560 862.,35
"..\He 6481 (2,2_3_0108.jpg",right,194,— Pictoris 274 1021.,36
"..\He 6481 (2,2_3_0108.jpg",right,194,— Pictoris de Mintzenberg 725.,37
"..\He 6481 (2,2_3_0108.jpg",right,194,— d. Pyel de Padisberg 1294.,38
"..\He 6481 (2,2_3_0108.jpg",right,194,— Pierlotti de Bertreyo 673 725.,39
"..\He 6481 (2,2_3_0108.jpg",right,194,— Pil (Pile) 600 718 931.,40
"..\He 6481 (2,2_3_0108.jpg",right,194,— Pilgrini de Plettenbracht (Pelgrini de Plettenberg) 720.,41
"..\He 6481 (2,2_3_0108.jpg",right,194,— d. Pilik 726.,42
"..\He 6481 (2,2_3_0108.jpg",right,194,— d. Pyne 726.,43
"..\He 6481 (2,2_3_0108.jpg",right,194,— Pyner 726.,44
"..\He 6481 (2,2_3_0108.jpg",right,194,— Pinnoghe 726.,45
"..\He 6481 (2,2_3_0108.jpg",right,194,— Pinczewile 131.,46
"..\He 6481 (2,2_3_0108.jpg",right,194,— Pistoris 1076.,47
"..\He 6481 (2,2_3_0108.jpg",right,194,— Pistoris de Fonteregío 726.,48
"..\He 6481 (2,2_3_0108.jpg",right,194,— Pistoris de Gardze 1091.,49
"..\He 6481 (2,2_3_0110.jpg",left,197,Johannes de Rast 733 1269.,1
"..\He 6481 (2,2_3_0110.jpg",left,197,— de Rastat 1269.,2
"..\He 6481 (2,2_3_0110.jpg",left,197,— Rastenberq 734.,3
"..\He 6481 (2,2_3_0110.jpg",left,197,— Rathardi 128 734 1257.,4
"..\He 6481 (2,2_3_0110.jpg",left,197,— Ratiborie dux 943.,5
"..\He 6481 (2,2_3_0110.jpg",left,197,— ep. Ratispon. 18 190 256 257 275 303 463 589 615 621 713 845 968 1070 1131 1210 1218 1228 1269 1276 1286 1291 1300 1301 1307 1310 1320 1392.,6
"..\He 6481 (2,2_3_0110.jpg",left,197,— Ratziuger 1028.,7
"..\He 6481 (2,2_3_0110.jpg",left,197,— Ratzow 770.,8
"..\He 6481 (2,2_3_0110.jpg",left,197,— Rauchenperger 1419.,9
"..\He 6481 (2,2_3_0110.jpg",left,197,— Raven 734.,10
"..\He 6481 (2,2_3_0110.jpg",left,197,— Raven 734.,11
"..\He 6481 (2,2_3_0110.jpg",left,197,— Raven 1269.,12
"..\He 6481 (2,2_3_0110.jpg",left,197,— Rawer 734.,13
"..\He 6481 (2,2_3_0110.jpg",left,197,— Rawter 1311.,14
"..\He 6481 (2,2_3_0110.jpg",left,197,— cantor Razeburg. 1106.,15
"..\He 6481 (2,2_3_0110.jpg",left,197,— Reberg 734.,16
"..\He 6481 (2,2_3_0110.jpg",left,197,— de Rebingersburg 734.,17
"..\He 6481 (2,2_3_0110.jpg",left,197,— Recke 734 1411.,18
"..\He 6481 (2,2_3_0110.jpg",left,197,— Reckin 1143.,19
"..\He 6481 (2,2_3_0110.jpg",left,197,— de Rede 1392.,20
"..\He 6481 (2,2_3_0110.jpg",left,197,— Redekin (Rodinchin) 383 735 950 1269 1292 1308 1310 1363.,21
"..\He 6481 (2,2_3_0110.jpg",left,197,— Rederi 736.,22
"..\He 6481 (2,2_3_0110.jpg",left,197,— Redermann 1371.,23
"..\He 6481 (2,2_3_0110.jpg",left,197,— Redighen 1323.,24
"..\He 6481 (2,2_3_0110.jpg",left,197,— de Redine 930.,25
"..\He 6481 (2,2_3_0110.jpg",left,197,— de Reemsbach 196.,26
"..\He 6481 (2,2_3_0110.jpg",left,197,— Reetfogel v. J. Rytvogel.,27
"..\He 6481 (2,2_3_0110.jpg",left,197,— Reichenbach v. J. Kwonis de R.,28
"..\He 6481 (2,2_3_0110.jpg",left,197,— Reicher 1392.,29
"..\He 6481 (2,2_3_0110.jpg",left,197,— de Reidburg 851.,30
"..\He 6481 (2,2_3_0110.jpg",left,197,— d. Reydelcr 743.,31
"..\He 6481 (2,2_3_0110.jpg",left,197,— Reylof 992.,32
"..\He 6481 (2,2_3_0110.jpg",left,197,— Reym (v. Keym) 1247.,33
"..\He 6481 (2,2_3_0110.jpg",left,197,— Reymberti 736.,34
"..\He 6481 (2,2_3_0110.jpg",left,197,— Reymbotonis 736.,35
"..\He 6481 (2,2_3_0110.jpg",left,197,— de Reynbach 463.,36
"..\He 6481 (2,2_3_0110.jpg",left,197,— Reindorp 736.,37
"..\He 6481 (2,2_3_0110.jpg",left,197,— Reyneri 736.,38
"..\He 6481 (2,2_3_0110.jpg",left,197,— Reynhardi de Luca 736.,39
"..\He 6481 (2,2_3_0110.jpg",left,197,— Reynherwer 736.,40
"..\He 6481 (2,2_3_0110.jpg",left,197,— de Reisberche 400.,41
"..\He 6481 (2,2_3_0110.jpg",left,197,— Reysberger (Reisberg) 263 298 737.,42
"..\He 6481 (2,2_3_0110.jpg",left,197,— Reysche 1212.,43
"..\He 6481 (2,2_3_0110.jpg",left,197,— Remag 737.,44
"..\He 6481 (2,2_3_0110.jpg",left,197,— de Remhingen 741.,45
"..\He 6481 (2,2_3_0110.jpg",left,197,— Rempage 612.,46
"..\He 6481 (2,2_3_0110.jpg",left,197,— de Rena 79.,47
"..\He 6481 (2,2_3_0110.jpg",left,197,— Rencker de Holfelt 737.,48
"..\He 6481 (2,2_3_0109.jpg",right,196,Johannes Prekel 731.,1
"..\He 6481 (2,2_3_0109.jpg",right,196,— Predulen 1234.,2
"..\He 6481 (2,2_3_0109.jpg",right,196,— Preller 814.,3
"..\He 6481 (2,2_3_0109.jpg",right,196,— Prentout 1392.,4
"..\He 6481 (2,2_3_0109.jpg",right,196,— Prersin 830.,5
"..\He 6481 (2,2_3_0109.jpg",right,196,— Priz 731.,6
"..\He 6481 (2,2_3_0109.jpg",right,196,— Provest 731.,7
"..\He 6481 (2,2_3_0109.jpg",right,196,— de Protzde (Potzte) 58 731 732 1294.,8
"..\He 6481 (2,2_3_0109.jpg",right,196,— Pruett 732.,9
"..\He 6481 (2,2_3_0109.jpg",right,196,— de Pruszia v. J. Nicolai Malkow.,10
"..\He 6481 (2,2_3_0109.jpg",right,196,— Prute 18.,11
"..\He 6481 (2,2_3_0109.jpg",right,196,— Puchler 1392.,12
"..\He 6481 (2,2_3_0109.jpg",right,196,— Puchperger 732.,13
"..\He 6481 (2,2_3_0109.jpg",right,196,— de Puewi 635.,14
"..\He 6481 (2,2_3_0109.jpg",right,196,— Puyster v. Puster,15
"..\He 6481 (2,2_3_0109.jpg",right,196,— de Puflic (Puffit) v. J. Henrici.,16
"..\He 6481 (2,2_3_0109.jpg",right,196,— Puhler 732.,17
"..\He 6481 (2,2_3_0109.jpg",right,196,— Pulchrafago 732 1324 1396.,18
"..\He 6481 (2,2_3_0109.jpg",right,196,— Puleman 732.,19
"..\He 6481 (2,2_3_0109.jpg",right,196,— Pullen 1401.,20
"..\He 6481 (2,2_3_0109.jpg",right,196,— d. Pultifex 732.,21
"..\He 6481 (2,2_3_0109.jpg",right,196,— Punders 732.,22
"..\He 6481 (2,2_3_0109.jpg",right,196,"— Puntzelini (Pontzlini, Puntzels, Puntzlin, Pentzlin) 663 859 1138 1260 1289.",23
"..\He 6481 (2,2_3_0109.jpg",right,196,— de Purckarting 732.,24
"..\He 6481 (2,2_3_0109.jpg",right,196,— Purger 107.,25
"..\He 6481 (2,2_3_0109.jpg",right,196,— d. Puster (Puyster) 196 213.,26
"..\He 6481 (2,2_3_0109.jpg",right,196,— Puterlein 1141.,27
"..\He 6481 (2,2_3_0109.jpg",right,196,— de Putlinga 293 774.,28
"..\He 6481 (2,2_3_0109.jpg",right,196,— Putzenyk 263.,29
"..\He 6481 (2,2_3_0109.jpg",right,196,— de Quakenbrugghe 956.,30
"..\He 6481 (2,2_3_0109.jpg",right,196,— Quast 95.,31
"..\He 6481 (2,2_3_0109.jpg",right,196,— Quast de Golnow 1367.,32
"..\He 6481 (2,2_3_0109.jpg",right,196,— de Querforde 732.,33
"..\He 6481 (2,2_3_0109.jpg",right,196,— Quesitz 733.,34
"..\He 6481 (2,2_3_0109.jpg",right,196,— Quintini 1269 1306.,35
"..\He 6481 (2,2_3_0109.jpg",right,196,— Quintini (Quentini) al. de Sconebach (Schonenbach) 749 1105 1392.,36
"..\He 6481 (2,2_3_0109.jpg",right,196,— Quirre 733.,37
"..\He 6481 (2,2_3_0109.jpg",right,196,— Rabit 1269.,38
"..\He 6481 (2,2_3_0109.jpg",right,196,— de Radendorff 733.,39
"..\He 6481 (2,2_3_0109.jpg",right,196,— Radich 1321.,40
"..\He 6481 (2,2_3_0109.jpg",right,196,— de Rayn 1127.,41
"..\He 6481 (2,2_3_0109.jpg",right,196,— abb. mon. in Raitenhaslach 733 1269.,42
"..\He 6481 (2,2_3_0109.jpg",right,196,— de Ramesberge 733 863 1261.,43
"..\He 6481 (2,2_3_0109.jpg",right,196,— Ramsberg 1269.,44
"..\He 6481 (2,2_3_0109.jpg",right,196,— de Ramstad 513.,45
"..\He 6481 (2,2_3_0109.jpg",right,196,— de Randeke 733.,46
"..\He 6481 (2,2_3_0109.jpg",right,196,— de Rappolstein 906.,47
"..\He 6481 (2,2_3_0109.jpg",right,196,— Rasoris de Eltvil 733.,48
"..\He 6481 (2,2_3_0110.jpg",right,198,Johannes de Reno v. J. Hugonis.,1
"..\He 6481 (2,2_3_0110.jpg",right,198,— Rensch 1270.,2
"..\He 6481 (2,2_3_0110.jpg",right,198,— Reppener (Respener) 737 777 1228 1248.,3
"..\He 6481 (2,2_3_0110.jpg",right,198,— Reppincken 888.,4
"..\He 6481 (2,2_3_0110.jpg",right,198,— abb. mon. Resbac. 692.,5
"..\He 6481 (2,2_3_0110.jpg",right,198,— Resman 423.,6
"..\He 6481 (2,2_3_0110.jpg",right,198,— Reuterlin 1286.,7
"..\He 6481 (2,2_3_0110.jpg",right,198,— ep. Reval. in Livonia v. J. de Oche.,8
"..\He 6481 (2,2_3_0110.jpg",right,198,— Rewter 25 (cf. J. Rawter).,9
"..\He 6481 (2,2_3_0110.jpg",right,198,— Rex de Resil 1270.,10
"..\He 6481 (2,2_3_0110.jpg",right,198,— Ribbeken 737 1098 1375.,11
"..\He 6481 (2,2_3_0110.jpg",right,198,— Rike 737.,12
"..\He 6481 (2,2_3_0110.jpg",right,198,— Richen de Lorich (Lorch) 671 1271.,13
"..\He 6481 (2,2_3_0110.jpg",right,198,— Rikkersen 586 587.,14
"..\He 6481 (2,2_3_0110.jpg",right,198,— Richinbach de Lubania v. J. Kwonis.,15
"..\He 6481 (2,2_3_0110.jpg",right,198,— Rietheim 1384.,16
"..\He 6481 (2,2_3_0110.jpg",right,198,— de Ryferscheyde 738.,17
"..\He 6481 (2,2_3_0110.jpg",right,198,— Riferscheyt 738.,18
"..\He 6481 (2,2_3_0110.jpg",right,198,"— aep. Rigen., patr. Alexandrin. 738 1144.",19
"..\He 6481 (2,2_3_0110.jpg",right,198,— aep. Rigen. v. J. Valrode.,20
"..\He 6481 (2,2_3_0110.jpg",right,198,— Rigler 738.,21
"..\He 6481 (2,2_3_0110.jpg",right,198,— Rijvenecher de Confluentia 1392.,22
"..\He 6481 (2,2_3_0110.jpg",right,198,— de Rijndorp 1271.,23
"..\He 6481 (2,2_3_0110.jpg",right,198,— Rijter v. J. Rither.,24
"..\He 6481 (2,2_3_0110.jpg",right,198,— Ryman 736 738.,25
"..\He 6481 (2,2_3_0110.jpg",right,198,— Rime v. J. Johannis R.,26
"..\He 6481 (2,2_3_0110.jpg",right,198,— Rymer 739.,27
"..\He 6481 (2,2_3_0110.jpg",right,198,— Rymner 739.,28
"..\He 6481 (2,2_3_0110.jpg",right,198,— de Rynkeleiben 755.,29
"..\He 6481 (2,2_3_0110.jpg",right,198,— Rinckenberg de Lorch 1392.,30
"..\He 6481 (2,2_3_0110.jpg",right,198,— Ryner 739.,31
"..\He 6481 (2,2_3_0110.jpg",right,198,— de Rynesse 739.,32
"..\He 6481 (2,2_3_0110.jpg",right,198,— com. d. Ryngreve 186.,33
"..\He 6481 (2,2_3_0110.jpg",right,198,— Rynner 166 619 1143,34
"..\He 6481 (2,2_3_0110.jpg",right,198,— de Rynstete 739 786.,35
"..\He 6481 (2,2_3_0110.jpg",right,198,— Rintfleys de Moghelm 739.,36
"..\He 6481 (2,2_3_0110.jpg",right,198,— Rintwolle 447 517.,37
"..\He 6481 (2,2_3_0110.jpg",right,198,— Rys 739 1203 1229.,38
"..\He 6481 (2,2_3_0110.jpg",right,198,— Ryson de Abenheim 1271.,39
"..\He 6481 (2,2_3_0110.jpg",right,198,— Rispe 1239.,40
"..\He 6481 (2,2_3_0110.jpg",right,198,— Rither (Rijter) 739 1291.,41
"..\He 6481 (2,2_3_0110.jpg",right,198,— de Riterinstorpe 873.,42
"..\He 6481 (2,2_3_0110.jpg",right,198,— Rytvogel (Reetfogel) 307 415.,43
"..\He 6481 (2,2_3_0110.jpg",right,198,— Ritter 740.,44
"..\He 6481 (2,2_3_0110.jpg",right,198,— Robele 740 820 921.,45
"..\He 6481 (2,2_3_0110.jpg",right,198,— Rober 1392.,46
"..\He 6481 (2,2_3_0110.jpg",right,198,— de Robern 740.,47
"..\He 6481 (2,2_3_0110.jpg",right,198,— Robus 740.,48
"..\He 6481 (2,2_3_0110.jpg",right,198,— Rock 1271.,49
"..\He 6481 (2,2_3_0110.jpg",right,198,— Rokelosen 740.,50
"..\He 6481 (2,2_3_0110.jpg",right,198,— de Rockenberg 206.,51
"..\He 6481 (2,2_3_0107.jpg",right,192,Johannes Oem 714.,1
"..\He 6481 (2,2_3_0107.jpg",right,192,— de Oesterhusen 177.,2
"..\He 6481 (2,2_3_0107.jpg",right,192,— de Oesterum 1140.,3
"..\He 6481 (2,2_3_0107.jpg",right,192,— de Oesterzeel 1390.,4
"..\He 6481 (2,2_3_0107.jpg",right,192,— Oetmeri de Reve 714.,5
"..\He 6481 (2,2_3_0107.jpg",right,192,— Ovelacker 946.,6
"..\He 6481 (2,2_3_0107.jpg",right,192,— Offenwerder 714.,7
"..\He 6481 (2,2_3_0107.jpg",right,192,— Offlatter 714.,8
"..\He 6481 (2,2_3_0107.jpg",right,192,— de Offlen 697.,9
"..\He 6481 (2,2_3_0107.jpg",right,192,— Oftonis 1094.,10
"..\He 6481 (2,2_3_0107.jpg",right,192,— Oldebeen 715.,11
"..\He 6481 (2,2_3_0107.jpg",right,192,— de Oldendorff 1235.,12
"..\He 6481 (2,2_3_0107.jpg",right,192,— de Oldendorp 715.,13
"..\He 6481 (2,2_3_0107.jpg",right,192,— de Oldendorpe al. d. Benekingk 715.,14
"..\He 6481 (2,2_3_0107.jpg",right,192,— Oldenpe 715.,15
"..\He 6481 (2,2_3_0107.jpg",right,192,— Oler 1236.,16
"..\He 6481 (2,2_3_0107.jpg",right,192,— Oltman 715.,17
"..\He 6481 (2,2_3_0107.jpg",right,192,— Opitz al. Heisberg 105 1192.,18
"..\He 6481 (2,2_3_0107.jpg",right,192,— Opmechie v. J. Upmechie,19
"..\He 6481 (2,2_3_0107.jpg",right,192,— dux Opol. v. Johannes ep. Wladislav.,20
"..\He 6481 (2,2_3_0107.jpg",right,192,— de Oppenheim 1390.,21
"..\He 6481 (2,2_3_0107.jpg",right,192,— Oppenorde 112.,22
"..\He 6481 (2,2_3_0107.jpg",right,192,— Ortelini 425.,23
"..\He 6481 (2,2_3_0107.jpg",right,192,— de Orthenberg 693.,24
"..\He 6481 (2,2_3_0107.jpg",right,192,— Ortwini 716.,25
"..\He 6481 (2,2_3_0107.jpg",right,192,— Os 716.,26
"..\He 6481 (2,2_3_0107.jpg",right,192,— Ossen 1398.,27
"..\He 6481 (2,2_3_0107.jpg",right,192,— de Ossenstein 432.,28
"..\He 6481 (2,2_3_0107.jpg",right,192,— Ossenwerder 716.,29
"..\He 6481 (2,2_3_0107.jpg",right,192,— Ossleven 1390.,30
"..\He 6481 (2,2_3_0107.jpg",right,192,— Osterhusen 48.,31
"..\He 6481 (2,2_3_0107.jpg",right,192,— Osterroden 661.,32
"..\He 6481 (2,2_3_0107.jpg",right,192,— Ostrach 462 716.,33
"..\He 6481 (2,2_3_0107.jpg",right,192,— Ostrow 716.,34
"..\He 6481 (2,2_3_0107.jpg",right,192,— Ottenheim 716.,35
"..\He 6481 (2,2_3_0107.jpg",right,192,— Otterman 1053.,36
"..\He 6481 (2,2_3_0107.jpg",right,192,— de Ottingen 623.,37
"..\He 6481 (2,2_3_0107.jpg",right,192,— Ottonis 1095.,38
"..\He 6481 (2,2_3_0107.jpg",right,192,— Ottonis 1390.,39
"..\He 6481 (2,2_3_0107.jpg",right,192,— Ottonis de Empach 616 716.,40
"..\He 6481 (2,2_3_0107.jpg",right,192,— Ottonis Linweber 717.,41
"..\He 6481 (2,2_3_0107.jpg",right,192,— Ottonis de Novimagio 603 617 716.,42
"..\He 6481 (2,2_3_0107.jpg",right,192,— Ottonis prep. Vexion. 717.,43
"..\He 6481 (2,2_3_0107.jpg",right,192,— Ottonis de Wymmenawe 717.,44
"..\He 6481 (2,2_3_0107.jpg",right,192,— Ottonis de Zabernia 717.,45
"..\He 6481 (2,2_3_0107.jpg",right,192,— Otwini de Wetzffaria 718 931.,46
"..\He 6481 (2,2_3_0107.jpg",right,192,— Owelshart de Wiltperg 1320 1322.,47
"..\He 6481 (2,2_3_0107.jpg",right,192,— Overbeke 500.,48
"..\He 6481 (2,2_3_0107.jpg",right,192,— Owgil v. J. Nicolai O.,49
"..\He 6481 (2,2_3_0107.jpg",right,192,— Pachmair 156 463 718 767 1276.,50
"..\He 6481 (2,2_3_0107.jpg",right,192,— ep. Padeburn. v. J. de Hoya.,51
"..\He 6481 (2,2_3_0111.jpg",right,200,Johannes Rossin 592.,1
"..\He 6481 (2,2_3_0111.jpg",right,200,— Rost 18 966.,2
"..\He 6481 (2,2_3_0111.jpg",right,200,— de Rostok 743.,3
"..\He 6481 (2,2_3_0111.jpg",right,200,— abb. mon. Rot. 577.,4
"..\He 6481 (2,2_3_0111.jpg",right,200,— de Rota (Rotta) 204 365 1207.,5
"..\He 6481 (2,2_3_0111.jpg",right,200,— Rote de Morswitr 743 1393.,6
"..\He 6481 (2,2_3_0111.jpg",right,200,"— d. Rotschijlt (Rotschyit, Rotschült) 743.",7
"..\He 6481 (2,2_3_0111.jpg",right,200,— de Rottorp 743 1245.,8
"..\He 6481 (2,2_3_0111.jpg",right,200,— Rotze 658.,9
"..\He 6481 (2,2_3_0111.jpg",right,200,— Rubach 743 1271.,10
"..\He 6481 (2,2_3_0111.jpg",right,200,— Rucheler de Lutra 1080.,11
"..\He 6481 (2,2_3_0111.jpg",right,200,— de Ruden 1379.,12
"..\He 6481 (2,2_3_0111.jpg",right,200,— Rudnitzer 782.,13
"..\He 6481 (2,2_3_0111.jpg",right,200,— Rudolphi 219 220.,14
"..\He 6481 (2,2_3_0111.jpg",right,200,— Rudolphi 307.,15
"..\He 6481 (2,2_3_0111.jpg",right,200,— Rudolfi 744.,16
"..\He 6481 (2,2_3_0111.jpg",right,200,— Rudolphi de Dingolfing 814.,17
"..\He 6481 (2,2_3_0111.jpg",right,200,— Rudolphus Wahsicher 744.,18
"..\He 6481 (2,2_3_0111.jpg",right,200,— Ruf 744.,19
"..\He 6481 (2,2_3_0111.jpg",right,200,— Rulen 819.,20
"..\He 6481 (2,2_3_0111.jpg",right,200,— Rumilonis 412.,21
"..\He 6481 (2,2_3_0111.jpg",right,200,— Rummel de Hetzingen 744.,22
"..\He 6481 (2,2_3_0111.jpg",right,200,— de Rundorp 744.,23
"..\He 6481 (2,2_3_0111.jpg",right,200,— Rungestein 1260.,24
"..\He 6481 (2,2_3_0111.jpg",right,200,— Runsslin 570.,25
"..\He 6481 (2,2_3_0111.jpg",right,200,— Ruprecht 797.,26
"..\He 6481 (2,2_3_0111.jpg",right,200,— Rurich v. J. Rorich.,27
"..\He 6481 (2,2_3_0111.jpg",right,200,— Ruschli 696.,28
"..\He 6481 (2,2_3_0111.jpg",right,200,— Rusheimer 744.,29
"..\He 6481 (2,2_3_0111.jpg",right,200,— Russonis 744.,30
"..\He 6481 (2,2_3_0111.jpg",right,200,— Rusup 1204.,31
"..\He 6481 (2,2_3_0111.jpg",right,200,— Rusworm 744.,32
"..\He 6481 (2,2_3_0111.jpg",right,200,— Ruteni 744.,33
"..\He 6481 (2,2_3_0111.jpg",right,200,— Rutgheri de Geroschem (Gerishem) 1200 1230.,34
"..\He 6481 (2,2_3_0111.jpg",right,200,— de Ruwert i 1393.,35
"..\He 6481 (2,2_3_0111.jpg",right,200,— Sabelli Flessow de Perlberg (Perleberch) 745 799 835.,36
"..\He 6481 (2,2_3_0111.jpg",right,200,— Sack 745.,37
"..\He 6481 (2,2_3_0111.jpg",right,200,— Sack 1393.,38
"..\He 6481 (2,2_3_0111.jpg",right,200,— Sackh 1271.,39
"..\He 6481 (2,2_3_0111.jpg",right,200,— Sach de Boije 913.,40
"..\He 6481 (2,2_3_0111.jpg",right,200,— de Sachsbach v. J. Mochwang.,41
"..\He 6481 (2,2_3_0111.jpg",right,200,— Sachse 745.,42
"..\He 6481 (2,2_3_0111.jpg",right,200,— Sachsen 1244 1316 1369.,43
"..\He 6481 (2,2_3_0111.jpg",right,200,— de Sachsenheim 396.,44
"..\He 6481 (2,2_3_0111.jpg",right,200,— abb. mon. in Saghano 858.,45
"..\He 6481 (2,2_3_0111.jpg",right,200,— d. Sagittarius de Lymburg 745.,46
"..\He 6481 (2,2_3_0111.jpg",right,200,— Saheri 1393.,47
"..\He 6481 (2,2_3_0111.jpg",right,200,— de Sala (Sale) 431 745.,48
"..\He 6481 (2,2_3_0111.jpg",right,200,— Sale 745.,49
"..\He 6481 (2,2_3_0111.jpg",right,200,— de Salvelt 745.,50
"..\He 6481 (2,2_3_0112.jpg",right,202,"Johannes de Scherfenberg (Scherfenberger, Schestenberger) 747 1375 1384.",1
"..\He 6481 (2,2_3_0112.jpg",right,202,— Schermer v. J. Schirmer.,2
"..\He 6481 (2,2_3_0112.jpg",right,202,— Scherseler 927.,3
"..\He 6481 (2,2_3_0112.jpg",right,202,— Schiberich 1345 1394.,4
"..\He 6481 (2,2_3_0112.jpg",right,202,— Schikkedans 747.,5
"..\He 6481 (2,2_3_0112.jpg",right,202,— Sciferstein 384.,6
"..\He 6481 (2,2_3_0112.jpg",right,202,— Schildeg 747.,7
"..\He 6481 (2,2_3_0112.jpg",right,202,— de Scille 533.,8
"..\He 6481 (2,2_3_0112.jpg",right,202,— Schiltknecht de Adorf 739.,9
"..\He 6481 (2,2_3_0112.jpg",right,202,— Schilter 748.,10
"..\He 6481 (2,2_3_0112.jpg",right,202,— Schimph 748.,11
"..\He 6481 (2,2_3_0112.jpg",right,202,— Schymming 947.,12
"..\He 6481 (2,2_3_0112.jpg",right,202,— Schindelib 748.,13
"..\He 6481 (2,2_3_0112.jpg",right,202,— Schynereneke 398.,14
"..\He 6481 (2,2_3_0112.jpg",right,202,— Schirmer (Schermer) 880 1232 1303.,15
"..\He 6481 (2,2_3_0112.jpg",right,202,— Schirufski 573.,16
"..\He 6481 (2,2_3_0112.jpg",right,202,— Schlatinger 179.,17
"..\He 6481 (2,2_3_0112.jpg",right,202,— Slichting de s. Gallo 748.,18
"..\He 6481 (2,2_3_0112.jpg",right,202,— Schnefrawe 212.,19
"..\He 6481 (2,2_3_0112.jpg",right,202,— Schnorheimeri 748.,20
"..\He 6481 (2,2_3_0112.jpg",right,202,— Schobel 245 748.,21
"..\He 6481 (2,2_3_0112.jpg",right,202,— Schoef 748.,22
"..\He 6481 (2,2_3_0112.jpg",right,202,— de Scoenhovia 228.,23
"..\He 6481 (2,2_3_0112.jpg",right,202,— Scholowo 748.,24
"..\He 6481 (2,2_3_0112.jpg",right,202,— Scoltz 749.,25
"..\He 6481 (2,2_3_0112.jpg",right,202,— Scomborg 1254 1275.,26
"..\He 6481 (2,2_3_0112.jpg",right,202,— Schonkel 749.,27
"..\He 6481 (2,2_3_0112.jpg",right,202,— Schonknecht de Wyenna 749.,28
"..\He 6481 (2,2_3_0112.jpg",right,202,— de Schonembach d. Quentini v. J. Quintini de S.,29
"..\He 6481 (2,2_3_0112.jpg",right,202,— Schonenberg 512.,30
"..\He 6481 (2,2_3_0112.jpg",right,202,— de Schonenflys 216.,31
"..\He 6481 (2,2_3_0112.jpg",right,202,— de Schonenstad 830.,32
"..\He 6481 (2,2_3_0112.jpg",right,202,— Schongurtel de Politz 749.,33
"..\He 6481 (2,2_3_0112.jpg",right,202,— Schonhar 1272.,34
"..\He 6481 (2,2_3_0112.jpg",right,202,— Schornshen 1043.,35
"..\He 6481 (2,2_3_0112.jpg",right,202,— Schoseker 1272.,36
"..\He 6481 (2,2_3_0112.jpg",right,202,— Scoter de Plettenberg 720.,37
"..\He 6481 (2,2_3_0112.jpg",right,202,— Scottelkorff 758.,38
"..\He 6481 (2,2_3_0112.jpg",right,202,— Schottelunc 749.,39
"..\He 6481 (2,2_3_0112.jpg",right,202,— de Scouemburg (Schouenburg) 472 750 967 1238 1272.,40
"..\He 6481 (2,2_3_0112.jpg",right,202,— Schowenborch 750.,41
"..\He 6481 (2,2_3_0112.jpg",right,202,— Screye 473 750 1273.,42
"..\He 6481 (2,2_3_0112.jpg",right,202,— Scriner 750.,43
"..\He 6481 (2,2_3_0112.jpg",right,202,— Scriptor de Mulhusen 628.,44
"..\He 6481 (2,2_3_0112.jpg",right,202,— Scriptoris 751.,45
"..\He 6481 (2,2_3_0112.jpg",right,202,— Scriptoris 890.,46
"..\He 6481 (2,2_3_0112.jpg",right,202,— Scriptoris 1189.,47
"..\He 6481 (2,2_3_0112.jpg",right,202,— Scriptoris de Heymersdorff 834.,48
"..\He 6481 (2,2_3_0112.jpg",right,202,— Scriptoris de Lyns 318.,49
"..\He 6481 (2,2_3_0111.jpg",left,199,Johannes de Rockendorff de Thorun 740.,1
"..\He 6481 (2,2_3_0111.jpg",left,199,— d. Rode 741 (cf. J. Emmelonis R.).,2
"..\He 6481 (2,2_3_0111.jpg",left,199,— de Rode 741.,3
"..\He 6481 (2,2_3_0111.jpg",left,199,— Rode 1393.,4
"..\He 6481 (2,2_3_0111.jpg",left,199,— Rodebecker 741.,5
"..\He 6481 (2,2_3_0111.jpg",left,199,— Rodelman 713.,6
"..\He 6481 (2,2_3_0111.jpg",left,199,— Roden 93.,7
"..\He 6481 (2,2_3_0111.jpg",left,199,— Rodeneue 741.,8
"..\He 6481 (2,2_3_0111.jpg",left,199,— Rodensleve 741.,9
"..\He 6481 (2,2_3_0111.jpg",left,199,— Rodentorn 1393.,10
"..\He 6481 (2,2_3_0111.jpg",left,199,— Rodenweld 240.,11
"..\He 6481 (2,2_3_0111.jpg",left,199,— Roderer d. Ullini de Miltenberg 741.,12
"..\He 6481 (2,2_3_0111.jpg",left,199,— de Rodesbergh (Rodisberg) 194 346 353 741 1271.,13
"..\He 6481 (2,2_3_0111.jpg",left,199,— de Rodinchin v. J. Redekin.,14
"..\He 6481 (2,2_3_0111.jpg",left,199,— de Rodinen 531.,15
"..\He 6481 (2,2_3_0111.jpg",left,199,— Rodolphi v. J. Rudolphi.,16
"..\He 6481 (2,2_3_0111.jpg",left,199,— d. Roebelin 741.,17
"..\He 6481 (2,2_3_0111.jpg",left,199,— Roeman 561.,18
"..\He 6481 (2,2_3_0111.jpg",left,199,— de Roerde 741.,19
"..\He 6481 (2,2_3_0111.jpg",left,199,— Roett 741.,20
"..\He 6481 (2,2_3_0111.jpg",left,199,— Rogeri 742.,21
"..\He 6481 (2,2_3_0111.jpg",left,199,— Roggentyn 742.,22
"..\He 6481 (2,2_3_0111.jpg",left,199,— de Roggo 823.,23
"..\He 6481 (2,2_3_0111.jpg",left,199,— Roysken de Ratingen 1393.,24
"..\He 6481 (2,2_3_0111.jpg",left,199,— Rolshusen 742.,25
"..\He 6481 (2,2_3_0111.jpg",left,199,— Romelghan 879.,26
"..\He 6481 (2,2_3_0111.jpg",left,199,— Romer 1271.,27
"..\He 6481 (2,2_3_0111.jpg",left,199,— Romer 1393.,28
"..\He 6481 (2,2_3_0111.jpg",left,199,— de Roncy 742.,29
"..\He 6481 (2,2_3_0111.jpg",left,199,— d. Rone 18 1415.,30
"..\He 6481 (2,2_3_0111.jpg",left,199,— Rone 437 486.,31
"..\He 6481 (2,2_3_0111.jpg",left,199,— d. Roner 742.,32
"..\He 6481 (2,2_3_0111.jpg",left,199,— de Ropa 742.,33
"..\He 6481 (2,2_3_0111.jpg",left,199,— Ropper de Badenheim 923.,34
"..\He 6481 (2,2_3_0111.jpg",left,199,— d. de Rorbach 654.,35
"..\He 6481 (2,2_3_0111.jpg",left,199,— Rore de Argentina 742.,36
"..\He 6481 (2,2_3_0111.jpg",left,199,— Rorenoet 1391.,37
"..\He 6481 (2,2_3_0111.jpg",left,199,— Rorich (Rurich) 735 1143.,38
"..\He 6481 (2,2_3_0111.jpg",left,199,— Rorich de Surburg 742 1276.,39
"..\He 6481 (2,2_3_0111.jpg",left,199,— d. de Rosbach 437.,40
"..\He 6481 (2,2_3_0111.jpg",left,199,— Rosdorff 180 742.,41
"..\He 6481 (2,2_3_0111.jpg",left,199,— Rosebekke 742.,42
"..\He 6481 (2,2_3_0111.jpg",left,199,— Rosen 246 1196 1209.,43
"..\He 6481 (2,2_3_0111.jpg",left,199,— Rosenberg 214.,44
"..\He 6481 (2,2_3_0111.jpg",left,199,— Rosenbusch 742.,45
"..\He 6481 (2,2_3_0111.jpg",left,199,— Rosengart de Heydelbergh 743.,46
"..\He 6481 (2,2_3_0111.jpg",left,199,— Rosla 743.,47
"..\He 6481 (2,2_3_0111.jpg",left,199,— Rospach 749.,48
"..\He 6481 (2,2_3_0111.jpg",left,199,— Rosse 1206.,49
"..\He 6481 (2,2_3_0111.jpg",left,199,— Rossel al. d. Stengel de Drossendorf 70 643.,50
"..\He 6481 (2,2_3_0113.jpg",right,204,Johannes Sydenfaden (Sindelanden) v. J. Seydenfaden.,1
"..\He 6481 (2,2_3_0113.jpg",right,204,— Sydentop 1396.,2
"..\He 6481 (2,2_3_0113.jpg",right,204,— de Siengen 676 755.,3
"..\He 6481 (2,2_3_0113.jpg",right,204,— Syfelini de Landenburg 1273.,4
"..\He 6481 (2,2_3_0113.jpg",right,204,— Siffridi 755.,5
"..\He 6481 (2,2_3_0113.jpg",right,204,— Sifridi 755.,6
"..\He 6481 (2,2_3_0113.jpg",right,204,— Syfridi (Sigifridi) Brune de Lemen 755 1402 (cf. Jannus Sifridi).,7
"..\He 6481 (2,2_3_0113.jpg",right,204,— Siffridi de Witzenhusen 755.,8
"..\He 6481 (2,2_3_0113.jpg",right,204,— Sigelini de Offenburg 970.,9
"..\He 6481 (2,2_3_0113.jpg",right,204,— de Sighartschirchen 755.,10
"..\He 6481 (2,2_3_0113.jpg",right,204,— Sigifridi de Lemen v. J. Syfridi Brune.,11
"..\He 6481 (2,2_3_0113.jpg",right,204,— Silber 755.,12
"..\He 6481 (2,2_3_0113.jpg",right,204,— Silerwis 829.,13
"..\He 6481 (2,2_3_0113.jpg",right,204,— Symler 134.,14
"..\He 6481 (2,2_3_0113.jpg",right,204,— Symonis 492.,15
"..\He 6481 (2,2_3_0113.jpg",right,204,— Symonis Indemgraschohe 425.,16
"..\He 6481 (2,2_3_0113.jpg",right,204,— Sinedanden v. J. Seydenfaden.,17
"..\He 6481 (2,2_3_0113.jpg",right,204,— Sinderami de Heilgenstad 756.,18
"..\He 6481 (2,2_3_0113.jpg",right,204,— Synstorp 756.,19
"..\He 6481 (2,2_3_0113.jpg",right,204,— Sittorp 756.,20
"..\He 6481 (2,2_3_0113.jpg",right,204,— tit. s. Sixti presb. card. 1395 1421.,21
"..\He 6481 (2,2_3_0113.jpg",right,204,— de Slatheim 756.,22
"..\He 6481 (2,2_3_0113.jpg",right,204,— Slavik 546.,23
"..\He 6481 (2,2_3_0113.jpg",right,204,— Slemekitel 756.,24
"..\He 6481 (2,2_3_0113.jpg",right,204,— dux Slesie 1274.,25
"..\He 6481 (2,2_3_0113.jpg",right,204,— ep. Sleswic. 18 519 933 1116 1274 1314 1396.,26
"..\He 6481 (2,2_3_0113.jpg",right,204,— Sleuminger 756.,27
"..\He 6481 (2,2_3_0113.jpg",right,204,— Slewitz 756.,28
"..\He 6481 (2,2_3_0113.jpg",right,204,— Slinghelant 756.,29
"..\He 6481 (2,2_3_0113.jpg",right,204,— Sloff 1254.,30
"..\He 6481 (2,2_3_0113.jpg",right,204,— Sluex 756.,31
"..\He 6481 (2,2_3_0113.jpg",right,204,— de Sluszelaw 1215.,32
"..\He 6481 (2,2_3_0113.jpg",right,204,— Smakepeper 1257.,33
"..\He 6481 (2,2_3_0113.jpg",right,204,— Smaltz 1274.,34
"..\He 6481 (2,2_3_0113.jpg",right,204,— Smaltz de Confluentia 1396.,35
"..\He 6481 (2,2_3_0113.jpg",right,204,— d. Smedhenne de Wilborg 756.,36
"..\He 6481 (2,2_3_0113.jpg",right,204,— Smert 252.,37
"..\He 6481 (2,2_3_0113.jpg",right,204,— Smidis 1274.,38
"..\He 6481 (2,2_3_0113.jpg",right,204,— Smyt de Schriszen 1396.,39
"..\He 6481 (2,2_3_0113.jpg",right,204,— Smoll de Eysfelden 757.,40
"..\He 6481 (2,2_3_0113.jpg",right,204,— Snavel 427.,41
"..\He 6481 (2,2_3_0113.jpg",right,204,— Snaperkuk 676.,42
"..\He 6481 (2,2_3_0113.jpg",right,204,— Snegans 569 757 1274.,43
"..\He 6481 (2,2_3_0113.jpg",right,204,— Snellen 179.,44
"..\He 6481 (2,2_3_0113.jpg",right,204,— Snwseenhayn 1389.,45
"..\He 6481 (2,2_3_0113.jpg",right,204,— Snyman 1274.,46
"..\He 6481 (2,2_3_0113.jpg",right,204,— Snitzer 1215.,47
"..\He 6481 (2,2_3_0113.jpg",right,204,— Snoerken 1274.,48
"..\He 6481 (2,2_3_0113.jpg",right,204,— de Sobernheim v. J. Foltzonis.,49
"..\He 6481 (2,2_3_0114.jpg",left,205,Johannes Sockels 548.,1
"..\He 6481 (2,2_3_0114.jpg",left,205,— Soyen 748 924.,2
"..\He 6481 (2,2_3_0114.jpg",left,205,— Solden al. de Tekeneborgh 757.,3
"..\He 6481 (2,2_3_0114.jpg",left,205,— de Solingen 757.,4
"..\He 6481 (2,2_3_0114.jpg",left,205,— ep. Soltanien. 297.,5
"..\He 6481 (2,2_3_0114.jpg",left,205,— de Soltis 757.,6
"..\He 6481 (2,2_3_0114.jpg",left,205,— Soltow 442 757.,7
"..\He 6481 (2,2_3_0114.jpg",left,205,— de Soltwedel 250.,8
"..\He 6481 (2,2_3_0114.jpg",left,205,— d. Soltzclemen 1148 1433.,9
"..\He 6481 (2,2_3_0114.jpg",left,205,— Somer 1275 1396.,10
"..\He 6481 (2,2_3_0114.jpg",left,205,— Sorbom de Mitolen 757.,11
"..\He 6481 (2,2_3_0114.jpg",left,205,— Sornagel 1425.,12
"..\He 6481 (2,2_3_0114.jpg",left,205,— Sottelkorff v. J. Scottelkorff.,13
"..\He 6481 (2,2_3_0114.jpg",left,205,— Souer de Gyengen 758.,14
"..\He 6481 (2,2_3_0114.jpg",left,205,— Spaen 1396.,15
"..\He 6481 (2,2_3_0114.jpg",left,205,— de Spanheim 462.,16
"..\He 6481 (2,2_3_0114.jpg",left,205,— com. de Spanheim 758.,17
"..\He 6481 (2,2_3_0114.jpg",left,205,— Speck de Andernaco 758.,18
"..\He 6481 (2,2_3_0114.jpg",left,205,— de com. de Spegelbergh (Speigelberge) 285 704 758 1096.,19
"..\He 6481 (2,2_3_0114.jpg",left,205,— Speych 758.,20
"..\He 6481 (2,2_3_0114.jpg",left,205,— Spengler 860 1275.,21
"..\He 6481 (2,2_3_0114.jpg",left,205,— Spennyngesberch de Stenvordia 758.,22
"..\He 6481 (2,2_3_0114.jpg",left,205,— Spyc 324 326.,23
"..\He 6481 (2,2_3_0114.jpg",left,205,— Spiker 759.,24
"..\He 6481 (2,2_3_0114.jpg",left,205,— d. Spy es de Wetzflaria 759.,25
"..\He 6481 (2,2_3_0114.jpg",left,205,— Spiligen 848.,26
"..\He 6481 (2,2_3_0114.jpg",left,205,— Sprint 532.,27
"..\He 6481 (2,2_3_0114.jpg",left,205,— Spiser de Benfelt 759.,28
"..\He 6481 (2,2_3_0114.jpg",left,205,— Sporell 1334.,29
"..\He 6481 (2,2_3_0114.jpg",left,205,— Sporltz de Ergerstorff 759.,30
"..\He 6481 (2,2_3_0114.jpg",left,205,— Spreen 759.,31
"..\He 6481 (2,2_3_0114.jpg",left,205,— Sproten 1073.,32
"..\He 6481 (2,2_3_0114.jpg",left,205,— Stabbe 1275.,33
"..\He 6481 (2,2_3_0114.jpg",left,205,— Staken 613.,34
"..\He 6481 (2,2_3_0114.jpg",left,205,— Stacknecht 1275.,35
"..\He 6481 (2,2_3_0114.jpg",left,205,— Stadler 759.,36
"..\He 6481 (2,2_3_0114.jpg",left,205,— Stadschriber de Fulda 547 548.,37
"..\He 6481 (2,2_3_0114.jpg",left,205,— Staelberg 129.,38
"..\He 6481 (2,2_3_0114.jpg",left,205,"— de Stainegg (Stayneck, Steinegg) 191 759 1130.",39
"..\He 6481 (2,2_3_0114.jpg",left,205,— Stayner de Trewbach 760 993.,40
"..\He 6481 (2,2_3_0114.jpg",left,205,— Stayner de Wyenna 760.,41
"..\He 6481 (2,2_3_0114.jpg",left,205,— Stalberch 760.,42
"..\He 6481 (2,2_3_0114.jpg",left,205,— Stalberg de Rondenberg 761.,43
"..\He 6481 (2,2_3_0114.jpg",left,205,— Stamel de Bunde 913.,44
"..\He 6481 (2,2_3_0114.jpg",left,205,— de Stamesdorp 761.,45
"..\He 6481 (2,2_3_0114.jpg",left,205,— Stamhaimer de Fredeberg 761.,46
"..\He 6481 (2,2_3_0114.jpg",left,205,— Standorfer de [Consiak ?] 762.,47
"..\He 6481 (2,2_3_0114.jpg",left,205,— Stang 676.,48
"..\He 6481 (2,2_3_0114.jpg",left,205,— Stanislai de Potrkowitze 762.,49
"..\He 6481 (2,2_3_0114.jpg",left,205,— Stantfert de Backeborch v. J. Landford de Buckeborch.,50
"..\He 6481 (2,2_3_0115.jpg",left,207,Johannes Storm 255.,1
"..\He 6481 (2,2_3_0115.jpg",left,207,— Storm de Behel 765.,2
"..\He 6481 (2,2_3_0115.jpg",left,207,— Store 295.,3
"..\He 6481 (2,2_3_0115.jpg",left,207,— Stouffer (Staufer) 624 730 766.,4
"..\He 6481 (2,2_3_0115.jpg",left,207,— abb. mon. Strahovien. 577.,5
"..\He 6481 (2,2_3_0115.jpg",left,207,— d. de Stralen 766.,6
"..\He 6481 (2,2_3_0115.jpg",left,207,— Stralenvelser 256.,7
"..\He 6481 (2,2_3_0115.jpg",left,207,— Stramynch 766.,8
"..\He 6481 (2,2_3_0115.jpg",left,207,— Stramme 766.,9
"..\He 6481 (2,2_3_0115.jpg",left,207,— Strasperg 1275.,10
"..\He 6481 (2,2_3_0115.jpg",left,207,— Straszhem 766.,11
"..\He 6481 (2,2_3_0115.jpg",left,207,— Streicher 766.,12
"..\He 6481 (2,2_3_0115.jpg",left,207,— Streitperger 766 1276.,13
"..\He 6481 (2,2_3_0115.jpg",left,207,— Strider 767.,14
"..\He 6481 (2,2_3_0115.jpg",left,207,— Strokeren 767.,15
"..\He 6481 (2,2_3_0115.jpg",left,207,— de Strovordia 1087.,16
"..\He 6481 (2,2_3_0115.jpg",left,207,— de Stromberg 767.,17
"..\He 6481 (2,2_3_0115.jpg",left,207,— Struibel 767.,18
"..\He 6481 (2,2_3_0115.jpg",left,207,— Strunck 767.,19
"..\He 6481 (2,2_3_0115.jpg",left,207,— Stuber 627.,20
"..\He 6481 (2,2_3_0115.jpg",left,207,— d. Stuchs 693 705.,21
"..\He 6481 (2,2_3_0115.jpg",left,207,— Stufke 767.,22
"..\He 6481 (2,2_3_0115.jpg",left,207,— Stule 767.,23
"..\He 6481 (2,2_3_0115.jpg",left,207,— Stummel 768 1276.,24
"..\He 6481 (2,2_3_0115.jpg",left,207,— Stuncke (Stunck) de Marpurg 70 92 204 306 495 592 667 683 752 768 782 860 1061 1093 1095 1105 1285 1358 1380.,25
"..\He 6481 (2,2_3_0115.jpg",left,207,— Sturmer d. Kune 1397.,26
"..\He 6481 (2,2_3_0115.jpg",left,207,— Stutte (Stutten) 360 768 1167 1276 1325.,27
"..\He 6481 (2,2_3_0115.jpg",left,207,— Stuttorp 768 1397.,28
"..\He 6481 (2,2_3_0115.jpg",left,207,— Suchors 769.,29
"..\He 6481 (2,2_3_0115.jpg",left,207,— Suer 978.,30
"..\He 6481 (2,2_3_0115.jpg",left,207,— Suertfeger 1249.,31
"..\He 6481 (2,2_3_0115.jpg",left,207,— de Suevia 769.,32
"..\He 6481 (2,2_3_0115.jpg",left,207,— Sulverkerner 769.,33
"..\He 6481 (2,2_3_0115.jpg",left,207,— Summer 769 1017.,34
"..\He 6481 (2,2_3_0115.jpg",left,207,— Summys 769 797.,35
"..\He 6481 (2,2_3_0115.jpg",left,207,— Sumpringer 769.,36
"..\He 6481 (2,2_3_0115.jpg",left,207,— de Sund 1039.,37
"..\He 6481 (2,2_3_0115.jpg",left,207,— Sunwerger 781.,38
"..\He 6481 (2,2_3_0115.jpg",left,207,— de Surburgo v. J. Rorich.,39
"..\He 6481 (2,2_3_0115.jpg",left,207,— Surg 769.,40
"..\He 6481 (2,2_3_0115.jpg",left,207,— Surgi 769.,41
"..\He 6481 (2,2_3_0115.jpg",left,207,— de Susato 102 666.,42
"..\He 6481 (2,2_3_0115.jpg",left,207,— Swagher de Edessen 769 1276.,43
"..\He 6481 (2,2_3_0115.jpg",left,207,— Swalenberch 770 1265 1424.,44
"..\He 6481 (2,2_3_0115.jpg",left,207,— d. de Swalmen 770.,45
"..\He 6481 (2,2_3_0115.jpg",left,207,— Swan 770.,46
"..\He 6481 (2,2_3_0115.jpg",left,207,— Swanenbecke 770.,47
"..\He 6481 (2,2_3_0115.jpg",left,207,— in Swartzpurg com. 57.,48
"..\He 6481 (2,2_3_0115.jpg",left,207,— Swartzen 1397.,49
"..\He 6481 (2,2_3_0114.jpg",right,206,Johannes Stargholff 482.,1
"..\He 6481 (2,2_3_0114.jpg",right,206,— Stasser 1028.,2
"..\He 6481 (2,2_3_0114.jpg",right,206,— Stauffer v. J. Stouffer.,3
"..\He 6481 (2,2_3_0114.jpg",right,206,— Steben de Francfordia 1396.,4
"..\He 6481 (2,2_3_0114.jpg",right,206,— Stekch 297.,5
"..\He 6481 (2,2_3_0114.jpg",right,206,— Stedefrund (Stedenrunt) 762 1101,6
"..\He 6481 (2,2_3_0114.jpg",right,206,— Stephani 569 1397.,7
"..\He 6481 (2,2_3_0114.jpg",right,206,— Stephani 659.,8
"..\He 6481 (2,2_3_0114.jpg",right,206,— abb.mon.s. Stephani de Carraria 762.,9
"..\He 6481 (2,2_3_0114.jpg",right,206,— Stephani de Coszel 763.,10
"..\He 6481 (2,2_3_0114.jpg",right,206,— Stephani d. Wikmar de Buneke m 763.,11
"..\He 6481 (2,2_3_0114.jpg",right,206,— de Stega 887.,12
"..\He 6481 (2,2_3_0114.jpg",right,206,— Stege 1397.,13
"..\He 6481 (2,2_3_0114.jpg",right,206,— Steger al. d. Rosegg 763.,14
"..\He 6481 (2,2_3_0114.jpg",right,206,— de Steyn 1218.,15
"..\He 6481 (2,2_3_0114.jpg",right,206,— Stein 1260.,16
"..\He 6481 (2,2_3_0114.jpg",right,206,— Steyn 1275.,17
"..\He 6481 (2,2_3_0114.jpg",right,206,— de Steinegg v. J. de Stainegg.,18
"..\He 6481 (2,2_3_0114.jpg",right,206,— de Steynen 763.,19
"..\He 6481 (2,2_3_0114.jpg",right,206,— Steingasze 764.,20
"..\He 6481 (2,2_3_0114.jpg",right,206,— Steltzer de Budissin 578 764.,21
"..\He 6481 (2,2_3_0114.jpg",right,206,— Stenbreker 764.,22
"..\He 6481 (2,2_3_0114.jpg",right,206,— Stengodes 764.,23
"..\He 6481 (2,2_3_0114.jpg",right,206,— Stepeck de Muldorf 764.,24
"..\He 6481 (2,2_3_0114.jpg",right,206,— Stern cyn (Sternchin de Boetin stein) 764.,25
"..\He 6481 (2,2_3_0114.jpg",right,206,— d. Stertzelnheim 764.,26
"..\He 6481 (2,2_3_0114.jpg",right,206,— de Stessa 1397.,27
"..\He 6481 (2,2_3_0114.jpg",right,206,— Stetefelt 764.,28
"..\He 6481 (2,2_3_0114.jpg",right,206,— Stetendorffer 259.,29
"..\He 6481 (2,2_3_0114.jpg",right,206,— Stetfurt 688 689 765.,30
"..\He 6481 (2,2_3_0114.jpg",right,206,— Stetin 1111.,31
"..\He 6481 (2,2_3_0114.jpg",right,206,— Stierlin 666.,32
"..\He 6481 (2,2_3_0114.jpg",right,206,— Stimen 765.,33
"..\He 6481 (2,2_3_0114.jpg",right,206,— Stira 1060.,34
"..\He 6481 (2,2_3_0114.jpg",right,206,— Stocham 765.,35
"..\He 6481 (2,2_3_0114.jpg",right,206,— Stoeking 1397.,36
"..\He 6481 (2,2_3_0114.jpg",right,206,— Stoelle 765.,37
"..\He 6481 (2,2_3_0114.jpg",right,206,— Stover 1045.,38
"..\He 6481 (2,2_3_0114.jpg",right,206,— Stoff 1275.,39
"..\He 6481 (2,2_3_0114.jpg",right,206,— Stohle 1301.,40
"..\He 6481 (2,2_3_0114.jpg",right,206,— Stol 690.,41
"..\He 6481 (2,2_3_0114.jpg",right,206,— Stole de Rintelen (Rentelen) 504 765.,42
"..\He 6481 (2,2_3_0114.jpg",right,206,— Stolim 1397.,43
"..\He 6481 (2,2_3_0114.jpg",right,206,— Stoll 575.,44
"..\He 6481 (2,2_3_0114.jpg",right,206,— Stollen 325.,45
"..\He 6481 (2,2_3_0114.jpg",right,206,— Stolte 1404.,46
"..\He 6481 (2,2_3_0114.jpg",right,206,— Stoltz de Staffart 765.,47
"..\He 6481 (2,2_3_0114.jpg",right,206,— Stomann 706.,48
"..\He 6481 (2,2_3_0114.jpg",right,206,— Stonc de Driel 765.,49
"..\He 6481 (2,2_3_0114.jpg",right,206,— Stonc de Renen 960.,50
"..\He 6481 (2,2_3_0115.jpg",right,208,Johannes de Swarzenstein 771.,1
"..\He 6481 (2,2_3_0115.jpg",right,208,— Swarczherman de Franckfordia 1397.,2
"..\He 6481 (2,2_3_0115.jpg",right,208,— Swaspen 1115.,3
"..\He 6481 (2,2_3_0115.jpg",right,208,— Sweche 771.,4
"..\He 6481 (2,2_3_0115.jpg",right,208,— d. Swaybrer 771.,5
"..\He 6481 (2,2_3_0115.jpg",right,208,— Sweni 446.,6
"..\He 6481 (2,2_3_0115.jpg",right,208,— Swern 771.,7
"..\He 6481 (2,2_3_0115.jpg",right,208,— Swertfegher al. de Hamelspring 1397.,8
"..\He 6481 (2,2_3_0115.jpg",right,208,— Swertzen 606.,9
"..\He 6481 (2,2_3_0115.jpg",right,208,— de Swydenitz v. J. Clusnitz.,10
"..\He 6481 (2,2_3_0115.jpg",right,208,— Swiger 771.,11
"..\He 6481 (2,2_3_0115.jpg",right,208,— Swynde 405 771.,12
"..\He 6481 (2,2_3_0115.jpg",right,208,— de Szolowo 636.,13
"..\He 6481 (2,2_3_0115.jpg",right,208,— de Taem (Tam) 1150.,14
"..\He 6481 (2,2_3_0115.jpg",right,208,— Tamlini (Tomlini) de Reyffnitz 772 775 1051 1277.,15
"..\He 6481 (2,2_3_0115.jpg",right,208,— de Tarnowo 1397.,16
"..\He 6481 (2,2_3_0115.jpg",right,208,— Taschenhaw 203.,17
"..\He 6481 (2,2_3_0115.jpg",right,208,— ep. Taurisien. 493 740 741 1194.,18
"..\He 6481 (2,2_3_0115.jpg",right,208,— Thechenbader 772.,19
"..\He 6481 (2,2_3_0115.jpg",right,208,— Tectoris 602 772.,20
"..\He 6481 (2,2_3_0115.jpg",right,208,— de Tegellenborg (Teykenborch) 325 965.,21
"..\He 6481 (2,2_3_0115.jpg",right,208,— Tegrel 1170.,22
"..\He 6481 (2,2_3_0115.jpg",right,208,— de Teynburg 772.,23
"..\He 6481 (2,2_3_0115.jpg",right,208,— Tenger 1302.,24
"..\He 6481 (2,2_3_0115.jpg",right,208,— Tenoerde (Tennorde) de Altinis 772 787 1398.,25
"..\He 6481 (2,2_3_0115.jpg",right,208,— Tenpade 335.,26
"..\He 6481 (2,2_3_0115.jpg",right,208,— ten Slade 756.,27
"..\He 6481 (2,2_3_0115.jpg",right,208,— Tenwege 772.,28
"..\He 6481 (2,2_3_0115.jpg",right,208,— Theobaldi de Rotzenhusen 772.,29
"..\He 6481 (2,2_3_0115.jpg",right,208,— Theoderici de Fritzlaria 773.,30
"..\He 6481 (2,2_3_0115.jpg",right,208,— Theoderici de Harlem 220 772 1012.,31
"..\He 6481 (2,2_3_0115.jpg",right,208,— Theotonicus 773.,32
"..\He 6481 (2,2_3_0115.jpg",right,208,— d. Terkis 1023.,33
"..\He 6481 (2,2_3_0115.jpg",right,208,— Terdinger 1276.,34
"..\He 6481 (2,2_3_0115.jpg",right,208,— de Terdona 15.,35
"..\He 6481 (2,2_3_0115.jpg",right,208,— Terenbach 773.,36
"..\He 6481 (2,2_3_0115.jpg",right,208,— el. Tergest. 1398.,37
"..\He 6481 (2,2_3_0115.jpg",right,208,— Tescow 773.,38
"..\He 6481 (2,2_3_0115.jpg",right,208,— Tesseri (Tessero) 254 773.,39
"..\He 6481 (2,2_3_0115.jpg",right,208,— Tetnang 425.,40
"..\He 6481 (2,2_3_0115.jpg",right,208,— Tetzel 1276.,41
"..\He 6481 (2,2_3_0115.jpg",right,208,— commendator hosp. Teuthonicorum 309.,42
"..\He 6481 (2,2_3_0115.jpg",right,208,— Tezstorp 773.,43
"..\He 6481 (2,2_3_0115.jpg",right,208,— Tybbing 1121.,44
"..\He 6481 (2,2_3_0115.jpg",right,208,— Tichtel 197 773.,45
"..\He 6481 (2,2_3_0115.jpg",right,208,— ep. Ticopol. 773.,46
"..\He 6481 (2,2_3_0115.jpg",right,208,— Tye 773 1276.,47
"..\He 6481 (2,2_3_0116.jpg",left,209,Johannes Tiffingrube 1255.,1
"..\He 6481 (2,2_3_0116.jpg",left,209,— Tilmannus de Stochem 774.,2
"..\He 6481 (2,2_3_0116.jpg",left,209,— Tylonis de Crucenaco 1299 1310.,3
"..\He 6481 (2,2_3_0116.jpg",left,209,— T[ilon]is de Indagine 774 981 1289.,4
"..\He 6481 (2,2_3_0116.jpg",left,209,— Timmerman 581.,5
"..\He 6481 (2,2_3_0116.jpg",left,209,— Tyntz 925.,6
"..\He 6481 (2,2_3_0116.jpg",left,209,— Thobel de Everdingen 774.,7
"..\He 6481 (2,2_3_0116.jpg",left,209,— Tobelken 774.,8
"..\He 6481 (2,2_3_0116.jpg",left,209,— Tolle 1277.,9
"..\He 6481 (2,2_3_0116.jpg",left,209,— Thomacelli 832.,10
"..\He 6481 (2,2_3_0116.jpg",left,209,— Tombrincke 774.,11
"..\He 6481 (2,2_3_0116.jpg",left,209,— Thome 774 1277.,12
"..\He 6481 (2,2_3_0116.jpg",left,209,— Thome de Florentia 346.,13
"..\He 6481 (2,2_3_0116.jpg",left,209,— Thome de Goch 774.,14
"..\He 6481 (2,2_3_0116.jpg",left,209,— Thome de Swaych 775.,15
"..\He 6481 (2,2_3_0116.jpg",left,209,— Thomislai de Zambotzin 775.,16
"..\He 6481 (2,2_3_0116.jpg",left,209,— Tomlini (Tonlini) v. J. Tamlini.,17
"..\He 6481 (2,2_3_0116.jpg",left,209,— de Thongerlo 775.,18
"..\He 6481 (2,2_3_0116.jpg",left,209,— Tonsoris 541 775.,19
"..\He 6481 (2,2_3_0116.jpg",left,209,— d. Toppler 657.,20
"..\He 6481 (2,2_3_0116.jpg",left,209,— Torbertell 1335.,21
"..\He 6481 (2,2_3_0116.jpg",left,209,— Torculatoris 992.,22
"..\He 6481 (2,2_3_0116.jpg",left,209,— Thorificis 733.,23
"..\He 6481 (2,2_3_0116.jpg",left,209,— Torlon 1398.,24
"..\He 6481 (2,2_3_0116.jpg",left,209,— Tournout v. J. Turnout.,25
"..\He 6481 (2,2_3_0116.jpg",left,209,— Travelman 775.,26
"..\He 6481 (2,2_3_0116.jpg",left,209,— ep. Traiect. 221 813 952.,27
"..\He 6481 (2,2_3_0116.jpg",left,209,— de Tremosnitz v. J. Petri de T.,28
"..\He 6481 (2,2_3_0116.jpg",left,209,— de Tresbach 946.,29
"..\He 6481 (2,2_3_0116.jpg",left,209,— offic. Trever. 684.,30
"..\He 6481 (2,2_3_0116.jpg",left,209,— de Trinianis 100 776.,31
"..\He 6481 (2,2_3_0116.jpg",left,209,— Trittenfuth 1277.,32
"..\He 6481 (2,2_3_0116.jpg",left,209,— de Troppaw 916.,33
"..\He 6481 (2,2_3_0116.jpg",left,209,— Trossin 802.,34
"..\He 6481 (2,2_3_0116.jpg",left,209,— Trost 776.,35
"..\He 6481 (2,2_3_0116.jpg",left,209,— Trube 776.,36
"..\He 6481 (2,2_3_0116.jpg",left,209,— com. de Truhendingen 727.,37
"..\He 6481 (2,2_3_0116.jpg",left,209,— Trutmanni de Stega 1398.,38
"..\He 6481 (2,2_3_0116.jpg",left,209,— Tsehakan (Schackan) 412 776 1407.,39
"..\He 6481 (2,2_3_0116.jpg",left,209,— Tuckezuert 1398.,40
"..\He 6481 (2,2_3_0116.jpg",left,209,— Tudenprun 776.,41
"..\He 6481 (2,2_3_0116.jpg",left,209,— Thuernitz 1398.,42
"..\He 6481 (2,2_3_0116.jpg",left,209,— abb. mon. Tuicien. 776.,43
"..\He 6481 (2,2_3_0116.jpg",left,209,— de Tuicio 736 975.,44
"..\He 6481 (2,2_3_0116.jpg",left,209,— Tuller 1392.,45
"..\He 6481 (2,2_3_0116.jpg",left,209,— Tulpeto 734.,46
"..\He 6481 (2,2_3_0116.jpg",left,209,— d. Tunchart 1167.,47
"..\He 6481 (2,2_3_0116.jpg",left,209,— de Tundern 1398.,48
"..\He 6481 (2,2_3_0116.jpg",left,209,— Tungessinger 1277.,49
"..\He 6481 (2,2_3_0116.jpg",left,209,— Tunne 776.,50
"..\He 6481 (2,2_3_0116.jpg",left,209,— de Turgaw 1158.,51
"..\He 6481 (2,2_3_0116.jpg",left,209,— d. Turinckheim 776.,52
"..\He 6481 (2,2_3_0116.jpg",left,209,— Turinger 776.,53
"..\He 6481 (2,2_3_0117.jpg",left,211,Johannes Waldekker 779.,1
"..\He 6481 (2,2_3_0117.jpg",left,211,— de Waldenfels 779.,2
"..\He 6481 (2,2_3_0117.jpg",left,211,— Waldenrader 780.,3
"..\He 6481 (2,2_3_0117.jpg",left,211,— de Waldow 109.,4
"..\He 6481 (2,2_3_0117.jpg",left,211,— de Walen 321 405.,5
"..\He 6481 (2,2_3_0117.jpg",left,211,— Wallinch de Dyssen 1278 1399.,6
"..\He 6481 (2,2_3_0117.jpg",left,211,— abb. mon. Vallissanctigeorgii 1399.,7
"..\He 6481 (2,2_3_0117.jpg",left,211,— Wallwini 1338.,8
"..\He 6481 (2,2_3_0117.jpg",left,211,— de Walse 206.,9
"..\He 6481 (2,2_3_0117.jpg",left,211,— Walteri de Arnhem (Aernhem) 563 629 952 990 1173 1278.,10
"..\He 6481 (2,2_3_0117.jpg",left,211,— Walteri Gosius 780.,11
"..\He 6481 (2,2_3_0117.jpg",left,211,— Walteri de Wetsflaria 780.,12
"..\He 6481 (2,2_3_0117.jpg",left,211,— Waltrini (Watrini) 674 782.,13
"..\He 6481 (2,2_3_0117.jpg",left,211,— Waltze 439.,14
"..\He 6481 (2,2_3_0117.jpg",left,211,— Wandris 780.,15
"..\He 6481 (2,2_3_0117.jpg",left,211,— Wanghe de Clivis 780 800.,16
"..\He 6481 (2,2_3_0117.jpg",left,211,— Wardewitz 1136.,17
"..\He 6481 (2,2_3_0117.jpg",left,211,— Warendorp de Monasterio 781 954 1278.,18
"..\He 6481 (2,2_3_0117.jpg",left,211,— Variclo 1244.,19
"..\He 6481 (2,2_3_0117.jpg",left,211,— Waryn 781.,20
"..\He 6481 (2,2_3_0117.jpg",left,211,— Warman de s. Gallo 781.,21
"..\He 6481 (2,2_3_0117.jpg",left,211,— ep. Warmien. 781 1263 1358.,22
"..\He 6481 (2,2_3_0117.jpg",left,211,— ep. Varnen. (Vernen.) 296 1278.,23
"..\He 6481 (2,2_3_0117.jpg",left,211,— Warnstede 781.,24
"..\He 6481 (2,2_3_0117.jpg",left,211,— Wartenfelsser 781.,25
"..\He 6481 (2,2_3_0117.jpg",left,211,— Wasmodi (Wasmudi) 595 782 1029.,26
"..\He 6481 (2,2_3_0117.jpg",left,211,— Wasmud 782.,27
"..\He 6481 (2,2_3_0117.jpg",left,211,— Wasmund 782.,28
"..\He 6481 (2,2_3_0117.jpg",left,211,— Wasserloch 782.,29
"..\He 6481 (2,2_3_0117.jpg",left,211,— Watrini v. J. Waltrini.,30
"..\He 6481 (2,2_3_0117.jpg",left,211,— Vavassoris 783.,31
"..\He 6481 (2,2_3_0117.jpg",left,211,— Waczenrieder 1279.,32
"..\He 6481 (2,2_3_0117.jpg",left,211,— Weckerlin 783.,33
"..\He 6481 (2,2_3_0117.jpg",left,211,— Wedekindi de Werter 783.,34
"..\He 6481 (2,2_3_0117.jpg",left,211,— Wedmunde 1398.,35
"..\He 6481 (2,2_3_0117.jpg",left,211,— Weert de Resel (Wirt de Resil) 792 992 1116 1318.,36
"..\He 6481 (2,2_3_0117.jpg",left,211,— Weestrenen 268.,37
"..\He 6481 (2,2_3_0117.jpg",left,211,— de Weffershussen 966.,38
"..\He 6481 (2,2_3_0117.jpg",left,211,— Wegelin 783.,39
"..\He 6481 (2,2_3_0117.jpg",left,211,— Weghelini 978.,40
"..\He 6481 (2,2_3_0117.jpg",left,211,— Wegeschilt 783.,41
"..\He 6481 (2,2_3_0117.jpg",left,211,— Wegrave 783.,42
"..\He 6481 (2,2_3_0117.jpg",left,211,— Wegschaider 1279.,43
"..\He 6481 (2,2_3_0117.jpg",left,211,— Weydeman de Valender 783.,44
"..\He 6481 (2,2_3_0117.jpg",left,211,— Weidois 783.,45
"..\He 6481 (2,2_3_0117.jpg",left,211,— Weygherdans(Weygerdins) 783 1399.,46
"..\He 6481 (2,2_3_0117.jpg",left,211,— de Weinding 784.,47
"..\He 6481 (2,2_3_0117.jpg",left,211,— Weyngasse v. J. Laurentii Wyngas.,48
"..\He 6481 (2,2_3_0117.jpg",left,211,— Weypolzhayner 784.,49
"..\He 6481 (2,2_3_0117.jpg",left,211,— Weyschenfelder 784.,50
"..\He 6481 (2,2_3_0117.jpg",right,212,Johannes Weyse 673 784 1194 1399.,1
"..\He 6481 (2,2_3_0117.jpg",right,212,— Weyselini 784.,2
"..\He 6481 (2,2_3_0117.jpg",right,212,— de Weytra 1279.,3
"..\He 6481 (2,2_3_0117.jpg",right,212,— Welder 1400.,4
"..\He 6481 (2,2_3_0117.jpg",right,212,— de Wella 858.,5
"..\He 6481 (2,2_3_0117.jpg",right,212,— Wels 785.,6
"..\He 6481 (2,2_3_0117.jpg",right,212,— Wend 785.,7
"..\He 6481 (2,2_3_0117.jpg",right,212,— de Wendebruch 432.,8
"..\He 6481 (2,2_3_0117.jpg",right,212,— Wendeler 93.,9
"..\He 6481 (2,2_3_0117.jpg",right,212,— Wenemari de Dursten 785.,10
"..\He 6481 (2,2_3_0117.jpg",right,212,— Wengershusen 785.,11
"..\He 6481 (2,2_3_0117.jpg",right,212,— Wengmer 1400.,12
"..\He 6481 (2,2_3_0117.jpg",right,212,— Wenygge 785.,13
"..\He 6481 (2,2_3_0117.jpg",right,212,— Wenzer 936.,14
"..\He 6481 (2,2_3_0117.jpg",right,212,— Went 785.,15
"..\He 6481 (2,2_3_0117.jpg",right,212,— Wentzkonis de Zucowe 785.,16
"..\He 6481 (2,2_3_0117.jpg",right,212,— Wentzing 189 785.,17
"..\He 6481 (2,2_3_0117.jpg",right,212,— Wentzonis Fabri de Oppenheim 786 1271.,18
"..\He 6481 (2,2_3_0117.jpg",right,212,— Wenzonis 786.,19
"..\He 6481 (2,2_3_0117.jpg",right,212,— d. Werkmeister 786.,20
"..\He 6481 (2,2_3_0117.jpg",right,212,— de Werdea 786.,21
"..\He 6481 (2,2_3_0117.jpg",right,212,— Werve 1235.,22
"..\He 6481 (2,2_3_0117.jpg",right,212,— Werinbolt 1400.,23
"..\He 6481 (2,2_3_0117.jpg",right,212,— ep. Vernen v. J. ep. Varnen.,24
"..\He 6481 (2,2_3_0117.jpg",right,212,— Werneri 1279.,25
"..\He 6481 (2,2_3_0117.jpg",right,212,— Wernheri d. Frewler 786.,26
"..\He 6481 (2,2_3_0117.jpg",right,212,— Wernheri d. Fuerini de Oltingen al. ad Rosam 110 786.,27
"..\He 6481 (2,2_3_0117.jpg",right,212,— Werneri al. d. Gherbode 786.,28
"..\He 6481 (2,2_3_0117.jpg",right,212,— Werneri de Merode 787.,29
"..\He 6481 (2,2_3_0117.jpg",right,212,— de Wernez 19.,30
"..\He 6481 (2,2_3_0117.jpg",right,212,— de Werow 45.,31
"..\He 6481 (2,2_3_0117.jpg",right,212,— Werseman 1113 1242 1400.,32
"..\He 6481 (2,2_3_0117.jpg",right,212,— de Werten 450.,33
"..\He 6481 (2,2_3_0117.jpg",right,212,— de Werthusen 108 329 787.,34
"..\He 6481 (2,2_3_0117.jpg",right,212,— Werwer 1400.,35
"..\He 6481 (2,2_3_0117.jpg",right,212,— de Wesalia 103 986.,36
"..\He 6481 (2,2_3_0117.jpg",right,212,— Wesinctorp v. Hermannus W.,37
"..\He 6481 (2,2_3_0117.jpg",right,212,— Wesler 787.,38
"..\He 6481 (2,2_3_0117.jpg",right,212,— Westerlo 788.,39
"..\He 6481 (2,2_3_0117.jpg",right,212,— Westernach 671.,40
"..\He 6481 (2,2_3_0117.jpg",right,212,— de Westersteten 788.,41
"..\He 6481 (2,2_3_0117.jpg",right,212,— Westphal 88.,42
"..\He 6481 (2,2_3_0117.jpg",right,212,— Westfal 788 1039.,43
"..\He 6481 (2,2_3_0117.jpg",right,212,— Westval 1400.,44
"..\He 6481 (2,2_3_0117.jpg",right,212,— Westfal 1400.,45
"..\He 6481 (2,2_3_0117.jpg",right,212,— d. Westphale 349.,46
"..\He 6481 (2,2_3_0117.jpg",right,212,"— Westfali (Westwal, Westfalis) v. J. Kbel.",47
"..\He 6481 (2,2_3_0117.jpg",right,212,— de Westphalia 1106.,48
"..\He 6481 (2,2_3_0117.jpg",right,212,— de Westhusen 359.,49
"..\He 6481 (2,2_3_0117.jpg",right,212,— abb. mon. Veterismontis 1279.,50
"..\He 6481 (2,2_3_0118.jpg",left,213,Johannes Wetzcl 788.,1
"..\He 6481 (2,2_3_0118.jpg",left,213,— de Wetzflaria v. J. Otwni de W.,2
"..\He 6481 (2,2_3_0118.jpg",left,213,— de Wyck 789.,3
"..\He 6481 (2,2_3_0118.jpg",left,213,— Wychardi 1013.,4
"..\He 6481 (2,2_3_0118.jpg",left,213,— Wykeham 789.,5
"..\He 6481 (2,2_3_0118.jpg",left,213,— de Wyceuburg 148.,6
"..\He 6481 (2,2_3_0118.jpg",left,213,— de Vico de Udem 789.,7
"..\He 6481 (2,2_3_0118.jpg",left,213,— Widelcrse 1400.,8
"..\He 6481 (2,2_3_0118.jpg",left,213,— de Widoy 789.,9
"..\He 6481 (2,2_3_0118.jpg",left,213,— prep. eccl. in Widoi v. J. de Odendorp.,10
"..\He 6481 (2,2_3_0118.jpg",left,213,— de Widstad 789.,11
"..\He 6481 (2,2_3_0118.jpg",left,213,— de Vienna 20.,12
"..\He 6481 (2,2_3_0118.jpg",left,213,— Wijs de Alster (Alfter) 357 792 1279.,13
"..\He 6481 (2,2_3_0118.jpg",left,213,— Wijssen de Berka 1400.,14
"..\He 6481 (2,2_3_0118.jpg",left,213,— Wijssenburgh 1279.,15
"..\He 6481 (2,2_3_0118.jpg",left,213,— de Vilarlo 789.,16
"..\He 6481 (2,2_3_0118.jpg",left,213,— de Wilbach 1113.,17
"..\He 6481 (2,2_3_0118.jpg",left,213,— Wilkini 1401.,18
"..\He 6481 (2,2_3_0118.jpg",left,213,— Wilde 81 279 339 510 629 789 793 990 991 998 1032 1154.,19
"..\He 6481 (2,2_3_0118.jpg",left,213,— Wildemberg (Wildenberg) 681 789 960.,20
"..\He 6481 (2,2_3_0118.jpg",left,213,— Wildeshusen al. d. Bistervelt 1280.,21
"..\He 6481 (2,2_3_0118.jpg",left,213,— de Wildespcrg 1401.,22
"..\He 6481 (2,2_3_0118.jpg",left,213,— Wildungben de Elsse 789.,23
"..\He 6481 (2,2_3_0118.jpg",left,213,— Wilham de Torrenburen 1280.,24
"..\He 6481 (2,2_3_0118.jpg",left,213,— de Villari 710 725 789.,25
"..\He 6481 (2,2_3_0118.jpg",left,213,— Willeri 407.,26
"..\He 6481 (2,2_3_0118.jpg",left,213,— Willis 790.,27
"..\He 6481 (2,2_3_0118.jpg",left,213,— Wyluauwe 733.,28
"..\He 6481 (2,2_3_0118.jpg",left,213,— Wilter 612.,29
"..\He 6481 (2,2_3_0118.jpg",left,213,— Wynans 1309.,30
"..\He 6481 (2,2_3_0118.jpg",left,213,— d. Wincke 646.,31
"..\He 6481 (2,2_3_0118.jpg",left,213,— Winkeleri (Winkeler) 347 790 915,32
"..\He 6481 (2,2_3_0118.jpg",left,213,— abb. mon. s. Vincentii e. m. Wratislav. 790.,33
"..\He 6481 (2,2_3_0118.jpg",left,213,— Winkler 1280 1364.,34
"..\He 6481 (2,2_3_0118.jpg",left,213,— Wyndesheimer 790.,35
"..\He 6481 (2,2_3_0118.jpg",left,213,— Wyngas v. J. Laurentii.,36
"..\He 6481 (2,2_3_0118.jpg",left,213,— Wingert 1305.,37
"..\He 6481 (2,2_3_0118.jpg",left,213,— de Winheim 1280.,38
"..\He 6481 (2,2_3_0118.jpg",left,213,— Wynne de Mintzenberg 790.,39
"..\He 6481 (2,2_3_0118.jpg",left,213,— Wynsen 791.,40
"..\He 6481 (2,2_3_0118.jpg",left,213,— Winspcrg (Vinspcrg) de superiori Hallis 623 791.,41
"..\He 6481 (2,2_3_0118.jpg",left,213,— de Wynstorff 524.,42
"..\He 6481 (2,2_3_0118.jpg",left,213,— d. Winterberch 791.,43
"..\He 6481 (2,2_3_0118.jpg",left,213,— Wyntheri 1322.,44
"..\He 6481 (2,2_3_0118.jpg",left,213,— Wyntheri de Randesheim (Rudensheim) al. de Gysenhcim 791 1280 1302.,45
"..\He 6481 (2,2_3_0118.jpg",left,213,— de Wintzegerode (Winczingerode) 791 927 946 1020.,46
"..\He 6481 (2,2_3_0118.jpg",right,214,Johannes d. Wintzenheim 791.,1
"..\He 6481 (2,2_3_0118.jpg",right,214,— Wyrich 791.,2
"..\He 6481 (2,2_3_0118.jpg",right,214,— Wirri 791.,3
"..\He 6481 (2,2_3_0118.jpg",right,214,— Wirt de Resil v. J. Weert de R.,4
"..\He 6481 (2,2_3_0118.jpg",right,214,— Wirtenberger 1401.,5
"..\He 6481 (2,2_3_0118.jpg",right,214,— Wisch 1280.,6
"..\He 6481 (2,2_3_0118.jpg",right,214,— Wisenther 1219.,7
"..\He 6481 (2,2_3_0118.jpg",right,214,— Wyss 1037.,8
"..\He 6481 (2,2_3_0118.jpg",right,214,— Wissels de Lesse 792.,9
"..\He 6481 (2,2_3_0118.jpg",right,214,— Wissen de Niunkilch (Nuyenkirch) 457 701 792.,10
"..\He 6481 (2,2_3_0118.jpg",right,214,— Wiszbeckere de Witzenhusen 299.,11
"..\He 6481 (2,2_3_0118.jpg",right,214,— Wiszen 1401.,12
"..\He 6481 (2,2_3_0118.jpg",right,214,— Wit (Witz) de Delf 14 15 98 371 462 792 935 970 975 1054 1150 1151 1222.,13
"..\He 6481 (2,2_3_0118.jpg",right,214,— Witle 1401.,14
"..\He 6481 (2,2_3_0118.jpg",right,214,— Witte 794.,15
"..\He 6481 (2,2_3_0118.jpg",right,214,— Witten 1253 1293 1410.,16
"..\He 6481 (2,2_3_0118.jpg",right,214,— de Wittenberg 171.,17
"..\He 6481 (2,2_3_0118.jpg",right,214,— Wittenberg 247.,18
"..\He 6481 (2,2_3_0118.jpg",right,214,— de Wittenberg 632.,19
"..\He 6481 (2,2_3_0118.jpg",right,214,— de Wittenberg 794.,20
"..\He 6481 (2,2_3_0118.jpg",right,214,— Wittenborgh 794.,21
"..\He 6481 (2,2_3_0118.jpg",right,214,"— de Wittinghe (Witing, Vitinges) al. Schulte 794 1228 1401.",22
"..\He 6481 (2,2_3_0118.jpg",right,214,— Witz 566.,23
"..\He 6481 (2,2_3_0118.jpg",right,214,— Witzig 25 28.,24
"..\He 6481 (2,2_3_0118.jpg",right,214,— Viviani 1021.,25
"..\He 6481 (2,2_3_0118.jpg",right,214,— Wladimir de Glaswoszew 794.,26
"..\He 6481 (2,2_3_0118.jpg",right,214,"— ep. Wladislav., aep. Gnezn., ep. Poznan., ep. Camin., ep. Culm. (dux Opol.) 19 55 96 171 205 229 309 493 577 635 636 641 771 812 855 886 920 1010 1077 1146 1189 1194 1280 1290 1295.",27
"..\He 6481 (2,2_3_0118.jpg",right,214,"— archid. Wladislav. 19 999 (cf. J. Andree de de Trlang, J. Lopponi, J. Pomerani).",28
"..\He 6481 (2,2_3_0118.jpg",right,214,— scolast. Wladislav. 1280.,29
"..\He 6481 (2,2_3_0118.jpg",right,214,— Wlmersen 1278.,30
"..\He 6481 (2,2_3_0118.jpg",right,214,— d. Wogawer 794.,31
"..\He 6481 (2,2_3_0118.jpg",right,214,— Woghel v. J. Vogel.,32
"..\He 6481 (2,2_3_0118.jpg",right,214,— Wointwinghe 606.,33
"..\He 6481 (2,2_3_0118.jpg",right,214,— Woldegg hen 794.,34
"..\He 6481 (2,2_3_0118.jpg",right,214,— Wolf 794 1098.,35
"..\He 6481 (2,2_3_0118.jpg",right,214,— Wolf al. Pinning 794.,36
"..\He 6481 (2,2_3_0118.jpg",right,214,— de Wolffhayn v. J. Goszwini de W.,37
"..\He 6481 (2,2_3_0118.jpg",right,214,— Wolfonis de Moscheln 794.,38
"..\He 6481 (2,2_3_0118.jpg",right,214,— de Wolfurt 178.,39
"..\He 6481 (2,2_3_0118.jpg",right,214,— de Wolhusen 795.,40
"..\He 6481 (2,2_3_0118.jpg",right,214,— de Wollenstad 1194.,41
"..\He 6481 (2,2_3_0118.jpg",right,214,— Wolmershem 993.,42
"..\He 6481 (2,2_3_0112.jpg",left,201,Johannes de Salice 745.,1
"..\He 6481 (2,2_3_0112.jpg",left,201,— Salis 550 1084.,2
"..\He 6481 (2,2_3_0112.jpg",left,201,— Salmut 745.,3
"..\He 6481 (2,2_3_0112.jpg",left,201,— Salomonis 746.,4
"..\He 6481 (2,2_3_0112.jpg",left,201,— Saltman 746.,5
"..\He 6481 (2,2_3_0112.jpg",left,201,— de Saltza 164 484 690 1100.,6
"..\He 6481 (2,2_3_0112.jpg",left,201,— abb. etc. mon. s. Salvatoris in stat 746 781.,7
"..\He 6481 (2,2_3_0112.jpg",left,201,— de Saraburgo 343.,8
"..\He 6481 (2,2_3_0112.jpg",left,201,— d. Sarina 140.,9
"..\He 6481 (2,2_3_0112.jpg",left,201,— de Saroponte 746.,10
"..\He 6481 (2,2_3_0112.jpg",left,201,— Sartor al. Kyrcher 1272.,11
"..\He 6481 (2,2_3_0112.jpg",left,201,— Sartoris 746.,12
"..\He 6481 (2,2_3_0112.jpg",left,201,— Sartoris al. Kirchene 974.,13
"..\He 6481 (2,2_3_0112.jpg",left,201,— Sartoris de Friburgo 746.,14
"..\He 6481 (2,2_3_0112.jpg",left,201,— Sartoris de Landowia 854.,15
"..\He 6481 (2,2_3_0112.jpg",left,201,— Sartoris de Plawe 746.,16
"..\He 6481 (2,2_3_0112.jpg",left,201,— de Sarwerden 1272.,17
"..\He 6481 (2,2_3_0112.jpg",left,201,— de Sasbach v. J. Mochwang.,18
"..\He 6481 (2,2_3_0112.jpg",left,201,— Saxo 18.,19
"..\He 6481 (2,2_3_0112.jpg",left,201,— Schabben 582.,20
"..\He 6481 (2,2_3_0112.jpg",left,201,— Schabe 746.,21
"..\He 6481 (2,2_3_0112.jpg",left,201,— Schackan (Cschackan) v. J. Tschackan,22
"..\He 6481 (2,2_3_0112.jpg",left,201,— de Schaffenberg 529.,23
"..\He 6481 (2,2_3_0112.jpg",left,201,— Schaffner de Ehenheim 529 74,24
"..\He 6481 (2,2_3_0112.jpg",left,201,— Scalcebrant 1254.,25
"..\He 6481 (2,2_3_0112.jpg",left,201,— de Scalda 746.,26
"..\He 6481 (2,2_3_0112.jpg",left,201,— Scale 418.,27
"..\He 6481 (2,2_3_0112.jpg",left,201,— Schalini 746.,28
"..\He 6481 (2,2_3_0112.jpg",left,201,— Scant 44.,29
"..\He 6481 (2,2_3_0112.jpg",left,201,— Scharenstetten 1393.,30
"..\He 6481 (2,2_3_0112.jpg",left,201,— Scharpfeil 747.,31
"..\He 6481 (2,2_3_0112.jpg",left,201,— de Scharrochbergheim 656.,32
"..\He 6481 (2,2_3_0112.jpg",left,201,— Scartze 747.,33
"..\He 6481 (2,2_3_0112.jpg",left,201,— Schkodel 60.,34
"..\He 6481 (2,2_3_0112.jpg",left,201,— Scheberich 1345 1394.,35
"..\He 6481 (2,2_3_0112.jpg",left,201,— Schehs al. d. Lust v. J. Lust.,36
"..\He 6481 (2,2_3_0112.jpg",left,201,— Scheyban 1272.,37
"..\He 6481 (2,2_3_0112.jpg",left,201,— Scheyburg 1272.,38
"..\He 6481 (2,2_3_0112.jpg",left,201,— Scheyn 1127.,39
"..\He 6481 (2,2_3_0112.jpg",left,201,— Scheynard Vammeroide dom Hammersbach 747.,40
"..\He 6481 (2,2_3_0112.jpg",left,201,— Scheyer 699.,41
"..\He 6481 (2,2_3_0112.jpg",left,201,— Schelart de Obbendorp 747.,42
"..\He 6481 (2,2_3_0112.jpg",left,201,"— Schelen (Schele, Ghelen) 632 1341 1393.",43
"..\He 6481 (2,2_3_0112.jpg",left,201,— de Schellenberg 471 1134.,44
"..\He 6481 (2,2_3_0112.jpg",left,201,— Schenke 164.,45
"..\He 6481 (2,2_3_0112.jpg",left,201,— Schenke 652.,46
"..\He 6481 (2,2_3_0112.jpg",left,201,— Schenkewalt 747.,47
"..\He 6481 (2,2_3_0112.jpg",left,201,— Scerdiken 960.,48
"..\He 6481 (2,2_3_0112.jpg",left,201,— Scherer 1006.,49
"..\He 6481 (2,2_3_0113.jpg",left,203,Johannes Scriptoris de Wetter 750.,1
"..\He 6481 (2,2_3_0113.jpg",left,203,— de Scrivanis (Scriviani) 66 231 300 399 495 661 1118 1213 1258,2
"..\He 6481 (2,2_3_0113.jpg",left,203,— Schrivvers 751.,3
"..\He 6481 (2,2_3_0113.jpg",left,203,— Scroder 612 976.,4
"..\He 6481 (2,2_3_0113.jpg",left,203,— Schrottelin 597.,5
"..\He 6481 (2,2_3_0113.jpg",left,203,— Schubel 751.,6
"..\He 6481 (2,2_3_0113.jpg",left,203,— Schuchs 1251.,7
"..\He 6481 (2,2_3_0113.jpg",left,203,— Schuerhemmer 751 854.,8
"..\He 6481 (2,2_3_0113.jpg",left,203,— Schuizen v. Henselinus.,9
"..\He 6481 (2,2_3_0113.jpg",left,203,— de Schulenborch 1156.,10
"..\He 6481 (2,2_3_0113.jpg",left,203,— Sculten 240.,11
"..\He 6481 (2,2_3_0113.jpg",left,203,— Schumkessel de Sinchzech 1273.,12
"..\He 6481 (2,2_3_0113.jpg",left,203,— Schuneman 1394.,13
"..\He 6481 (2,2_3_0113.jpg",left,203,— Schureman 781.,14
"..\He 6481 (2,2_3_0113.jpg",left,203,— Schurer 733.,15
"..\He 6481 (2,2_3_0113.jpg",left,203,— Schurpher 1388 1394 (cf. J. Johannis Sch.).,16
"..\He 6481 (2,2_3_0113.jpg",left,203,— Schurpfer 1394.,17
"..\He 6481 (2,2_3_0113.jpg",left,203,— Schurhemmer v. J. Schuerhemmer.,18
"..\He 6481 (2,2_3_0113.jpg",left,203,— Scutte 752.,19
"..\He 6481 (2,2_3_0113.jpg",left,203,— Schutten 1398.,20
"..\He 6481 (2,2_3_0113.jpg",left,203,— Schutz 1206 1394.,21
"..\He 6481 (2,2_3_0113.jpg",left,203,— de Schutzeberg 1273 1394.,22
"..\He 6481 (2,2_3_0113.jpg",left,203,— Sebinhuber de Parvastinavia 752.,23
"..\He 6481 (2,2_3_0113.jpg",left,203,— de Seckendorff al. d. Horauf 752.,24
"..\He 6481 (2,2_3_0113.jpg",left,203,— ep. Seccov. 297 749 752 915.,25
"..\He 6481 (2,2_3_0113.jpg",left,203,— de Sechtem (Seichten) 752.,26
"..\He 6481 (2,2_3_0113.jpg",left,203,— Seegelman 752.,27
"..\He 6481 (2,2_3_0113.jpg",left,203,— de Seveld 1200.,28
"..\He 6481 (2,2_3_0113.jpg",left,203,— de Seven (Sevenen) 752 882.,29
"..\He 6481 (2,2_3_0113.jpg",left,203,— Sefner 753.,30
"..\He 6481 (2,2_3_0113.jpg",left,203,— Segehardi 753.,31
"..\He 6481 (2,2_3_0113.jpg",left,203,— d. Segemund 753 1395.,32
"..\He 6481 (2,2_3_0113.jpg",left,203,— Seger 1280.,33
"..\He 6481 (2,2_3_0113.jpg",left,203,— Seydenfaden (Sydenfaden) 18 253,34
"..\He 6481 (2,2_3_0113.jpg",left,203,— Seilgenstat 551.,35
"..\He 6481 (2,2_3_0113.jpg",left,203,— Seyotze 795.,36
"..\He 6481 (2,2_3_0113.jpg",left,203,— Seyrer 311.,37
"..\He 6481 (2,2_3_0113.jpg",left,203,— Selbiszman de Wonecken 753.,38
"..\He 6481 (2,2_3_0113.jpg",left,203,— de Selgenstat 753.,39
"..\He 6481 (2,2_3_0113.jpg",left,203,— de Selheim 478 654 753 878 894 1013 1150 1251 1273 1395.,40
"..\He 6481 (2,2_3_0113.jpg",left,203,— Selpweldige (Selpwildige) 899 951.,41
"..\He 6481 (2,2_3_0113.jpg",left,203,— Semail de Osterhofen 1395.,42
"..\He 6481 (2,2_3_0113.jpg",left,203,"— Senghen (Sengin, Senging, Sengnia) 3 11 17 23 66 75 110 162 195 272 317 754 788 832 976.",43
"..\He 6481 (2,2_3_0113.jpg",left,203,— Senicis 1139.,44
"..\He 6481 (2,2_3_0113.jpg",left,203,— Setzeli 1365.,45
"..\He 6481 (2,2_3_0113.jpg",left,203,— Sibbinch 772.,46
"..\He 6481 (2,2_3_0113.jpg",left,203,— de Sybergh 755.,47
"..\He 6481 (2,2_3_0113.jpg",left,203,— de Sickingen 755.,48
"..\He 6481 (2,2_3_0119.jpg",right,216,Johannes Czulle 798.,1
"..\He 6481 (2,2_3_0119.jpg",right,216,— zum Gelthus 1258.,2
"..\He 6481 (2,2_3_0119.jpg",right,216,— Zumter 799.,3
"..\He 6481 (2,2_3_0119.jpg",right,216,— zum Trubel 776.,4
"..\He 6481 (2,2_3_0119.jpg",right,216,— Zurcher 1402.,5
"..\He 6481 (2,2_3_0119.jpg",right,216,— Czweybrot (Czwebrot) 1148 1433.,6
"..\He 6481 (2,2_3_0119.jpg",right,216,— Czwickow 799.,7
"..\He 6481 (2,2_3_0119.jpg",right,216,— Czwittar 716.,8
"..\He 6481 (2,2_3_0119.jpg",right,216,Johannetta Margarete 799.,9
"..\He 6481 (2,2_3_0119.jpg",right,216,Johannulricus Spiegel 1281.,10
"..\He 6481 (2,2_3_0119.jpg",right,216,Jordanus 873 (J. de Vallersleve ?).,11
"..\He 6481 (2,2_3_0119.jpg",right,216,— de Clivis v. J. Wanghe.,12
"..\He 6481 (2,2_3_0119.jpg",right,216,— Derthesen 1231.,13
"..\He 6481 (2,2_3_0119.jpg",right,216,— Valk de Xanctis 799 891 1313.,14
"..\He 6481 (2,2_3_0119.jpg",right,216,— de Vallersleve 506.,15
"..\He 6481 (2,2_3_0119.jpg",right,216,— Vrode 598 799.,16
"..\He 6481 (2,2_3_0119.jpg",right,216,— tit. s. Martini in Montibus presb. card. 1204 1335.,17
"..\He 6481 (2,2_3_0119.jpg",right,216,— de Nendorp 750.,18
"..\He 6481 (2,2_3_0119.jpg",right,216,— Perlebach 799.,19
"..\He 6481 (2,2_3_0119.jpg",right,216,— Snellaert 800.,20
"..\He 6481 (2,2_3_0119.jpg",right,216,— Wanghe de Clivis 800 1234 1281.,21
"..\He 6481 (2,2_3_0119.jpg",right,216,Joseph 1432,22
"..\He 6481 (2,2_3_0119.jpg",right,216,Josephus de Rochlitz 1079.,23
"..\He 6481 (2,2_3_0119.jpg",right,216,Joseppe ep. Cimbalien. 1203.,24
"..\He 6481 (2,2_3_0119.jpg",right,216,Irmela 1159 (v. Wykerus Vomsale de Francfurdia).,25
"..\He 6481 (2,2_3_0119.jpg",right,216,"Irmgard (Irmegard, Yrmegarda) de Gymnich 571 (v. Johannes de Bolche).",26
"..\He 6481 (2,2_3_0119.jpg",right,216,— de Heuberch 1281.,27
"..\He 6481 (2,2_3_0119.jpg",right,216,— de Ysenburg 800.,28
"..\He 6481 (2,2_3_0119.jpg",right,216,— abba mon. s. Marie in Capitolio Colon. 800.,29
"..\He 6481 (2,2_3_0119.jpg",right,216,— comitissa Palatina Reni et ducissa Bavarie 816 (v. Adolfus com. Palat. Reni et dux Bavarie).,30
"..\He 6481 (2,2_3_0119.jpg",right,216,Ysenhardus Gosswnini 262.,31
"..\He 6481 (2,2_3_0119.jpg",right,216,Itel Eberhard 1282.,32
"..\He 6481 (2,2_3_0119.jpg",right,216,Judocus v. Jodocus.,33
"..\He 6481 (2,2_3_0119.jpg",right,216,Juliana 778 (v. Johannes de Urley).,34
"..\He 6481 (2,2_3_0119.jpg",right,216,Julianus de Loffrido 801.,35
"..\He 6481 (2,2_3_0119.jpg",right,216,Junglia abba mon. b. Marie prope Aquilegiam 155.,36
"..\He 6481 (2,2_3_0119.jpg",right,216,Justacius de Brinke 572.,37
"..\He 6481 (2,2_3_0119.jpg",right,216,Jutta 801 (v. Hermannus de Arka).,38
"..\He 6481 (2,2_3_0119.jpg",right,216,— 566 (v. Johannes Beldersheim).,39
"..\He 6481 (2,2_3_0119.jpg",right,216,— 569 (v. Johannes de Bylant).,40
"..\He 6481 (2,2_3_0119.jpg",right,216,— 1104 (v. Theodericus de Wische).,41
"..\He 6481 (2,2_3_0119.jpg",right,216,— de Treberen 1121,42
"..\He 6481 (2,2_3_0119.jpg",right,216,— de Wichterich al. de Schoenhaven 801.,43
"..\He 6481 (2,2_3_0119.jpg",right,216,Iwanus (Ibanus) 213.,44
"..\He 6481 (2,2_3_0120.jpg",left,217,Iwanus de Barby 801.,1
"..\He 6481 (2,2_3_0120.jpg",left,217,— de Borchwyt 802.,2
"..\He 6481 (2,2_3_0120.jpg",left,217,— Johannis de Buscoducis 549 632 1258.,3
"..\He 6481 (2,2_3_0120.jpg",left,217,— Iwani de Fritzlaria 185 802.,4
"..\He 6481 (2,2_3_0120.jpg",left,217,— Pryck 102 802.,5
"..\He 6481 (2,2_3_0120.jpg",left,217,— Reventlo 802.,6
"..\He 6481 (2,2_3_0120.jpg",left,217,— Sasse 802.,7
"..\He 6481 (2,2_3_0120.jpg",left,217,Iwarus Jul 1282.,8
"..\He 6481 (2,2_3_0120.jpg",left,217,Yvo Birkenhain 815.,9
"..\He 6481 (2,2_3_0120.jpg",left,217,— Vener 802.,10
"..\He 6481 (2,2_3_0120.jpg",left,217,— de Radomiro 802.,11
"..\He 6481 (2,2_3_0120.jpg",left,217,Lakko de Crawler v. Latzko.,12
"..\He 6481 (2,2_3_0120.jpg",left,217,Ladislaus de Blassembert 802.,13
"..\He 6481 (2,2_3_0120.jpg",left,217,— sen. dux Opol. 812 1146 1193.,14
"..\He 6481 (2,2_3_0120.jpg",left,217,— Polonie rex 51 775.,15
"..\He 6481 (2,2_3_0120.jpg",left,217,— Smolitz 802.,16
"..\He 6481 (2,2_3_0120.jpg",left,217,— Ungarus 560.,17
"..\He 6481 (2,2_3_0120.jpg",left,217,Lala abba mon. Veterisville e. m. op. Northusen. 607.,18
"..\He 6481 (2,2_3_0120.jpg",left,217,Lambertus (Lampertus) 345.,19
"..\He 6481 (2,2_3_0120.jpg",left,217,— Alberti Lubberts 802.,20
"..\He 6481 (2,2_3_0120.jpg",left,217,— Alowegenes de Namurco 803.,21
"..\He 6481 (2,2_3_0120.jpg",left,217,— de Arena 803 1402.,22
"..\He 6481 (2,2_3_0120.jpg",left,217,— ep. Bamberg. 19 52 53 60 63 71 77 96 200 365 454 561 580 589 604 691 727 803 816 864 936 950 955 1186.,23
"..\He 6481 (2,2_3_0120.jpg",left,217,— de Beert (d. Veert) de Merssen (Mersen) 109 646.,24
"..\He 6481 (2,2_3_0120.jpg",left,217,— Brumig 804.,25
"..\He 6481 (2,2_3_0120.jpg",left,217,— de Colonia 804.,26
"..\He 6481 (2,2_3_0120.jpg",left,217,— Kotter 804.,27
"..\He 6481 (2,2_3_0120.jpg",left,217,— Croppelin 578.,28
"..\He 6481 (2,2_3_0120.jpg",left,217,— Kuniberti 198.,29
"..\He 6481 (2,2_3_0120.jpg",left,217,— de Elsenhusen (Elfenhasen) 451 588.,30
"..\He 6481 (2,2_3_0120.jpg",left,217,— (Lubbertus) Vliegheer 321 804.,31
"..\He 6481 (2,2_3_0120.jpg",left,217,— Vos 120 769.,32
"..\He 6481 (2,2_3_0120.jpg",left,217,— Vriese 990.,33
"..\He 6481 (2,2_3_0120.jpg",left,217,— Vrysmyt 240.,34
"..\He 6481 (2,2_3_0120.jpg",left,217,— de Goch 377 804 1263.,35
"..\He 6481 (2,2_3_0120.jpg",left,217,— Gude 805.,36
"..\He 6481 (2,2_3_0120.jpg",left,217,— Hekeze 1402.,37
"..\He 6481 (2,2_3_0120.jpg",left,217,— d. Heydin 1373.,38
"..\He 6481 (2,2_3_0120.jpg",left,217,— Jacobi de Dryel 805.,39
"..\He 6481 (2,2_3_0120.jpg",left,217,— Lemechin 805.,40
"..\He 6481 (2,2_3_0120.jpg",left,217,— Lowen 805.,41
"..\He 6481 (2,2_3_0120.jpg",left,217,— de Maguntia 131.,42
"..\He 6481 (2,2_3_0120.jpg",left,217,— Manacker de Weert 805.,43
"..\He 6481 (2,2_3_0116.jpg",right,210,Johannes Thuringi al. Linificis 1050.,1
"..\He 6481 (2,2_3_0116.jpg",right,210,"— de Turnout (Tournout, Turmont) 447 639 669 687.",2
"..\He 6481 (2,2_3_0116.jpg",right,210,— Tuslinger de Bruszella 776.,3
"..\He 6481 (2,2_3_0116.jpg",right,210,— Tusporg 145.,4
"..\He 6481 (2,2_3_0116.jpg",right,210,— Thuss (Thus) 1195 1272 1314.,5
"..\He 6481 (2,2_3_0116.jpg",right,210,— Ubelen (Ubellcr) 296 777.,6
"..\He 6481 (2,2_3_0116.jpg",right,210,— Ubener 17.,7
"..\He 6481 (2,2_3_0116.jpg",right,210,— abb. mon. ss. Udalrici et Affre August. 1277.,8
"..\He 6481 (2,2_3_0116.jpg",right,210,— Udelwarre 777.,9
"..\He 6481 (2,2_3_0116.jpg",right,210,— de Uffendorf 777 1391.,10
"..\He 6481 (2,2_3_0116.jpg",right,210,— de Uphonen 913.,11
"..\He 6481 (2,2_3_0116.jpg",right,210,— Ulkini de Crutzenaco 1277.,12
"..\He 6481 (2,2_3_0116.jpg",right,210,— Ulin 18.,13
"..\He 6481 (2,2_3_0116.jpg",right,210,— Ulman 777.,14
"..\He 6481 (2,2_3_0116.jpg",right,210,— Ulrici Dapiferi 1252.,15
"..\He 6481 (2,2_3_0116.jpg",right,210,— Ulrici de Huinenberg 152.,16
"..\He 6481 (2,2_3_0116.jpg",right,210,— Ulrici de Pingwia 1398.,17
"..\He 6481 (2,2_3_0116.jpg",right,210,"— de Ulsen (Ulssen, Ultzen) 383 412 447 482 487 495 524 548 594 678 770 771 777 791 837 917 950 1192 1238 1285 1291 (cf. J. Eymbeke).",18
"..\He 6481 (2,2_3_0116.jpg",right,210,— Underbach 881.,19
"..\He 6481 (2,2_3_0116.jpg",right,210,— de Unrow 347 1415.,20
"..\He 6481 (2,2_3_0116.jpg",right,210,— Upmechie (Opmechie) d. Pryns 76 520 715 1267 1278.,21
"..\He 6481 (2,2_3_0116.jpg",right,210,— Uppas 778.,22
"..\He 6481 (2,2_3_0116.jpg",right,210,— de Urbach 1129 1312 1357.,23
"..\He 6481 (2,2_3_0116.jpg",right,210,— Urghe 778.,24
"..\He 6481 (2,2_3_0116.jpg",right,210,— Urhaber 437 950.,25
"..\He 6481 (2,2_3_0116.jpg",right,210,— de Urley 778.,26
"..\He 6481 (2,2_3_0116.jpg",right,210,— Ursfelt 536.,27
"..\He 6481 (2,2_3_0116.jpg",right,210,— Uteleyben 778.,28
"..\He 6481 (2,2_3_0116.jpg",right,210,— abb. mon. in Utenburen 772.,29
"..\He 6481 (2,2_3_0116.jpg",right,210,— Utenelleswert (uten Elswert) 778 1256 1399.,30
"..\He 6481 (2,2_3_0116.jpg",right,210,— de Utenheim 778 1366.,31
"..\He 6481 (2,2_3_0116.jpg",right,210,— Uterspyc 72.,32
"..\He 6481 (2,2_3_0116.jpg",right,210,— abb mon. Utrinevallis 778.,33
"..\He 6481 (2,2_3_0116.jpg",right,210,— W[. . . ] 1280,34
"..\He 6481 (2,2_3_0116.jpg",right,210,— Wabern 1274.,35
"..\He 6481 (2,2_3_0116.jpg",right,210,— de Wachenheim 778 779.,36
"..\He 6481 (2,2_3_0116.jpg",right,210,— Wacker de Simsheim 779.,37
"..\He 6481 (2,2_3_0116.jpg",right,210,— Wakerezil 554.,38
"..\He 6481 (2,2_3_0116.jpg",right,210,— Wael 1278 1326.,39
"..\He 6481 (2,2_3_0116.jpg",right,210,— Wavoert 779.,40
"..\He 6481 (2,2_3_0116.jpg",right,210,— de Waydek 779.,41
"..\He 6481 (2,2_3_0116.jpg",right,210,— Waildorp 779.,42
"..\He 6481 (2,2_3_0116.jpg",right,210,— d. Wal 779.,43
"..\He 6481 (2,2_3_0116.jpg",right,210,— Walch 77.,44
"..\He 6481 (2,2_3_0116.jpg",right,210,— Waldavoer de Purkhusa 779.,45
"..\He 6481 (2,2_3_0116.jpg",right,210,— Waldecke 1399.,46
"..\He 6481 (2,2_3_0121.jpg",right,220,Leonhardus Storkel (Starkel) 814 815 1116.,1
"..\He 6481 (2,2_3_0121.jpg",right,220,— de Tichtel de Monacho 1283.,2
"..\He 6481 (2,2_3_0121.jpg",right,220,— Truchses 815.,3
"..\He 6481 (2,2_3_0121.jpg",right,220,— Zintzinger (Zinziger) 19 815.,4
"..\He 6481 (2,2_3_0121.jpg",right,220,Leonicus de Haern 102.,5
"..\He 6481 (2,2_3_0121.jpg",right,220,Leonius Johannis de Boechout 815.,6
"..\He 6481 (2,2_3_0121.jpg",right,220,"Leopoldus (Leupoldus, Lewpoldus) Aepholterer 815 1197.",7
"..\He 6481 (2,2_3_0121.jpg",right,220,— dux Austrie 1 289 815 1028 1040 1185 1225 1283 1430.,8
"..\He 6481 (2,2_3_0121.jpg",right,220,— Rabenstainer 1283.,9
"..\He 6481 (2,2_3_0121.jpg",right,220,— Strobel 727.,10
"..\He 6481 (2,2_3_0121.jpg",right,220,— de Wienna 19.,11
"..\He 6481 (2,2_3_0121.jpg",right,220,Leutoldus Stikchelberg 1283.,12
"..\He 6481 (2,2_3_0121.jpg",right,220,Levynus 368.,13
"..\He 6481 (2,2_3_0121.jpg",right,220,Lewtherus Wersing 1309.,14
"..\He 6481 (2,2_3_0121.jpg",right,220,Liba Bart 1283.,15
"..\He 6481 (2,2_3_0121.jpg",right,220,Libertus Ade de Montenaken 816.,16
"..\He 6481 (2,2_3_0121.jpg",right,220,— de Hese 1402.,17
"..\He 6481 (2,2_3_0121.jpg",right,220,Libmannus prope fontem 1432.,18
"..\He 6481 (2,2_3_0121.jpg",right,220,Lyborius de Brema (Bremen) 209 582 816.,19
"..\He 6481 (2,2_3_0121.jpg",right,220,Liebhardus (Liephardus) de Hof 816.,20
"..\He 6481 (2,2_3_0121.jpg",right,220,— Rachabos 816.,21
"..\He 6481 (2,2_3_0121.jpg",right,220,— Türlinger 817.,22
"..\He 6481 (2,2_3_0121.jpg",right,220,Lifardus (Leifardus) de Dattellen (Daclen) 117 817.,23
"..\He 6481 (2,2_3_0121.jpg",right,220,"Linga 1253 (v. Johannes de Klingenberg, Johannes Dapiferi de Walpurg)",24
"..\He 6481 (2,2_3_0121.jpg",right,220,Lynse Huseners 39.,25
"..\He 6481 (2,2_3_0121.jpg",right,220,Lippoldus de Steynbecke (Stembeke) 57 818 1283.,26
"..\He 6481 (2,2_3_0121.jpg",right,220,— de Steynberghe (Stenberghe) 1371 1402.,27
"..\He 6481 (2,2_3_0121.jpg",right,220,Lysa de Vahingen 818.,28
"..\He 6481 (2,2_3_0121.jpg",right,220,— de Nuheym 739.,29
"..\He 6481 (2,2_3_0121.jpg",right,220,— 968 (v. Petrus Apothecarii de Franckenfordia).,30
"..\He 6481 (2,2_3_0121.jpg",right,220,Lyse Hoynemanni 39.,31
"..\He 6481 (2,2_3_0121.jpg",right,220,Litus ep. Imolen. 15.,32
"..\He 6481 (2,2_3_0121.jpg",right,220,Liupoldus de Wiltigen 1166.,33
"..\He 6481 (2,2_3_0121.jpg",right,220,Liutfridus d. Muntprat 818.,34
"..\He 6481 (2,2_3_0121.jpg",right,220,Lodolphus v. Ludolphus.,35
"..\He 6481 (2,2_3_0121.jpg",right,220,Lodovicus v. Ludovicus.,36
"..\He 6481 (2,2_3_0121.jpg",right,220,Lottus de Paganis 1027.,37
"..\He 6481 (2,2_3_0121.jpg",right,220,Lovo van den Collich 818.,38
"..\He 6481 (2,2_3_0121.jpg",right,220,— Inghenhaeve 818.,39
"..\He 6481 (2,2_3_0121.jpg",right,220,Lubertus (Lubbertus) Bol (Bolle) 221 508 289 819 989 990 1107.,40
"..\He 6481 (2,2_3_0121.jpg",right,220,— Vlieger v. Lambertus V.,41
"..\He 6481 (2,2_3_0121.jpg",right,220,— Haghedorn d. de Tyl 1310.,42
"..\He 6481 (2,2_3_0121.jpg",right,220,— Lusenkate 819.,43
"..\He 6481 (2,2_3_0122.jpg",left,221,Lubertus Menssinch 1284.,1
"..\He 6481 (2,2_3_0122.jpg",left,221,— de Rainsberg 752.,2
"..\He 6481 (2,2_3_0122.jpg",left,221,— de Rodenberg 1284.,3
"..\He 6481 (2,2_3_0122.jpg",left,221,— Welinch 819.,4
"..\He 6481 (2,2_3_0122.jpg",left,221,— Westphal 743.,5
"..\He 6481 (2,2_3_0122.jpg",left,221,— Witgerwer (Witgherwer) 819 1284.,6
"..\He 6481 (2,2_3_0122.jpg",left,221,"Luckardis 1157 (v. Wernherus de Slidose, Conradus de Hattinbach).",7
"..\He 6481 (2,2_3_0122.jpg",left,221,Lucas Hering 895.,8
"..\He 6481 (2,2_3_0122.jpg",left,221,— Monetarü 821.,9
"..\He 6481 (2,2_3_0122.jpg",left,221,Luckele 1317 (v. Tipelo de Volkardinghusen).,10
"..\He 6481 (2,2_3_0122.jpg",left,221,Lucia 822 (v. Barnabo de Vicecomiti-bus).,11
"..\He 6481 (2,2_3_0122.jpg",left,221,— 971 (v. Petrus Buso).,12
"..\He 6481 (2,2_3_0122.jpg",left,221,Lucius comes de Landaw 822.,13
"..\He 6481 (2,2_3_0122.jpg",left,221,Lucko Komyntz (Komynitz) 1149 1434.,14
"..\He 6481 (2,2_3_0122.jpg",left,221,Ludekinus Birvenne 513.,15
"..\He 6481 (2,2_3_0122.jpg",left,221,Luderus Dorn 822.,16
"..\He 6481 (2,2_3_0122.jpg",left,221,— Rughe 822.,17
"..\He 6481 (2,2_3_0122.jpg",left,221,"Ludolphus (Lodolphus, Lutolffus) 827.",18
"..\He 6481 (2,2_3_0122.jpg",left,221,— Becker 1403.,19
"..\He 6481 (2,2_3_0122.jpg",left,221,— de Berninch 511.,20
"..\He 6481 (2,2_3_0122.jpg",left,221,— Bese 61.,21
"..\He 6481 (2,2_3_0122.jpg",left,221,— dec. eccl. s. Blasii Brunswic. 731 822.,22
"..\He 6481 (2,2_3_0122.jpg",left,221,— de Boryem 822.,23
"..\He 6481 (2,2_3_0122.jpg",left,221,— de Bossow 1229.,24
"..\He 6481 (2,2_3_0122.jpg",left,221,— Brunstorff 764.,25
"..\He 6481 (2,2_3_0122.jpg",left,221,— de Busche 1024 1189.,26
"..\He 6481 (2,2_3_0122.jpg",left,221,— Busser 1403.,27
"..\He 6481 (2,2_3_0122.jpg",left,221,— Kerchor 116.,28
"..\He 6481 (2,2_3_0122.jpg",left,221,— Cleczin 1398.,29
"..\He 6481 (2,2_3_0122.jpg",left,221,— Knigken (Kniiggin) 822 1284.,30
"..\He 6481 (2,2_3_0122.jpg",left,221,"— Knost (Knust, Kunst ?) 259 587 1094.",31
"..\He 6481 (2,2_3_0122.jpg",left,221,— Corrigiatoris 118 163 822 1284.,32
"..\He 6481 (2,2_3_0122.jpg",left,221,— Krakowe 353.,33
"..\He 6481 (2,2_3_0122.jpg",left,221,— de Cumerow 822.,34
"..\He 6481 (2,2_3_0122.jpg",left,221,— Kunst v. L. Knost.,35
"..\He 6481 (2,2_3_0122.jpg",left,221,— Danniel 823.,36
"..\He 6481 (2,2_3_0122.jpg",left,221,— Derzetow 456.,37
"..\He 6481 (2,2_3_0122.jpg",left,221,— de Echte 823.,38
"..\He 6481 (2,2_3_0122.jpg",left,221,— Edemissen 823.,39
"..\He 6481 (2,2_3_0122.jpg",left,221,— Estorp 823 1223.,40
"..\He 6481 (2,2_3_0122.jpg",left,221,— Fabri de Sternenbergh 823.,41
"..\He 6481 (2,2_3_0122.jpg",left,221,"— de Velsteden, abb. mon. s. Egidii Brunswic. 824 1284.",42
"..\He 6481 (2,2_3_0122.jpg",left,221,— Vrenden 1403.,43
"..\He 6481 (2,2_3_0122.jpg",left,221,— de Gryben 824.,44
"..\He 6481 (2,2_3_0122.jpg",left,221,— Gryben 605.,45
"..\He 6481 (2,2_3_0122.jpg",left,221,— Gruikow 240.,46
"..\He 6481 (2,2_3_0122.jpg",left,221,— de Gruninghen 467.,47
"..\He 6481 (2,2_3_0122.jpg",right,222,Ludolphus Wilhelmi 1284.,1
"..\He 6481 (2,2_3_0122.jpg",right,222,— Hechelin 824.,2
"..\He 6481 (2,2_3_0122.jpg",right,222,— de Hiddestorp 417.,3
"..\He 6481 (2,2_3_0122.jpg",right,222,— de Himff 669.,4
"..\He 6481 (2,2_3_0122.jpg",right,222,— Hogeri 824.,5
"..\He 6481 (2,2_3_0122.jpg",right,222,— de Horne al. d. Bervinch 751.,6
"..\He 6481 (2,2_3_0122.jpg",right,222,— Hudepol 824.,7
"..\He 6481 (2,2_3_0122.jpg",right,222,— de Huxaria 824.,8
"..\He 6481 (2,2_3_0122.jpg",right,222,— Lampen 824.,9
"..\He 6481 (2,2_3_0122.jpg",right,222,— Lamperti 824.,10
"..\He 6481 (2,2_3_0122.jpg",right,222,— Langhen 825 1285.,11
"..\He 6481 (2,2_3_0122.jpg",right,222,— de Langwerden 44.,12
"..\He 6481 (2,2_3_0122.jpg",right,222,— Lauchemme 414 825.,13
"..\He 6481 (2,2_3_0122.jpg",right,222,— Lettenyn 825.,14
"..\He 6481 (2,2_3_0122.jpg",right,222,— de Loen 825.,15
"..\He 6481 (2,2_3_0122.jpg",right,222,— Medderen 1402.,16
"..\He 6481 (2,2_3_0122.jpg",right,222,— de Mey de Novimagio 825.,17
"..\He 6481 (2,2_3_0122.jpg",right,222,— de Monasterio 825.,18
"..\He 6481 (2,2_3_0122.jpg",right,222,— Muel 1206.,19
"..\He 6481 (2,2_3_0122.jpg",right,222,— de Munstere 825.,20
"..\He 6481 (2,2_3_0122.jpg",right,222,— Nyenborch 826 974.,21
"..\He 6481 (2,2_3_0122.jpg",right,222,— Oertwini 826.,22
"..\He 6481 (2,2_3_0122.jpg",right,222,— Oldendorp 856.,23
"..\He 6481 (2,2_3_0122.jpg",right,222,— Penel 826.,24
"..\He 6481 (2,2_3_0122.jpg",right,222,— Raven 720.,25
"..\He 6481 (2,2_3_0122.jpg",right,222,— de Reden 595.,26
"..\He 6481 (2,2_3_0122.jpg",right,222,— Reppener 826 1285.,27
"..\He 6481 (2,2_3_0122.jpg",right,222,— de Rizenbeke 572.,28
"..\He 6481 (2,2_3_0122.jpg",right,222,— de Salina 899.,29
"..\He 6481 (2,2_3_0122.jpg",right,222,— Sasse 826.,30
"..\He 6481 (2,2_3_0122.jpg",right,222,— Schodobusch 826.,31
"..\He 6481 (2,2_3_0122.jpg",right,222,— Schulte 827.,32
"..\He 6481 (2,2_3_0122.jpg",right,222,— Senepmole 827.,33
"..\He 6481 (2,2_3_0122.jpg",right,222,"— Sininghen (Synnige, Symighen) 274 454 827.",34
"..\He 6481 (2,2_3_0122.jpg",right,222,— dominus de Stenvorde 827 1082 1403.,35
"..\He 6481 (2,2_3_0122.jpg",right,222,— Stepne 828.,36
"..\He 6481 (2,2_3_0122.jpg",right,222,— Swageri 1091.,37
"..\He 6481 (2,2_3_0122.jpg",right,222,— Swerk 217.,38
"..\He 6481 (2,2_3_0122.jpg",right,222,— de Wackersleve 863.,39
"..\He 6481 (2,2_3_0122.jpg",right,222,— de Werberghen 1403.,40
"..\He 6481 (2,2_3_0122.jpg",right,222,— Wideman 828.,41
"..\He 6481 (2,2_3_0122.jpg",right,222,— Wiperti 828 1104.,42
"..\He 6481 (2,2_3_0122.jpg",right,222,— Wittehenne 1403.,43
"..\He 6481 (2,2_3_0122.jpg",right,222,— Zoest 828.,44
"..\He 6481 (2,2_3_0122.jpg",right,222,"Ludovicus (Ludowicus, Ludewicus, Lodowicus, Lodevicus) 166 521.",45
"..\He 6481 (2,2_3_0122.jpg",right,222,— 640.,46
"..\He 6481 (2,2_3_0122.jpg",right,222,— 828.,47
"..\He 6481 (2,2_3_0122.jpg",right,222,— 1322.,48
"..\He 6481 (2,2_3_0122.jpg",right,222,— tit. s. Adriani diac. card. 165 501 581 789 828 846.,49
"..\He 6481 (2,2_3_0121.jpg",left,219,Laurentius Petri Sartoris de Phark-chirchen 1282.,1
"..\He 6481 (2,2_3_0121.jpg",left,219,— Pussení 811.,2
"..\He 6481 (2,2_3_0121.jpg",left,219,— Reynkonis 811.,3
"..\He 6481 (2,2_3_0121.jpg",left,219,— Rentzel 811.,4
"..\He 6481 (2,2_3_0121.jpg",left,219,— Sachse 811.,5
"..\He 6481 (2,2_3_0121.jpg",left,219,— abb. mon. in Sanctoypolito 811.,6
"..\He 6481 (2,2_3_0121.jpg",left,219,— Schetzil (Schetzel) 811 975.,7
"..\He 6481 (2,2_3_0121.jpg",left,219,— Schildow 1294.,8
"..\He 6481 (2,2_3_0121.jpg",left,219,— de Sols 812.,9
"..\He 6481 (2,2_3_0121.jpg",left,219,— de Sperne 812.,10
"..\He 6481 (2,2_3_0121.jpg",left,219,— de Stinavia 812 1060.,11
"..\He 6481 (2,2_3_0121.jpg",left,219,— de Suchoraw 918.,12
"..\He 6481 (2,2_3_0121.jpg",left,219,— Vassilo 812.,13
"..\He 6481 (2,2_3_0121.jpg",left,219,— de Word 812.,14
"..\He 6481 (2,2_3_0121.jpg",left,219,— Zellenitz 351 614.,15
"..\He 6481 (2,2_3_0121.jpg",left,219,Lazarus Donnegettine Anselmi de Nurenberg 812.,16
"..\He 6481 (2,2_3_0121.jpg",left,219,— Nicolai de Acerbis 812.,17
"..\He 6481 (2,2_3_0121.jpg",left,219,— Stassel (Stossel) 901 1283.,18
"..\He 6481 (2,2_3_0121.jpg",left,219,Leifardus v. Lifardus.,19
"..\He 6481 (2,2_3_0121.jpg",left,219,Lempoldus de Heim 19.,20
"..\He 6481 (2,2_3_0121.jpg",left,219,Leneke 263 (v. Ernestus Bok).,21
"..\He 6481 (2,2_3_0121.jpg",left,219,Leo 1077.,22
"..\He 6481 (2,2_3_0121.jpg",left,219,— v. L. Leonis.,23
"..\He 6481 (2,2_3_0121.jpg",left,219,— Henrici Thachovia 663.,24
"..\He 6481 (2,2_3_0121.jpg",left,219,— Leonis d. Vagel 363 446.,25
"..\He 6481 (2,2_3_0121.jpg",left,219,— Sutman 1340 1402.,26
"..\He 6481 (2,2_3_0121.jpg",left,219,— de Wynteren 632.,27
"..\He 6481 (2,2_3_0121.jpg",left,219,Leonhardus (Leonardus) v. L. Storkel.,28
"..\He 6481 (2,2_3_0121.jpg",left,219,— Achdorffer (Aichdorffer) 813 1283,29
"..\He 6481 (2,2_3_0121.jpg",left,219,— de Benthemsdorf 869.,30
"..\He 6481 (2,2_3_0121.jpg",left,219,— de Bozano 855.,31
"..\He 6481 (2,2_3_0121.jpg",left,219,— Cantzler 814.,32
"..\He 6481 (2,2_3_0121.jpg",left,219,— d. Charl 1260.,33
"..\He 6481 (2,2_3_0121.jpg",left,219,"— de Kirchberg (Kircperg, Kireperg) 199 814 860 1275.",34
"..\He 6481 (2,2_3_0121.jpg",left,219,— de Cluss 19.,35
"..\He 6481 (2,2_3_0121.jpg",left,219,— Kumpf 192.,36
"..\He 6481 (2,2_3_0121.jpg",left,219,— de Frankestayn 280.,37
"..\He 6481 (2,2_3_0121.jpg",left,219,— Gompan (Goupan) 628 1189.,38
"..\He 6481 (2,2_3_0121.jpg",left,219,— Guttенprenner 1283.,39
"..\He 6481 (2,2_3_0121.jpg",left,219,— Harpetsch (Horpech) 337 348.,40
"..\He 6481 (2,2_3_0121.jpg",left,219,— Johannis Steubonis 598.,41
"..\He 6481 (2,2_3_0121.jpg",left,219,— Layming (Laymiger) 814.,42
"..\He 6481 (2,2_3_0121.jpg",left,219,— de Leonbergh 595.,43
"..\He 6481 (2,2_3_0121.jpg",left,219,— Mulher 814.,44
"..\He 6481 (2,2_3_0121.jpg",left,219,— de Peyharting 814.,45
"..\He 6481 (2,2_3_0121.jpg",left,219,— Pickel 814.,46
"..\He 6481 (2,2_3_0121.jpg",left,219,— Probst 815 1283.,47
"..\He 6481 (2,2_3_0121.jpg",left,219,— Schawr (Scharer) 361 640 810 815.,48
"..\He 6481 (2,2_3_0121.jpg",left,219,"— Schoenbentz (Sconbentz, Scoubentz) de Lindaugia 569 815.",49
"..\He 6481 (2,2_3_0123.jpg",right,224,Ludovicus Pfutzingcr 831.,1
"..\He 6481 (2,2_3_0123.jpg",right,224,— dec. eccl. s. Georgii in Limpurch 423.,2
"..\He 6481 (2,2_3_0123.jpg",right,224,— de Haynawe 828.,3
"..\He 6481 (2,2_3_0123.jpg",right,224,— de Hardenberghe 831.,4
"..\He 6481 (2,2_3_0123.jpg",right,224,— Haugrebe 831.,5
"..\He 6481 (2,2_3_0123.jpg",right,224,— Heintzonis d. Wibbel de Leye 831.,6
"..\He 6481 (2,2_3_0123.jpg",right,224,— Hermanni de Battenberg 831.,7
"..\He 6481 (2,2_3_0123.jpg",right,224,— d. Hochkolle 285.,8
"..\He 6481 (2,2_3_0123.jpg",right,224,— de Hoemburg 831.,9
"..\He 6481 (2,2_3_0123.jpg",right,224,— de Hoenroden 1403.,10
"..\He 6481 (2,2_3_0123.jpg",right,224,— de Honstein 304.,11
"..\He 6481 (2,2_3_0123.jpg",right,224,— Johannelli 831.,12
"..\He 6481 (2,2_3_0123.jpg",right,224,— de Lichtenberg 1340.,13
"..\He 6481 (2,2_3_0123.jpg",right,224,— de Litzana 973.,14
"..\He 6481 (2,2_3_0123.jpg",right,224,"— aep. Magunt., aep. Magdeburg. v. L. ep. Bamberg.",15
"..\He 6481 (2,2_3_0123.jpg",right,224,— Mangoti 1376.,16
"..\He 6481 (2,2_3_0123.jpg",right,224,— prep. mon. Marcellen. 577.,17
"..\He 6481 (2,2_3_0123.jpg",right,224,— Marquardi 1286.,18
"..\He 6481 (2,2_3_0123.jpg",right,224,— Meysters 832.,19
"..\He 6481 (2,2_3_0123.jpg",right,224,— abb. mon. Melicen. 20 832 1286.,20
"..\He 6481 (2,2_3_0123.jpg",right,224,— abb. mon. s. Michaelis in Mense 839.,21
"..\He 6481 (2,2_3_0123.jpg",right,224,— Molitoris 62.,22
"..\He 6481 (2,2_3_0123.jpg",right,224,— burchgravius de Montforde 832.,23
"..\He 6481 (2,2_3_0123.jpg",right,224,— Muller 420.,24
"..\He 6481 (2,2_3_0123.jpg",right,224,— de Nerlis de Florentia 832.,25
"..\He 6481 (2,2_3_0123.jpg",right,224,— de Nuheym 459 460.,26
"..\He 6481 (2,2_3_0123.jpg",right,224,— Obermair 916.,27
"..\He 6481 (2,2_3_0123.jpg",right,224,— Opetzkonis Wy lendorf de Dresden 833.,28
"..\He 6481 (2,2_3_0123.jpg",right,224,— com. de Oting (Othingen) 727 833.,29
"..\He 6481 (2,2_3_0123.jpg",right,224,— com. Palatinus Reni et dux Bavarie 1395 1403.,30
"..\He 6481 (2,2_3_0123.jpg",right,224,— abb. mon. s. Petri Erford. 392.,31
"..\He 6481 (2,2_3_0123.jpg",right,224,— Pictoris 833.,32
"..\He 6481 (2,2_3_0123.jpg",right,224,— Piqueti 20.,33
"..\He 6481 (2,2_3_0123.jpg",right,224,— Pistoris 975 1404.,34
"..\He 6481 (2,2_3_0123.jpg",right,224,— Pul de Grunenberg 833.,35
"..\He 6481 (2,2_3_0123.jpg",right,224,— de Quede 833.,36
"..\He 6481 (2,2_3_0123.jpg",right,224,— de Ravensberg 287.,37
"..\He 6481 (2,2_3_0123.jpg",right,224,— Redewen (Redewin) 833 1244.,38
"..\He 6481 (2,2_3_0123.jpg",right,224,— Reynardi 426.,39
"..\He 6481 (2,2_3_0123.jpg",right,224,— de Revenspurg 705.,40
"..\He 6481 (2,2_3_0123.jpg",right,224,— Ryman 452.,41
"..\He 6481 (2,2_3_0123.jpg",right,224,— Rimpach de Hersfeld 834 1404.,42
"..\He 6481 (2,2_3_0123.jpg",right,224,— Rostorp 834.,43
"..\He 6481 (2,2_3_0123.jpg",right,224,— Sarras 978.,44
"..\He 6481 (2,2_3_0123.jpg",right,224,— Scheideman 269 459.,45
"..\He 6481 (2,2_3_0123.jpg",right,224,— Schiltrand 487.,46
"..\He 6481 (2,2_3_0123.jpg",right,224,— Sibodonis de Battenberg 1286.,47
"..\He 6481 (2,2_3_0123.jpg",right,224,— sen. dux Slezie 143.,48
"..\He 6481 (2,2_3_0123.jpg",right,224,— de Spangenberg 694.,49
"..\He 6481 (2,2_3_0123.jpg",right,224,— Stoer (Store) de Ysenacho 483 834.,50
"..\He 6481 (2,2_3_0119.jpg",left,215,Johannes de Wonde 795.,1
"..\He 6481 (2,2_3_0119.jpg",left,215,— Wonder 795.,2
"..\He 6481 (2,2_3_0119.jpg",left,215,— el. WORMAT. v. J. de Fleckenstein.,3
"..\He 6481 (2,2_3_0119.jpg",left,215,— Woron 1055.,4
"..\He 6481 (2,2_3_0119.jpg",left,215,— de Worowo 635.,5
"..\He 6481 (2,2_3_0119.jpg",left,215,— ep. Wratislav. 795 924.,6
"..\He 6481 (2,2_3_0119.jpg",left,215,— ep. Wratislav. 795.,7
"..\He 6481 (2,2_3_0119.jpg",left,215,— de Vreda 355.,8
"..\He 6481 (2,2_3_0119.jpg",left,215,— Wreunt de Fuzzen 795.,9
"..\He 6481 (2,2_3_0119.jpg",left,215,— de Wsslacht 795.,10
"..\He 6481 (2,2_3_0119.jpg",left,215,— Wuffeld 795.,11
"..\He 6481 (2,2_3_0119.jpg",left,215,— de Wulfershusen 830.,12
"..\He 6481 (2,2_3_0119.jpg",left,215,— Vulpis 670 795.,13
"..\He 6481 (2,2_3_0119.jpg",left,215,— Wulpis al. Ulrici Rattgeb 796.,14
"..\He 6481 (2,2_3_0119.jpg",left,215,— Wusterhusen 796.,15
"..\He 6481 (2,2_3_0119.jpg",left,215,— de Xanctis 1031.,16
"..\He 6481 (2,2_3_0119.jpg",left,215,— de Zabern 1093.,17
"..\He 6481 (2,2_3_0119.jpg",left,215,— Zadelman 220 224 796 950 1236 1281.,18
"..\He 6481 (2,2_3_0119.jpg",left,215,— Zaffenberg 797.,19
"..\He 6481 (2,2_3_0119.jpg",left,215,— d. Zagelmayer 797.,20
"..\He 6481 (2,2_3_0119.jpg",left,215,— d. Czam de Lutzelburg 1281.,21
"..\He 6481 (2,2_3_0119.jpg",left,215,— de Zankenstede 831.,22
"..\He 6481 (2,2_3_0119.jpg",left,215,— de Czarnow 1039.,23
"..\He 6481 (2,2_3_0119.jpg",left,215,— Czauwir de Liche 797.,24
"..\He 6481 (2,2_3_0119.jpg",left,215,— Zawu 630.,25
"..\He 6481 (2,2_3_0119.jpg",left,215,— Czegenkop 973.,26
"..\He 6481 (2,2_3_0119.jpg",left,215,— Zehender de Pfullendorff 797.,27
"..\He 6481 (2,2_3_0119.jpg",left,215,— Zehentner 1281.,28
"..\He 6481 (2,2_3_0119.jpg",left,215,— Zeyss de Bopfinger 797.,29
"..\He 6481 (2,2_3_0119.jpg",left,215,— de Zelle 679.,30
"..\He 6481 (2,2_3_0119.jpg",left,215,— Czepelwicz 797.,31
"..\He 6481 (2,2_3_0119.jpg",left,215,— Czernewitz 798.,32
"..\He 6481 (2,2_3_0119.jpg",left,215,— Czewin 798.,33
"..\He 6481 (2,2_3_0119.jpg",left,215,— Zidenberg 798.,34
"..\He 6481 (2,2_3_0119.jpg",left,215,— Zidenkrul (Zidenkul) 1097.,35
"..\He 6481 (2,2_3_0119.jpg",left,215,— Czimmerman 148.,36
"..\He 6481 (2,2_3_0119.jpg",left,215,— Czynk 798 1281.,37
"..\He 6481 (2,2_3_0119.jpg",left,215,— d. Zinsmeister 798.,38
"..\He 6481 (2,2_3_0119.jpg",left,215,— Zynstorp 1402.,39
"..\He 6481 (2,2_3_0119.jpg",left,215,— Czipper 599.,40
"..\He 6481 (2,2_3_0119.jpg",left,215,— Czipplinger (Zupplinger) 798.,41
"..\He 6481 (2,2_3_0119.jpg",left,215,— Czistrel 481.,42
"..\He 6481 (2,2_3_0119.jpg",left,215,— de Zolkow 1281.,43
"..\He 6481 (2,2_3_0119.jpg",left,215,— Zolewede 357.,44
"..\He 6481 (2,2_3_0119.jpg",left,215,— Zoller 748.,45
"..\He 6481 (2,2_3_0119.jpg",left,215,— Zome 798.,46
"..\He 6481 (2,2_3_0119.jpg",left,215,— Zorawsky 1010.,47
"..\He 6481 (2,2_3_0119.jpg",left,215,— Zorn de Schildersdorf 1206 1267.,48
"..\He 6481 (2,2_3_0119.jpg",left,215,— Zost 798.,49
"..\He 6481 (2,2_3_0119.jpg",left,215,— Zuderladen (Zurladen) 337 338 586 946.,50
"..\He 6481 (2,2_3_0119.jpg",left,215,— Zull 170 622.,51
"..\He 6481 (2,2_3_0123.jpg",left,223,Ludovicus dux Andegaven. 2 4 9 19 21 22 25 26 1000.,1
"..\He 6481 (2,2_3_0123.jpg",left,223,— patr. Aquileg. 311 1060 1173.,2
"..\He 6481 (2,2_3_0123.jpg",left,223,— de Avenant de Ferraria 15.,3
"..\He 6481 (2,2_3_0123.jpg",left,223,— Babenberg 775.,4
"..\He 6481 (2,2_3_0123.jpg",left,223,— de Balionibus v. L. Philippi.,5
"..\He 6481 (2,2_3_0123.jpg",left,223,"— ep. Bamberg., aep. Magunt., aep. Magdeburg. 13 57 104 173 450 690 707 911 1037 1100.",6
"..\He 6481 (2,2_3_0123.jpg",left,223,— de Banforte v. L. de Binsforte.,7
"..\He 6481 (2,2_3_0123.jpg",left,223,— Batenborch 828 1285.,8
"..\He 6481 (2,2_3_0123.jpg",left,223,— de Bavaria 739.,9
"..\He 6481 (2,2_3_0123.jpg",left,223,— Beckenhube 188 828.,10
"..\He 6481 (2,2_3_0123.jpg",left,223,— abb. mon. in Benediktenpewren 113.,11
"..\He 6481 (2,2_3_0123.jpg",left,223,— Berken de Wulfhayn 403 708.,12
"..\He 6481 (2,2_3_0123.jpg",left,223,"— de Binsforte (Banforte, Bansforte, Binforte, Binsfor, Binsfurte) 59 299 300 377 392 501 516 678 785 804 829 834 890 1079 1101 1231 1235 1295 1372 1390.",13
"..\He 6481 (2,2_3_0123.jpg",left,223,— Bleyer al. d. Sarras de Columbaria 20 829 1285 1403.,14
"..\He 6481 (2,2_3_0123.jpg",left,223,— ep. Brandeburg. 116.,15
"..\He 6481 (2,2_3_0123.jpg",left,223,— dux Brigen. 829.,16
"..\He 6481 (2,2_3_0123.jpg",left,223,— Burberg 829.,17
"..\He 6481 (2,2_3_0123.jpg",left,223,— de Cassel 95 576.,18
"..\He 6481 (2,2_3_0123.jpg",left,223,— Keyser 829.,19
"..\He 6481 (2,2_3_0123.jpg",left,223,— de Cereisen 1266.,20
"..\He 6481 (2,2_3_0123.jpg",left,223,— de Cerszne (Ceszne) 126 1245.,21
"..\He 6481 (2,2_3_0123.jpg",left,223,— Clatze 765.,22
"..\He 6481 (2,2_3_0123.jpg",left,223,— de Clehartsaw 132.,23
"..\He 6481 (2,2_3_0123.jpg",left,223,— Creytz de Nysa 830.,24
"..\He 6481 (2,2_3_0123.jpg",left,223,— Churichberg 760.,25
"..\He 6481 (2,2_3_0123.jpg",left,223,— David 417.,26
"..\He 6481 (2,2_3_0123.jpg",left,223,— Doliatoris 1286.,27
"..\He 6481 (2,2_3_0123.jpg",left,223,— Doliatoris de Marpurg 830.,28
"..\He 6481 (2,2_3_0123.jpg",left,223,— de Duderstad 829.,29
"..\He 6481 (2,2_3_0123.jpg",left,223,— Erardi de Vertonno 593 830.,30
"..\He 6481 (2,2_3_0123.jpg",left,223,— Ergst 830.,31
"..\He 6481 (2,2_3_0123.jpg",left,223,— Pfaffinger 830.,32
"..\He 6481 (2,2_3_0123.jpg",left,223,— Valepage 1152.,33
"..\He 6481 (2,2_3_0123.jpg",left,223,— Father 809.,34
"..\He 6481 (2,2_3_0123.jpg",left,223,— d. Pfaufelder 1130 1131.,35
"..\He 6481 (2,2_3_0123.jpg",left,223,— Veringer 835.,36
"..\He 6481 (2,2_3_0123.jpg",left,223,— Philippi de Balionibus de Perusia (Perusio) 57 519 807 830 888 907 1285 1403.,37
"..\He 6481 (2,2_3_0123.jpg",left,223,— Vistram 395.,38
"..\He 6481 (2,2_3_0123.jpg",left,223,— Vitsdom (Vitzthum) 182 1095.,39
"..\He 6481 (2,2_3_0123.jpg",left,223,— Pfouvelder v. L. Pfauvelder.,40
"..\He 6481 (2,2_3_0123.jpg",left,223,— can. Frising. v. L. de Talheim.,41
"..\He 6481 (2,2_3_0123.jpg",left,223,— Fust 131.,42
"..\He 6481 (2,2_3_0124.jpg",left,225,Ludovicus Sunerke 835.,1
"..\He 6481 (2,2_3_0124.jpg",left,225,— de Talheim 3 131.,2
"..\He 6481 (2,2_3_0124.jpg",left,225,— de Thanay 835 1285.,3
"..\He 6481 (2,2_3_0124.jpg",left,225,— Tather (Tacher) al. de Grebenstein 20 301 333 768 820 835.,4
"..\He 6481 (2,2_3_0124.jpg",left,225,— de Tyerna 1028.,5
"..\He 6481 (2,2_3_0124.jpg",left,225,— de Tierstain 1124.,6
"..\He 6481 (2,2_3_0124.jpg",left,225,— Thomacelli 186.,7
"..\He 6481 (2,2_3_0124.jpg",left,225,— rex Ungarie 14.,8
"..\He 6481 (2,2_3_0124.jpg",left,225,— de s. Ursicino 948 1155.,9
"..\He 6481 (2,2_3_0124.jpg",left,225,— de Waldensteyn 405.,10
"..\He 6481 (2,2_3_0124.jpg",left,225,— Wyweswecke (Wyswecke) 835 1123.,11
"..\He 6481 (2,2_3_0124.jpg",left,225,— abb. mon. in Wyngarten 206.,12
"..\He 6481 (2,2_3_0124.jpg",left,225,— de Zevvinchusen (Zennithusen) 496.,13
"..\He 6481 (2,2_3_0124.jpg",left,225,"— Czertz (Czeitz, Czicz) de Nysa 835 1286 1309.",14
"..\He 6481 (2,2_3_0124.jpg",left,225,Luphardus Tepold de Benrode (Benroede) 236 835.,15
"..\He 6481 (2,2_3_0124.jpg",left,225,Lupoldus (Luppoldus) de Beym (Breym) 1159.,16
"..\He 6481 (2,2_3_0124.jpg",left,225,— Wilhelmi de Zantbomel 837.,17
"..\He 6481 (2,2_3_0124.jpg",left,225,— Henrici 837.,18
"..\He 6481 (2,2_3_0124.jpg",left,225,Lutbertus 221.,19
"..\He 6481 (2,2_3_0124.jpg",left,225,Lutfridus Turnar 837.,20
"..\He 6481 (2,2_3_0124.jpg",left,225,Lutgardis abba eccl. Gandersem. 1053.,21
"..\He 6481 (2,2_3_0124.jpg",left,225,Luthardus 221.,22
"..\He 6481 (2,2_3_0124.jpg",left,225,— de Bendessem 837.,23
"..\He 6481 (2,2_3_0124.jpg",left,225,Lutoldus de Irflcen (Irfliken) 20 983.,24
"..\He 6481 (2,2_3_0124.jpg",left,225,— Petri de Tursko 837.,25
"..\He 6481 (2,2_3_0124.jpg",left,225,— Turgow 837.,26
"..\He 6481 (2,2_3_0124.jpg",left,225,Lutzelmannus de Ratzenhusen 837.,27
"..\He 6481 (2,2_3_0124.jpg",left,225,Lutzo 221.,28
"..\He 6481 (2,2_3_0124.jpg",left,225,Macharius de Aswen 71 808.,29
"..\He 6481 (2,2_3_0124.jpg",left,225,Maffeus de Mediolano 83.,30
"..\He 6481 (2,2_3_0124.jpg",left,225,"Maffiolus aep. Messan., ep. Ploc. 20 26 838 1148.",31
"..\He 6481 (2,2_3_0124.jpg",left,225,Magdalena ducissa Bavarie 275 (v. Henricus dux Bavarie).,32
"..\He 6481 (2,2_3_0124.jpg",left,225,— 208 (v. Conradus Wispeck).,33
"..\He 6481 (2,2_3_0124.jpg",left,225,Mageso Trawner 839.,34
"..\He 6481 (2,2_3_0124.jpg",left,225,Magnus Braeschen 839.,35
"..\He 6481 (2,2_3_0124.jpg",left,225,— de Ingleve (Ingeleven) 398 527.,36
"..\He 6481 (2,2_3_0124.jpg",left,225,— Sunher 839.,37
"..\He 6481 (2,2_3_0124.jpg",left,225,Magonius abb. mon. s. Marie de Kenbys 839.,38
"..\He 6481 (2,2_3_0124.jpg",left,225,Mangoldus Mentzlin 473.,39
"..\He 6481 (2,2_3_0124.jpg",left,225,"— Schewenphlug (Schewchenpflug, Schuwenphlug, Schuenpflug) 313 314 826 841 1052.",40
"..\He 6481 (2,2_3_0125.jpg",right,228,Marquardus Bacherberger 1058.,1
"..\He 6481 (2,2_3_0125.jpg",right,228,— Beyer 844.,2
"..\He 6481 (2,2_3_0125.jpg",right,228,— Braesche (Breschen) 474 844.,3
"..\He 6481 (2,2_3_0125.jpg",right,228,— Brunwardi (Brauwardi) 844 1202.,4
"..\He 6481 (2,2_3_0125.jpg",right,228,— Kannengeter 845.,5
"..\He 6481 (2,2_3_0125.jpg",right,228,— de Kreulsheim 845.,6
"..\He 6481 (2,2_3_0125.jpg",right,228,— d. Visch 845.,7
"..\He 6481 (2,2_3_0125.jpg",right,228,— Vlynt (Vlynd) 845 1281.,8
"..\He 6481 (2,2_3_0125.jpg",right,228,— Vlottow 1274.,9
"..\He 6481 (2,2_3_0125.jpg",right,228,— vor dem Dore al. Ottonis 1404.,10
"..\He 6481 (2,2_3_0125.jpg",right,228,— Hachensmeed 845 1347.,11
"..\He 6481 (2,2_3_0125.jpg",right,228,— Hoveman 427.,12
"..\He 6481 (2,2_3_0125.jpg",right,228,— Hollem 845.,13
"..\He 6481 (2,2_3_0125.jpg",right,228,— Messenpeckch 845.,14
"..\He 6481 (2,2_3_0125.jpg",right,228,— de Molendino 512.,15
"..\He 6481 (2,2_3_0125.jpg",right,228,— de Molne 360 845.,16
"..\He 6481 (2,2_3_0125.jpg",right,228,— Petri de Haslach 845.,17
"..\He 6481 (2,2_3_0125.jpg",right,228,— Pister 1039.,18
"..\He 6481 (2,2_3_0125.jpg",right,228,"— Randeck, ep. Minden., ep. Constant. 132 133 375 466 569 700 754 810 845 925 954 1001 1028 1123 1147 1189 1215 1286 1308 1334 1404",19
"..\He 6481 (2,2_3_0125.jpg",right,228,"— de Randegg (Randeger, Randekk) 453 846.",20
"..\He 6481 (2,2_3_0125.jpg",right,228,— Razeborch 1404.,21
"..\He 6481 (2,2_3_0125.jpg",right,228,— Sciphere de Odeslo 846 1404.,22
"..\He 6481 (2,2_3_0125.jpg",right,228,— Sculteti 136.,23
"..\He 6481 (2,2_3_0125.jpg",right,228,— de Siggern 1405.,24
"..\He 6481 (2,2_3_0125.jpg",right,228,— Straspurger 959 1114.,25
"..\He 6481 (2,2_3_0125.jpg",right,228,— Treperger 1286.,26
"..\He 6481 (2,2_3_0125.jpg",right,228,— Werneri 847.,27
"..\He 6481 (2,2_3_0125.jpg",right,228,— Westfal 847.,28
"..\He 6481 (2,2_3_0125.jpg",right,228,— de Wyk 53.,29
"..\He 6481 (2,2_3_0125.jpg",right,228,— Wynckler 847.,30
"..\He 6481 (2,2_3_0125.jpg",right,228,— Zeger 1404.,31
"..\He 6481 (2,2_3_0125.jpg",right,228,— Ziegeler 689.,32
"..\He 6481 (2,2_3_0125.jpg",right,228,"Marsilius (Marcelius, Marcilius) de Goch v. M. Theoderici.",33
"..\He 6481 (2,2_3_0125.jpg",right,228,— de Inghen 21 204 365 729 847.,34
"..\He 6481 (2,2_3_0125.jpg",right,228,— de Ryfenberg 847.,35
"..\He 6481 (2,2_3_0125.jpg",right,228,— Theoderici Riquini de Goch 847.,36
"..\He 6481 (2,2_3_0125.jpg",right,228,Martinus 724.,37
"..\He 6481 (2,2_3_0125.jpg",right,228,— de Adinghen 847.,38
"..\He 6481 (2,2_3_0125.jpg",right,228,— Alberti de Aquis 984.,39
"..\He 6481 (2,2_3_0125.jpg",right,228,— Aufner 847.,40
"..\He 6481 (2,2_3_0125.jpg",right,228,— de Bervelde 704.,41
"..\He 6481 (2,2_3_0125.jpg",right,228,— Bodewerder 847.,42
"..\He 6481 (2,2_3_0125.jpg",right,228,— de Borsantino 1286.,43
"..\He 6481 (2,2_3_0125.jpg",right,228,— Busseler 847.,44
"..\He 6481 (2,2_3_0125.jpg",right,228,— Kastel 256.,45
"..\He 6481 (2,2_3_0125.jpg",right,228,— Kytzing de Wetenburg 848.,46
"..\He 6481 (2,2_3_0125.jpg",right,228,— Knebel 1405.,47
"..\He 6481 (2,2_3_0125.jpg",right,228,— Coltnagel 135.,48
"..\He 6481 (2,2_3_0125.jpg",left,227,Margareta 654 (v. Johannes de Heenvliet).,1
"..\He 6481 (2,2_3_0125.jpg",left,227,— 712 (v. Johannes burggravius in Nurenberg).,2
"..\He 6481 (2,2_3_0125.jpg",left,227,— 732 (v. Johannes Puchperger).,3
"..\He 6481 (2,2_3_0125.jpg",left,227,— 1271 (v. Johannes Rock).,4
"..\He 6481 (2,2_3_0125.jpg",left,227,— 756 (v. Johannes Slemekitel).,5
"..\He 6481 (2,2_3_0125.jpg",left,227,"— 756 (v. Johannes d. Smedhenne de Wilborg, Henricus de Wartinberg).",6
"..\He 6481 (2,2_3_0125.jpg",left,227,— 771 (v. Johannes de Swydenitz).,7
"..\He 6481 (2,2_3_0125.jpg",left,227,— 1277 (v. Johannes Tungessinger).,8
"..\He 6481 (2,2_3_0125.jpg",left,227,— Johannis 70 (v. Andreas Wilhelmi Voppen).,9
"..\He 6481 (2,2_3_0125.jpg",left,227,— abba mon. s. Johannis bapt. in Visbecke 1289.,10
"..\He 6481 (2,2_3_0125.jpg",left,227,— Johannis Gausser 720 (v. Johannes Pauli de Luthesheim).,11
"..\He 6481 (2,2_3_0125.jpg",left,227,— 118 (v. Martinus de Kreyg).,12
"..\He 6481 (2,2_3_0125.jpg",left,227,— 842 (v. Mathias Magirionthe).,13
"..\He 6481 (2,2_3_0125.jpg",left,227,— de Muydersheim 411.,14
"..\He 6481 (2,2_3_0125.jpg",left,227,— 842 (v. Nicolaus Crutzeburg de Gdanzk).,15
"..\He 6481 (2,2_3_0125.jpg",left,227,— de Nyffen 21.,16
"..\He 6481 (2,2_3_0125.jpg",left,227,— de Nyssa 901.,17
"..\He 6481 (2,2_3_0125.jpg",left,227,— Norvegie regina v. M. Dacie regina.,18
"..\He 6481 (2,2_3_0125.jpg",left,227,— 842 (v. Otto Heyden de Donyn).,19
"..\He 6481 (2,2_3_0125.jpg",left,227,— de Pernek 842.,20
"..\He 6481 (2,2_3_0125.jpg",left,227,— 1301 (v. Petrus de Burgene).,21
"..\He 6481 (2,2_3_0125.jpg",left,227,— Radlin 1404.,22
"..\He 6481 (2,2_3_0125.jpg",left,227,"— 1029 (v. Rupertus iun. dux Bavarie, Carolus Lotharingie dux).",23
"..\He 6481 (2,2_3_0125.jpg",left,227,— 118 (v. Simon d. Rudenawer).,24
"..\He 6481 (2,2_3_0125.jpg",left,227,— 843 (v. Stephanus Sunher).,25
"..\He 6481 (2,2_3_0125.jpg",left,227,— 1064 (v. Stephanus Westerburger).,26
"..\He 6481 (2,2_3_0125.jpg",left,227,— de Stetin 843 (v. Ernestus dux Austrie).,27
"..\He 6481 (2,2_3_0125.jpg",left,227,— Suecie regina v. M. Dacie regina.,28
"..\He 6481 (2,2_3_0125.jpg",left,227,— 1094 (v. Theodericus de Pattensen).,29
"..\He 6481 (2,2_3_0125.jpg",left,227,— 843 (v. Walterus de Boshem).,30
"..\He 6481 (2,2_3_0125.jpg",left,227,— 1167 (v. Virgilius Sapel).,31
"..\He 6481 (2,2_3_0125.jpg",left,227,— priorissa mon. in Zofingen 843.,32
"..\He 6481 (2,2_3_0125.jpg",left,227,Maria 843 (v. Arnoldus de Randenroede).,33
"..\He 6481 (2,2_3_0125.jpg",left,227,— de Asperen 1286.,34
"..\He 6481 (2,2_3_0125.jpg",left,227,— ducissa Juliac. 371 843.,35
"..\He 6481 (2,2_3_0125.jpg",left,227,— Nicolai 943 (v. Oliverus Maelstede).,36
"..\He 6481 (2,2_3_0125.jpg",left,227,Marinus de Chranburga 843.,37
"..\He 6481 (2,2_3_0125.jpg",left,227,— tit. s. Marie Nove diac. card. camer. 104 150 504 620 690 801 843 983 1066 1100,38
"..\He 6481 (2,2_3_0125.jpg",left,227,Marquardus 844.,39
"..\He 6481 (2,2_3_0125.jpg",left,227,— Archer 844.,40
"..\He 6481 (2,2_3_0125.jpg",left,227,— el. August. 1159.,41
"..\He 6481 (2,2_3_0124.jpg",right,226,Maranus de Borzanizyno 66.,1
"..\He 6481 (2,2_3_0124.jpg",right,226,Markelinus Blickeri 1286.,2
"..\He 6481 (2,2_3_0124.jpg",right,226,Marcelius (Marcilius) de Inghen v. Marsilius de I.,3
"..\He 6481 (2,2_3_0124.jpg",right,226,Marchio ep. Callipol. 281.,4
"..\He 6481 (2,2_3_0124.jpg",right,226,Marcus Closterbalt de Templin 842.,5
"..\He 6481 (2,2_3_0124.jpg",right,226,— d. Sledzen 857.,6
"..\He 6481 (2,2_3_0124.jpg",right,226,— de Sunsheim 598.,7
"..\He 6481 (2,2_3_0124.jpg",right,226,"Margareta (Margaretha, Margarete, Margarita) 94 (v. Arnoldus de Patingen).",8
"..\He 6481 (2,2_3_0124.jpg",right,226,— 842 (v. Bernardus de Doremveert).,9
"..\He 6481 (2,2_3_0124.jpg",right,226,— 842 (v. Bernardus de Drosten).,10
"..\He 6481 (2,2_3_0124.jpg",right,226,— 1146 (v. Bolko dux Falkinberg.).,11
"..\He 6481 (2,2_3_0124.jpg",right,226,— 1286 (v. Carolus IV. imperator).,12
"..\He 6481 (2,2_3_0124.jpg",right,226,— de Kerpena 380.,13
"..\He 6481 (2,2_3_0124.jpg",right,226,— 1198 (v. Conrardus van der Bruggen),14
"..\He 6481 (2,2_3_0124.jpg",right,226,— d. Cranziſe 842.,15
"..\He 6481 (2,2_3_0124.jpg",right,226,"— Dacie, Suecie, Norvegie regina 161 225 431 488 540 546 575 714 930 1221.",16
"..\He 6481 (2,2_3_0124.jpg",right,226,— 247 (v. Ecbertus Gerwer).,17
"..\He 6481 (2,2_3_0124.jpg",right,226,— 264 (v. Ernestus Leopuldi dux Austrie).,18
"..\He 6481 (2,2_3_0124.jpg",right,226,— abba mon. in Erſtheim 906.,19
"..\He 6481 (2,2_3_0124.jpg",right,226,— 265 (v. Eshernus Takonis).,20
"..\He 6481 (2,2_3_0124.jpg",right,226,— van der Porte 97 (v. Arnoldus van der Steghe).,21
"..\He 6481 (2,2_3_0124.jpg",right,226,— 1212 (v. Fedderus Hartinges).,22
"..\He 6481 (2,2_3_0124.jpg",right,226,— Vovsans 493 (v. Henslinus Wisen).,23
"..\He 6481 (2,2_3_0124.jpg",right,226,— 284 (v. Fredericus Awer).,24
"..\He 6481 (2,2_3_0124.jpg",right,226,— 1215 (v. Fredericus Franck de Hamburga).,25
"..\He 6481 (2,2_3_0124.jpg",right,226,— 296 (v. Fredericus com. Ortenburg.).,26
"..\He 6481 (2,2_3_0124.jpg",right,226,— 306 (v. Fritzko de Magnarudna).,27
"..\He 6481 (2,2_3_0124.jpg",right,226,— 306 (v. Vunantz baro de Sunberg).,28
"..\He 6481 (2,2_3_0124.jpg",right,226,— 1219 (v. Georgius de Rogiten).,29
"..\He 6481 (2,2_3_0124.jpg",right,226,— Gnewesmolon 842.,30
"..\He 6481 (2,2_3_0124.jpg",right,226,— Goltbergin 920.,31
"..\He 6481 (2,2_3_0124.jpg",right,226,— Guerdurch 1121 (v. Thusink Thodel).,32
"..\He 6481 (2,2_3_0124.jpg",right,226,— 842 (v. Henricus de Andela d. Dank).,33
"..\He 6481 (2,2_3_0124.jpg",right,226,— 434 (v. Henricus Grindel al. d. Thoderheyde).,34
"..\He 6481 (2,2_3_0124.jpg",right,226,— 509 (v. Hermannus lantgravius Hassie).,35
"..\He 6481 (2,2_3_0124.jpg",right,226,— 842 (v. Hermannus de Randenrade).,36
"..\He 6481 (2,2_3_0124.jpg",right,226,— 535 (v. Jacobus Armeni).,37
"..\He 6481 (2,2_3_0124.jpg",right,226,— 1248 (v. Jacobus de Stenhorst).,38
"..\He 6481 (2,2_3_0124.jpg",right,226,— 1371 (v. Johannes Knosels).,39
"..\He 6481 (2,2_3_0124.jpg",right,226,— 600 (v. Johannes d. Cuper).,40
"..\He 6481 (2,2_3_0124.jpg",right,226,— 601 (v. Johannes de Damme d. Eghester).,41
"..\He 6481 (2,2_3_0124.jpg",right,226,— 627 (v. Johannes Franke).,42
"..\He 6481 (2,2_3_0126.jpg",left,229,Martinus Conradi de Billula (Villula) 848 852 868.,1
"..\He 6481 (2,2_3_0126.jpg",left,229,— Conradi de s. Stephano sup. Wagram 271 848.,2
"..\He 6481 (2,2_3_0126.jpg",left,229,— de Kreyg 118.,3
"..\He 6481 (2,2_3_0126.jpg",left,229,— abb. mon. in Chremsmunster 267 348.,4
"..\He 6481 (2,2_3_0126.jpg",left,229,— prep. prepos. ruralis in Dameberghe 823.,5
"..\He 6481 (2,2_3_0126.jpg",left,229,— Dingelstede 172 1111 1362.,6
"..\He 6481 (2,2_3_0126.jpg",left,229,— d. Doberlin 185 848.,7
"..\He 6481 (2,2_3_0126.jpg",left,229,— de Dockum 848.,8
"..\He 6481 (2,2_3_0126.jpg",left,229,"— Drugsez (Drugsetz, Druksesz) 131 849 982.",9
"..\He 6481 (2,2_3_0126.jpg",left,229,— Valbacher 849.,10
"..\He 6481 (2,2_3_0126.jpg",left,229,— Fernandi 849 950 1054.,11
"..\He 6481 (2,2_3_0126.jpg",left,229,— Folkeri 849.,12
"..\He 6481 (2,2_3_0126.jpg",left,229,— d. Fraessel de Rosenheim 849.,13
"..\He 6481 (2,2_3_0126.jpg",left,229,— Frederici 1109.,14
"..\He 6481 (2,2_3_0126.jpg",left,229,— Vunantz 849.,15
"..\He 6481 (2,2_3_0126.jpg",left,229,— Georgii de Beystra 1405.,16
"..\He 6481 (2,2_3_0126.jpg",left,229,— de Gewitzka (Gebitzka) 849 969.,17
"..\He 6481 (2,2_3_0126.jpg",left,229,— Gyebinger 1286.,18
"..\He 6481 (2,2_3_0126.jpg",left,229,— d. Gythan 681.,19
"..\He 6481 (2,2_3_0126.jpg",left,229,— Gumtorini 4.,20
"..\He 6481 (2,2_3_0126.jpg",left,229,"— Hartungi (Hartung, Harting) 51 641 849.",21
"..\He 6481 (2,2_3_0126.jpg",left,229,— abb. mon. in Henrichaw 849.,22
"..\He 6481 (2,2_3_0126.jpg",left,229,— Hispan (Haspan) 849.,23
"..\He 6481 (2,2_3_0126.jpg",left,229,— Hose 850.,24
"..\He 6481 (2,2_3_0126.jpg",left,229,— Jastrabetz 1287.,25
"..\He 6481 (2,2_3_0126.jpg",left,229,— Johannis de Luccenburg 850.,26
"..\He 6481 (2,2_3_0126.jpg",left,229,— de Lichtenstein 850 949 1287 1319.,27
"..\He 6481 (2,2_3_0126.jpg",left,229,— de Lynden 850.,28
"..\He 6481 (2,2_3_0126.jpg",left,229,— Massn 722.,29
"..\He 6481 (2,2_3_0126.jpg",left,229,— Mathie de Othmuchow 850.,30
"..\He 6481 (2,2_3_0126.jpg",left,229,— Milpilse 850.,31
"..\He 6481 (2,2_3_0126.jpg",left,229,— de Mistelbach 850.,32
"..\He 6481 (2,2_3_0126.jpg",left,229,— Mulich 850.,33
"..\He 6481 (2,2_3_0126.jpg",left,229,— Mutzow 851 1405.,34
"..\He 6481 (2,2_3_0126.jpg",left,229,— de Nassenfuotz 851.,35
"..\He 6481 (2,2_3_0126.jpg",left,229,— de Oderberg 1149 1434.,36
"..\He 6481 (2,2_3_0126.jpg",left,229,— Offonis 851.,37
"..\He 6481 (2,2_3_0126.jpg",left,229,— Osberni 231.,38
"..\He 6481 (2,2_3_0126.jpg",left,229,— ep. Pampilon. 11.,39
"..\He 6481 (2,2_3_0126.jpg",left,229,— Pauli 851.,40
"..\He 6481 (2,2_3_0126.jpg",left,229,— Pauli d. Paen de Inspruka 851.,41
"..\He 6481 (2,2_3_0126.jpg",left,229,— Pauli de Weißenburg 851.,42
"..\He 6481 (2,2_3_0126.jpg",left,229,— de Pechlarn 1198.,43
"..\He 6481 (2,2_3_0126.jpg",left,229,— Petri de Pellentz 1405.,44
"..\He 6481 (2,2_3_0126.jpg",left,229,— de Poscamp 851.,45
"..\He 6481 (2,2_3_0126.jpg",left,229,— de Praga 851.,46
"..\He 6481 (2,2_3_0126.jpg",left,229,— d. Preen 97.,47
"..\He 6481 (2,2_3_0120.jpg",right,218,Lambertus abb. mon. s. Maximiui e. m. Trever. 1402.,1
"..\He 6481 (2,2_3_0120.jpg",right,218,— abb. mon. s. Michaelis prope Bambergam 1282.,2
"..\He 6481 (2,2_3_0120.jpg",right,218,— de Orpe 1038.,3
"..\He 6481 (2,2_3_0120.jpg",right,218,— Pauli 805.,4
"..\He 6481 (2,2_3_0120.jpg",right,218,— de Randen 1333.,5
"..\He 6481 (2,2_3_0120.jpg",right,218,— de Rode 568.,6
"..\He 6481 (2,2_3_0120.jpg",right,218,— Roggentin (Rogghentyn) 703 742 806 1266.,7
"..\He 6481 (2,2_3_0120.jpg",right,218,— Rotter 1103.,8
"..\He 6481 (2,2_3_0120.jpg",right,218,— de Schepen 806.,9
"..\He 6481 (2,2_3_0120.jpg",right,218,— Scholte (Schulte) 93 806.,10
"..\He 6481 (2,2_3_0120.jpg",right,218,— Screye 732.,11
"..\He 6481 (2,2_3_0120.jpg",right,218,— Staffelde 806.,12
"..\He 6481 (2,2_3_0120.jpg",right,218,— ter Hoeven 805.,13
"..\He 6481 (2,2_3_0120.jpg",right,218,— Wacker 1236.,14
"..\He 6481 (2,2_3_0120.jpg",right,218,— Wezelo 806.,15
"..\He 6481 (2,2_3_0120.jpg",right,218,Lamina 553 (v. Jerico).,16
"..\He 6481 (2,2_3_0120.jpg",right,218,Landulphus tit. s. Nicolai in Carcere Tulliano diac. card. 49 183 209 245 788 807 1017 1020 1091 1202 1279.,17
"..\He 6481 (2,2_3_0120.jpg",right,218,Landus de Moriconibus de Lucha 229 789 807 1027 1112 1145.,18
"..\He 6481 (2,2_3_0120.jpg",right,218,"Latzko de Crawa (Crawler), el. Olomuc. 367 539 807.",19
"..\He 6481 (2,2_3_0120.jpg",right,218,Laurentius (Laurencius) 597.,20
"..\He 6481 (2,2_3_0120.jpg",right,218,— de Albertis 96.,21
"..\He 6481 (2,2_3_0120.jpg",right,218,— Antonii de Arserio 808.,22
"..\He 6481 (2,2_3_0120.jpg",right,218,— Baldebuk 97.,23
"..\He 6481 (2,2_3_0120.jpg",right,218,— de Bregha 681.,24
"..\He 6481 (2,2_3_0120.jpg",right,218,— Buer 778 787 808 984.,25
"..\He 6481 (2,2_3_0120.jpg",right,218,— de Camen (Camon) 51 1404.,26
"..\He 6481 (2,2_3_0120.jpg",right,218,— Kinze 930.,27
"..\He 6481 (2,2_3_0120.jpg",right,218,— Kirchhoff 809.,28
"..\He 6481 (2,2_3_0120.jpg",right,218,— Cristani 1282.,29
"..\He 6481 (2,2_3_0120.jpg",right,218,"— Kumeyse (Kuneyse, Cumeys) 19 809.",30
"..\He 6481 (2,2_3_0120.jpg",right,218,— de Dordraco 638.,31
"..\He 6481 (2,2_3_0120.jpg",right,218,— Drop 1157.,32
"..\He 6481 (2,2_3_0120.jpg",right,218,— Fabri 19.,33
"..\He 6481 (2,2_3_0120.jpg",right,218,— de Hayn 994.,34
"..\He 6481 (2,2_3_0120.jpg",right,218,— Henrici d. Kranich 1282.,35
"..\He 6481 (2,2_3_0120.jpg",right,218,— de Hove 809.,36
"..\He 6481 (2,2_3_0120.jpg",right,218,— Hommelkorn 810.,37
"..\He 6481 (2,2_3_0120.jpg",right,218,— Implaspalkch 771.,38
"..\He 6481 (2,2_3_0120.jpg",right,218,— Johannis de Tzabern 810.,39
"..\He 6481 (2,2_3_0120.jpg",right,218,— Michaelis Mawter (Mautter) 180 361 810 1282.,40
"..\He 6481 (2,2_3_0120.jpg",right,218,— Nicolai Humulatoris de Wratislavia 811.,41
"..\He 6481 (2,2_3_0120.jpg",right,218,— Nicolai de Nicolspurga 811.,42
"..\He 6481 (2,2_3_0120.jpg",right,218,— Petri 811 1282.,43
"..\He 6481 (2,2_3_0127.jpg",left,231,Matheus abb. mon. Scotorum Ratispon. 958.,1
"..\He 6481 (2,2_3_0127.jpg",left,231,— Scroediken 1083.,2
"..\He 6481 (2,2_3_0127.jpg",left,231,— Smelwitz 854.,3
"..\He 6481 (2,2_3_0127.jpg",left,231,— Wynneken 854.,4
"..\He 6481 (2,2_3_0127.jpg",left,231,"Mathias (Matyas, Matthias) 858.",5
"..\He 6481 (2,2_3_0127.jpg",left,231,— 858.,6
"..\He 6481 (2,2_3_0127.jpg",left,231,— 312.,7
"..\He 6481 (2,2_3_0127.jpg",left,231,— 437 950.,8
"..\He 6481 (2,2_3_0127.jpg",left,231,— v. M. Erasmi Baydeker.,9
"..\He 6481 (2,2_3_0127.jpg",left,231,— Alardi 326 1406.,10
"..\He 6481 (2,2_3_0127.jpg",left,231,— Alberti d. Homo de Costrin 854.,11
"..\He 6481 (2,2_3_0127.jpg",left,231,— de Almania 955.,12
"..\He 6481 (2,2_3_0127.jpg",left,231,— Altnach 1124.,13
"..\He 6481 (2,2_3_0127.jpg",left,231,— Antonis 855.,14
"..\He 6481 (2,2_3_0127.jpg",left,231,— de Beech 233.,15
"..\He 6481 (2,2_3_0127.jpg",left,231,— Birkonis de Wesena 21.,16
"..\He 6481 (2,2_3_0127.jpg",left,231,— Brizik 855.,17
"..\He 6481 (2,2_3_0127.jpg",left,231,— ep. Buduan. 46 855.,18
"..\He 6481 (2,2_3_0127.jpg",left,231,— Bulouw 1406.,19
"..\He 6481 (2,2_3_0127.jpg",left,231,— d. Kalamars 915.,20
"..\He 6481 (2,2_3_0127.jpg",left,231,— de Campen 855.,21
"..\He 6481 (2,2_3_0127.jpg",left,231,— Carniflcis de Pruck sup. Lytta 1288.,22
"..\He 6481 (2,2_3_0127.jpg",left,231,— Keilse 855.,23
"..\He 6481 (2,2_3_0127.jpg",left,231,— de Kelsse 1279.,24
"..\He 6481 (2,2_3_0127.jpg",left,231,— de Kettenheim 644.,25
"..\He 6481 (2,2_3_0127.jpg",left,231,— Cracow 677.,26
"..\He 6481 (2,2_3_0127.jpg",left,231,— Cremer de Heidelberg 395.,27
"..\He 6481 (2,2_3_0127.jpg",left,231,— d. Crull de Bunna 855.,28
"..\He 6481 (2,2_3_0127.jpg",left,231,— de Dacya 994.,29
"..\He 6481 (2,2_3_0127.jpg",left,231,— prep. mon. Domusdei Prem. o. in Czarnawans prope Opul 1176.,30
"..\He 6481 (2,2_3_0127.jpg",left,231,— Duntzer 855.,31
"..\He 6481 (2,2_3_0127.jpg",left,231,— Erasmi Baydeker (de Weydeck) 856 861 1215 1311.,32
"..\He 6481 (2,2_3_0127.jpg",left,231,— Everhardi Calciatoris 855.,33
"..\He 6481 (2,2_3_0127.jpg",left,231,— Foltzonis de Sobirnheim 253.,34
"..\He 6481 (2,2_3_0127.jpg",left,231,— Frankonis de Glogovia 856.,35
"..\He 6481 (2,2_3_0127.jpg",left,231,— Frederici 856.,36
"..\He 6481 (2,2_3_0127.jpg",left,231,— de Glowazaw 856.,37
"..\He 6481 (2,2_3_0127.jpg",left,231,— Grever 856.,38
"..\He 6481 (2,2_3_0127.jpg",left,231,— Grimmen 856.,39
"..\He 6481 (2,2_3_0127.jpg",left,231,— Grisen 1190.,40
"..\He 6481 (2,2_3_0127.jpg",left,231,— Haconfelder 856.,41
"..\He 6481 (2,2_3_0127.jpg",left,231,— de Haeften 856 1102.,42
"..\He 6481 (2,2_3_0127.jpg",left,231,— de Haynaw 856.,43
"..\He 6481 (2,2_3_0127.jpg",left,231,— Helfer 1406.,44
"..\He 6481 (2,2_3_0127.jpg",left,231,— in Heppen 618.,45
"..\He 6481 (2,2_3_0127.jpg",left,231,"— de Herbesten (Herbesteyn, Herbi-stein) 857 911 1288.",46
"..\He 6481 (2,2_3_0127.jpg",left,231,— Hildebrandi de Ligenitz (Leghe-nitze) 544 820 1284.,47
"..\He 6481 (2,2_3_0127.jpg",left,231,— de Hymelberg 1254.,48
"..\He 6481 (2,2_3_0126.jpg",right,230,Martinus Redwitzer (Radwitzer) 540 619.,1
"..\He 6481 (2,2_3_0126.jpg",right,230,— Reycheri de Newnpolan 1287.,2
"..\He 6481 (2,2_3_0126.jpg",right,230,— Roder 890.,3
"..\He 6481 (2,2_3_0126.jpg",right,230,— Ruffi 1405.,4
"..\He 6481 (2,2_3_0126.jpg",right,230,— Rulant 852.,5
"..\He 6481 (2,2_3_0126.jpg",right,230,— Sastrow 577 852.,6
"..\He 6481 (2,2_3_0126.jpg",right,230,— Schaak 286.,7
"..\He 6481 (2,2_3_0126.jpg",right,230,— Schenck 719.,8
"..\He 6481 (2,2_3_0126.jpg",right,230,— Schermfwchter 1428.,9
"..\He 6481 (2,2_3_0126.jpg",right,230,— Sculteti de Lofnitz 774.,10
"..\He 6481 (2,2_3_0126.jpg",right,230,— Schutow 53.,11
"..\He 6481 (2,2_3_0126.jpg",right,230,— de Semftenberg 852.,12
"..\He 6481 (2,2_3_0126.jpg",right,230,— Seratoris 852.,13
"..\He 6481 (2,2_3_0126.jpg",right,230,— Sifridi de Radichaw 576.,14
"..\He 6481 (2,2_3_0126.jpg",right,230,— Stall 290.,15
"..\He 6481 (2,2_3_0126.jpg",right,230,— Steghelin 852.,16
"..\He 6481 (2,2_3_0126.jpg",right,230,— Terporten (ter Porten) 76 852.,17
"..\He 6481 (2,2_3_0126.jpg",right,230,— de Tusym 852.,18
"..\He 6481 (2,2_3_0126.jpg",right,230,— Vavassoris 852.,19
"..\He 6481 (2,2_3_0126.jpg",right,230,— Willekome 1143.,20
"..\He 6481 (2,2_3_0126.jpg",right,230,— de Villula v. M. Conradi de Billula.,21
"..\He 6481 (2,2_3_0126.jpg",right,230,— custos Wladislav. 999.,22
"..\He 6481 (2,2_3_0126.jpg",right,230,— Worderman 853.,23
"..\He 6481 (2,2_3_0126.jpg",right,230,— Wrczislai de Postankalicze 74 75.,24
"..\He 6481 (2,2_3_0126.jpg",right,230,— Wurtwin 1287.,25
"..\He 6481 (2,2_3_0126.jpg",right,230,Martzinko Sweynsko 1149 1434.,26
"..\He 6481 (2,2_3_0126.jpg",right,230,Maternus Bertholdi de Fredeberg 878.,27
"..\He 6481 (2,2_3_0126.jpg",right,230,— Bygardi 636.,28
"..\He 6481 (2,2_3_0126.jpg",right,230,— ep. Erdelyen. 1156.,29
"..\He 6481 (2,2_3_0126.jpg",right,230,— Georgii (Georii) de Gutstad (Gutenstad) 1188 1405 1412.,30
"..\He 6481 (2,2_3_0126.jpg",right,230,— Papow 1406.,31
"..\He 6481 (2,2_3_0126.jpg",right,230,— Titzkonis 1010 1287.,32
"..\He 6481 (2,2_3_0126.jpg",right,230,— Wygandi de Hilbrandisdorff 853.,33
"..\He 6481 (2,2_3_0126.jpg",right,230,Matheus Brant 853.,34
"..\He 6481 (2,2_3_0126.jpg",right,230,"— de Cracovia, ep. Wormat., tit. S. Ciriaci in Termis presb. card. 1030 1049 1187 1287 1319 1382 1406.",35
"..\He 6481 (2,2_3_0126.jpg",right,230,— Dominici 853.,36
"..\He 6481 (2,2_3_0126.jpg",right,230,"— de Frankenberg, ep. Aschalon. 853.",37
"..\He 6481 (2,2_3_0126.jpg",right,230,— Frastorp 853.,38
"..\He 6481 (2,2_3_0126.jpg",right,230,— Wilhelmi 853.,39
"..\He 6481 (2,2_3_0126.jpg",right,230,— Hochtid al. Florini 524 853.,40
"..\He 6481 (2,2_3_0126.jpg",right,230,— de Hornegk 853.,41
"..\He 6481 (2,2_3_0126.jpg",right,230,— de Lublin v. Mathias de L.,42
"..\He 6481 (2,2_3_0126.jpg",right,230,— Mathei de Meyen 854 1364.,43
"..\He 6481 (2,2_3_0126.jpg",right,230,— de s. Miniato 1207.,44
"..\He 6481 (2,2_3_0126.jpg",right,230,— Munkawer 541.,45
"..\He 6481 (2,2_3_0126.jpg",right,230,— Redekini (de Redekin) 854 1287.,46
"..\He 6481 (2,2_3_0126.jpg",right,230,— ep. Samaritan. 740.,47
"..\He 6481 (2,2_3_0126.jpg",right,230,— de Saxonía 854.,48
"..\He 6481 (2,2_3_0128.jpg",right,234,Meynricus (Menricus) d. Kebbe (Krebbe) 82 269.,1
"..\He 6481 (2,2_3_0128.jpg",right,234,— Vrydach 635 714 863.,2
"..\He 6481 (2,2_3_0128.jpg",right,234,Melchior Casparis Preconis 864.,3
"..\He 6481 (2,2_3_0128.jpg",right,234,Mengotus Mengoti de Frankenberg 864.,4
"..\He 6481 (2,2_3_0128.jpg",right,234,Menso Henglo (de Henghelo) 865 1407.,5
"..\He 6481 (2,2_3_0128.jpg",right,234,Mentzo 1290.,6
"..\He 6481 (2,2_3_0128.jpg",right,234,Merborch Rebbe 1434.,7
"..\He 6481 (2,2_3_0128.jpg",right,234,Merchior ep. Zwerin. 1027.,8
"..\He 6481 (2,2_3_0128.jpg",right,234,"Merkelinus (Merklinus, Merculinus) de Altavilla (Eltvil) 305 865.",9
"..\He 6481 (2,2_3_0128.jpg",right,234,— Bretzschel (Bertzschel) 865.,10
"..\He 6481 (2,2_3_0128.jpg",right,234,— de Bruchsella 80.,11
"..\He 6481 (2,2_3_0128.jpg",right,234,— Hestel 1290.,12
"..\He 6481 (2,2_3_0128.jpg",right,234,— Neckarauwe 865.,13
"..\He 6481 (2,2_3_0128.jpg",right,234,— de Rams pach 865.,14
"..\He 6481 (2,2_3_0128.jpg",right,234,— Staff 1407.,15
"..\He 6481 (2,2_3_0128.jpg",right,234,— Thomacelli de Neapoli 546.,16
"..\He 6481 (2,2_3_0128.jpg",right,234,Mettenkop Ludike de Wendessem 1023.,17
"..\He 6481 (2,2_3_0128.jpg",right,234,"Metza (Meteze) 740 741 1107 (v. Hermannus de Ludenscheid, Tidemannus de Hirkin).",18
"..\He 6481 (2,2_3_0128.jpg",right,234,— 1251 (v. Johannes Baretz).,19
"..\He 6481 (2,2_3_0128.jpg",right,234,— 720 (v. Johannes Peisgin).,20
"..\He 6481 (2,2_3_0128.jpg",right,234,Meczeslaus (Metzlaus) Ade de Mazowia 380 744.,21
"..\He 6481 (2,2_3_0128.jpg",right,234,Mya Vresen 1424 (v. Tidericus Broyger),22
"..\He 6481 (2,2_3_0128.jpg",right,234,Michael Aerisinger 866.,23
"..\He 6481 (2,2_3_0128.jpg",right,234,— Alberti de Crovicza (Crowitza) 866 1311.,24
"..\He 6481 (2,2_3_0128.jpg",right,234,— Andree de Weiten (Weyten) 866 869.,25
"..\He 6481 (2,2_3_0128.jpg",right,234,— de Beltz 1025.,26
"..\He 6481 (2,2_3_0128.jpg",right,234,"— Blide (Blyde, Blida, Bliden, Blyden) 191 486 654 866 924 1000 1290.",27
"..\He 6481 (2,2_3_0128.jpg",right,234,— Bry 867.,28
"..\He 6481 (2,2_3_0128.jpg",right,234,— de Broda 21.,29
"..\He 6481 (2,2_3_0128.jpg",right,234,— de Budwitz (Budwich) 544.,30
"..\He 6481 (2,2_3_0128.jpg",right,234,— Cancri 661.,31
"..\He 6481 (2,2_3_0128.jpg",right,234,"— Crebis (Crebys, Crevois) 92 110 867.",32
"..\He 6481 (2,2_3_0128.jpg",right,234,— Kremptze 1302.,33
"..\He 6481 (2,2_3_0128.jpg",right,234,— Crevois v. M. Crebis.,34
"..\He 6481 (2,2_3_0128.jpg",right,234,— de Crowitza v. M. Alberti de C.,35
"..\He 6481 (2,2_3_0128.jpg",right,234,— Kunig 168 867.,36
"..\He 6481 (2,2_3_0128.jpg",right,234,— Dewettere 87.,37
"..\He 6481 (2,2_3_0128.jpg",right,234,— de Dulcinio 907 1018.,38
"..\He 6481 (2,2_3_0128.jpg",right,234,— Ellic 1354.,39
"..\He 6481 (2,2_3_0128.jpg",right,234,— Ewendik 867.,40
"..\He 6481 (2,2_3_0128.jpg",right,234,— Fabri de Nymptz 1407.,41
"..\He 6481 (2,2_3_0128.jpg",right,234,— de Velde (Vandenvelde) 26 333.,42
"..\He 6481 (2,2_3_0128.jpg",right,234,— d. Filinsch de Clanka 63.,43
"..\He 6481 (2,2_3_0128.jpg",right,234,— de Vorstenberg 867.,44
"..\He 6481 (2,2_3_0128.jpg",right,234,— Fratus de Konigisberg 1275.,45
"..\He 6481 (2,2_3_0128.jpg",right,234,— Frederici de Pago (Pado) 867 1251.,46
"..\He 6481 (2,2_3_0129.jpg",left,235,Michael de Glusina 562.,1
"..\He 6481 (2,2_3_0129.jpg",left,235,— de Griezchirchen 867.,2
"..\He 6481 (2,2_3_0129.jpg",left,235,— de Hallis 1290.,3
"..\He 6481 (2,2_3_0129.jpg",left,235,— Hamulburger 867.,4
"..\He 6481 (2,2_3_0129.jpg",left,235,— Heylenbuch v. Michael Johannis.,5
"..\He 6481 (2,2_3_0129.jpg",left,235,— de Hildentze 886.,6
"..\He 6481 (2,2_3_0129.jpg",left,235,— Jacobi Lewlini de Necolitz 867.,7
"..\He 6481 (2,2_3_0129.jpg",left,235,— Jacobi de Olobia 867.,8
"..\He 6481 (2,2_3_0129.jpg",left,235,— Jodoci 868.,9
"..\He 6481 (2,2_3_0129.jpg",left,235,— Johannis de Heylenbuch 293 868.,10
"..\He 6481 (2,2_3_0129.jpg",left,235,— Johannis de Hulembuch 533.,11
"..\He 6481 (2,2_3_0129.jpg",left,235,— Juncher 1197.,12
"..\He 6481 (2,2_3_0129.jpg",left,235,— Latzrer 868.,13
"..\He 6481 (2,2_3_0129.jpg",left,235,— Lebzelter 868.,14
"..\He 6481 (2,2_3_0129.jpg",left,235,"— Legenitz de Gubin (Gobyn, Gubin) 788 868 883 938 961 1138.",15
"..\He 6481 (2,2_3_0129.jpg",left,235,— de Lusta 868.,16
"..\He 6481 (2,2_3_0129.jpg",left,235,— de Mota 1380 1407.,17
"..\He 6481 (2,2_3_0129.jpg",left,235,— de Paganis (Pagano) 115 519 807 868.,18
"..\He 6481 (2,2_3_0129.jpg",left,235,— Pawngartaer 868.,19
"..\He 6481 (2,2_3_0129.jpg",left,235,— Ribbeken (Rabbeke) 869.,20
"..\He 6481 (2,2_3_0129.jpg",left,235,— de Sawnsheym 727.,21
"..\He 6481 (2,2_3_0129.jpg",left,235,— Schamborn 1290.,22
"..\He 6481 (2,2_3_0129.jpg",left,235,— Schick 869.,23
"..\He 6481 (2,2_3_0129.jpg",left,235,— Schulter de Grevenhain 869.,24
"..\He 6481 (2,2_3_0129.jpg",left,235,— Sculteti de Novoforo 869.,25
"..\He 6481 (2,2_3_0129.jpg",left,235,— Stanislai Wyzonis de Opol 869.,26
"..\He 6481 (2,2_3_0129.jpg",left,235,— Steflinger 869.,27
"..\He 6481 (2,2_3_0129.jpg",left,235,— de Steyra v. M. de Stiria.,28
"..\He 6481 (2,2_3_0129.jpg",left,235,— de Stella 699.,29
"..\He 6481 (2,2_3_0129.jpg",left,235,"— de Stiria (Steyra, Stira) 311 659 815 1060.",30
"..\He 6481 (2,2_3_0129.jpg",left,235,— Stokvisch 1408.,31
"..\He 6481 (2,2_3_0129.jpg",left,235,— Treulich 869.,32
"..\He 6481 (2,2_3_0129.jpg",left,235,— Tunstorffer 869.,33
"..\He 6481 (2,2_3_0129.jpg",left,235,— de Utino 1087.,34
"..\He 6481 (2,2_3_0129.jpg",left,235,— de Weyten v. M. Andree de W.,35
"..\He 6481 (2,2_3_0129.jpg",left,235,— Veltini (Velem) 550 869.,36
"..\He 6481 (2,2_3_0129.jpg",left,235,— de Wett ere 870.,37
"..\He 6481 (2,2_3_0129.jpg",left,235,— Vincentii de Mstow 984.,38
"..\He 6481 (2,2_3_0129.jpg",left,235,— Vischow (Wischo we) 764 817 1108.,39
"..\He 6481 (2,2_3_0129.jpg",left,235,— Zoellner 1106.,40
"..\He 6481 (2,2_3_0129.jpg",left,235,— Czolner 742 870.,41
"..\He 6481 (2,2_3_0129.jpg",left,235,Mikula Polak 944.,42
"..\He 6481 (2,2_3_0129.jpg",left,235,Mykulecz de Porlowicz 944.,43
"..\He 6481 (2,2_3_0129.jpg",left,235,Militius al. Nicolaus d. Miles 724.,44
"..\He 6481 (2,2_3_0129.jpg",left,235,"Mynta 1157 (v. Wernherus Wernheri de Pedernaco, Johannes de Herzenauwe).",45
"..\He 6481 (2,2_3_0129.jpg",left,235,Miroslaus de Bichin 881.,46
"..\He 6481 (2,2_3_0129.jpg",left,235,— Keltzonis (Kelczonis) de Brudzewo 870 1408 1416.,47
"..\He 6481 (2,2_3_0129.jpg",left,235,— Miroslai de Cobilino 871.,48
"..\He 6481 (2,2_3_0128.jpg",left,233,Mathias de Usk 609.,1
"..\He 6481 (2,2_3_0128.jpg",left,233,— de Wedele 797.,2
"..\He 6481 (2,2_3_0128.jpg",left,233,— de Weydeck v. M. Erasmi.,3
"..\He 6481 (2,2_3_0128.jpg",left,233,— Wiker 590.,4
"..\He 6481 (2,2_3_0128.jpg",left,233,— Wilde 1252.,5
"..\He 6481 (2,2_3_0128.jpg",left,233,— Willis de Nisa 861.,6
"..\He 6481 (2,2_3_0128.jpg",left,233,— Wromolt 861.,7
"..\He 6481 (2,2_3_0128.jpg",left,233,— de Zarcanis 680.,8
"..\He 6481 (2,2_3_0128.jpg",left,233,— Czeslai 918.,9
"..\He 6481 (2,2_3_0128.jpg",left,233,— Zolwede v. M. Solwede.,10
"..\He 6481 (2,2_3_0128.jpg",left,233,— Zwol 413.,11
"..\He 6481 (2,2_3_0128.jpg",left,233,Mathorius de Hynd 1079.,12
"..\He 6481 (2,2_3_0128.jpg",left,233,Matricularus de Marvilla 95.,13
"..\He 6481 (2,2_3_0128.jpg",left,233,Matzeus de Lamberto (Lambertis) de Neapoli 155 224 448 560 809 861 980 1049 1065 1289 1407.,14
"..\He 6481 (2,2_3_0128.jpg",left,233,Mauritius de Rotenberg 1289.,15
"..\He 6481 (2,2_3_0128.jpg",left,233,— Waltheri in Spitz 862.,16
"..\He 6481 (2,2_3_0128.jpg",left,233,Maximinus Lenzse 1289.,17
"..\He 6481 (2,2_3_0128.jpg",left,233,"Mechtild (Mechild, Mechilda, Mechtilde, Mechtildis) 442.",18
"..\He 6481 (2,2_3_0128.jpg",left,233,— 1238 (v. Adolfus Ruwen).,19
"..\He 6481 (2,2_3_0128.jpg",left,233,— de Bomel 1289.,20
"..\He 6481 (2,2_3_0128.jpg",left,233,— 151 (v. Busso de Quernforde).,21
"..\He 6481 (2,2_3_0128.jpg",left,233,— 212 (v. Cristanus Coler).,22
"..\He 6481 (2,2_3_0128.jpg",left,233,— van der Lawit 862.,23
"..\He 6481 (2,2_3_0128.jpg",left,233,— 284 (v. Fredericus de Baer).,24
"..\He 6481 (2,2_3_0128.jpg",left,233,— 285 (v. Fredericus com. de Bichelingen).,25
"..\He 6481 (2,2_3_0128.jpg",left,233,— 344 (v. Gorcilius de Aller).,26
"..\He 6481 (2,2_3_0128.jpg",left,233,— 346 (v. Goswinus Vandengrunthus).,27
"..\He 6481 (2,2_3_0128.jpg",left,233,— Wilelmi 323 (v. Gerardus Johannis).,28
"..\He 6481 (2,2_3_0128.jpg",left,233,— Hemeling 862.,29
"..\He 6481 (2,2_3_0128.jpg",left,233,— 862 (v. Henricus com. de Waldeghe).,30
"..\He 6481 (2,2_3_0128.jpg",left,233,— abba mon. s. Johannis bapt. in Visbecke 1289.,31
"..\He 6481 (2,2_3_0128.jpg",left,233,— 862 (v. Nicolaus Haken de Tangermundis).,32
"..\He 6481 (2,2_3_0128.jpg",left,233,— Nicolai de Mattenhoy m 437.,33
"..\He 6481 (2,2_3_0128.jpg",left,233,— Puchelmansdochter 515 (v. Hermannus de Reyl).,34
"..\He 6481 (2,2_3_0128.jpg",left,233,— de Schouwenborg 862.,35
"..\He 6481 (2,2_3_0128.jpg",left,233,"— de Spanheim, marchionissa Baden. 862.",36
"..\He 6481 (2,2_3_0128.jpg",left,233,Meynardus (Meinhardus) Beygerstede 863.,37
"..\He 6481 (2,2_3_0128.jpg",left,233,— d. Hiersengiel 236.,38
"..\He 6481 (2,2_3_0128.jpg",left,233,— Rodolphi de Tyela 787 863.,39
"..\He 6481 (2,2_3_0128.jpg",left,233,— Spechose 863.,40
"..\He 6481 (2,2_3_0128.jpg",left,233,— de Tiela v. M. Rodolphi.,41
"..\He 6481 (2,2_3_0128.jpg",left,233,— de Werningherode (Wernigerode) 57 58 863 1289.,42
"..\He 6481 (2,2_3_0128.jpg",left,233,Meingodus 221.,43
"..\He 6481 (2,2_3_0127.jpg",right,232,Mathias Hortwinus de Homberg 857.,1
"..\He 6481 (2,2_3_0127.jpg",right,232,— Jacobi 857.,2
"..\He 6481 (2,2_3_0127.jpg",right,232,— Johannis de Bresin 1217.,3
"..\He 6481 (2,2_3_0127.jpg",right,232,— Johannis Gladbach 857.,4
"..\He 6481 (2,2_3_0127.jpg",right,232,— Johannis de Szroda 857.,5
"..\He 6481 (2,2_3_0127.jpg",right,232,— de Lacu 1089.,6
"..\He 6481 (2,2_3_0127.jpg",right,232,— al. Lapsz (Leps) de Labiszino 870 928.,7
"..\He 6481 (2,2_3_0127.jpg",right,232,— de Leghenitze v. M. Hildebrandi.,8
"..\He 6481 (2,2_3_0127.jpg",right,232,— de Lublin 854 857.,9
"..\He 6481 (2,2_3_0127.jpg",right,232,— prep. Lubuc. 573 698.,10
"..\He 6481 (2,2_3_0127.jpg",right,232,— de Luccembourch 857.,11
"..\He 6481 (2,2_3_0127.jpg",right,232,— Magirionthe 842.,12
"..\He 6481 (2,2_3_0127.jpg",right,232,— aep. Magunt. 64 939 948.,13
"..\He 6481 (2,2_3_0127.jpg",right,232,— Mathie de Bopardia 857.,14
"..\He 6481 (2,2_3_0127.jpg",right,232,"— Meynlini (Meynkini, Menekin) de Attendarn 495 1232 1406.",15
"..\He 6481 (2,2_3_0127.jpg",right,232,— de Meppen 857.,16
"..\He 6481 (2,2_3_0127.jpg",right,232,— Mespelkorff 326.,17
"..\He 6481 (2,2_3_0127.jpg",right,232,— Molendinitoris 848.,18
"..\He 6481 (2,2_3_0127.jpg",right,232,— Monkawer 1254.,19
"..\He 6481 (2,2_3_0127.jpg",right,232,— Mortz 929.,20
"..\He 6481 (2,2_3_0127.jpg",right,232,— Nicolai de Brachoslowitz 858.,21
"..\He 6481 (2,2_3_0127.jpg",right,232,— Nicolai de Katzens (Racens) 858 971.,22
"..\He 6481 (2,2_3_0127.jpg",right,232,— Nicolai Vasatoris 858 1288.,23
"..\He 6481 (2,2_3_0127.jpg",right,232,— de Novolapide 753 1224.,24
"..\He 6481 (2,2_3_0127.jpg",right,232,— de Obichow 92.,25
"..\He 6481 (2,2_3_0127.jpg",right,232,— Portere 858.,26
"..\He 6481 (2,2_3_0127.jpg",right,232,— Puchala de Petikovia 1311.,27
"..\He 6481 (2,2_3_0127.jpg",right,232,— de Racens v. M. Nicolai de Katzens.,28
"..\He 6481 (2,2_3_0127.jpg",right,232,— Raydecker v. M. Erasmi.,29
"..\He 6481 (2,2_3_0127.jpg",right,232,— de Redekin 1406.,30
"..\He 6481 (2,2_3_0127.jpg",right,232,— Reynerii de Lutenberg 858.,31
"..\He 6481 (2,2_3_0127.jpg",right,232,— Resen 171.,32
"..\He 6481 (2,2_3_0127.jpg",right,232,— de Ruremunde 1417.,33
"..\He 6481 (2,2_3_0127.jpg",right,232,— abb. mon. in Saghano 596 858.,34
"..\He 6481 (2,2_3_0127.jpg",right,232,— Schewenberch 240.,35
"..\He 6481 (2,2_3_0127.jpg",right,232,— de Schurgast 19.,36
"..\He 6481 (2,2_3_0127.jpg",right,232,— Symonis d. Bruchelgin 859.,37
"..\He 6481 (2,2_3_0127.jpg",right,232,— Smyt (Smet) 859 1012 1138 1288.,38
"..\He 6481 (2,2_3_0127.jpg",right,232,— de Sobernheim 625 976.,39
"..\He 6481 (2,2_3_0127.jpg",right,232,— Solkonis de Jordansmol 859.,40
"..\He 6481 (2,2_3_0127.jpg",right,232,— Solwede (Zolwede) 167 574 859 861 1251.,41
"..\He 6481 (2,2_3_0127.jpg",right,232,— Spengler v. M. Tritttauf.,42
"..\He 6481 (2,2_3_0127.jpg",right,232,— Starkenberg 28.,43
"..\He 6481 (2,2_3_0127.jpg",right,232,— de Strobitz (Strowitz) 21 22 859 1287.,44
"..\He 6481 (2,2_3_0127.jpg",right,232,— de Swidno 559.,45
"..\He 6481 (2,2_3_0127.jpg",right,232,— Tyrgarde 859.,46
"..\He 6481 (2,2_3_0127.jpg",right,232,— Traphagen (Triphagen) 443 859.,47
"..\He 6481 (2,2_3_0127.jpg",right,232,— Trebnitz de Kalis 860.,48
"..\He 6481 (2,2_3_0127.jpg",right,232,— Tritttauf al. d. Spengler 166 860 1275 1376 1407.,49
"..\He 6481 (2,2_3_0130.jpg",left,237,Nicolaus Almerici de Papo 875.,1
"..\He 6481 (2,2_3_0130.jpg",left,237,— Altenach 876.,2
"..\He 6481 (2,2_3_0130.jpg",left,237,— am dem Ende 434 (cf. N. vom Ende).,3
"..\He 6481 (2,2_3_0130.jpg",left,237,— Andree de Zneyma 876.,4
"..\He 6481 (2,2_3_0130.jpg",left,237,— de Antiqua Pascua de Polonia 19.,5
"..\He 6481 (2,2_3_0130.jpg",left,237,— abb. mon. s. Antonii 1408.,6
"..\He 6481 (2,2_3_0130.jpg",left,237,— Antonii 876.,7
"..\He 6481 (2,2_3_0130.jpg",left,237,— Apotecarii 39.,8
"..\He 6481 (2,2_3_0130.jpg",left,237,— Appet 879.,9
"..\He 6481 (2,2_3_0130.jpg",left,237,— de Aquis 523.,10
"..\He 6481 (2,2_3_0130.jpg",left,237,— Arnoldi 1240.,11
"..\He 6481 (2,2_3_0130.jpg",left,237,— Arnoldi de Luccenburg 1099.,12
"..\He 6481 (2,2_3_0130.jpg",left,237,— Arnus 876.,13
"..\He 6481 (2,2_3_0130.jpg",left,237,"— de Assisio, ep. Imolen. 100 907.",14
"..\He 6481 (2,2_3_0130.jpg",left,237,— Aurifabri de Northusen 876.,15
"..\He 6481 (2,2_3_0130.jpg",left,237,— ep. Azoten. 193.,16
"..\He 6481 (2,2_3_0130.jpg",left,237,— Balderod 876.,17
"..\He 6481 (2,2_3_0130.jpg",left,237,— Bampardi v. N. Rampardi.,18
"..\He 6481 (2,2_3_0130.jpg",left,237,— de Banorow 22.,19
"..\He 6481 (2,2_3_0130.jpg",left,237,— Barcnik (Barcenick) de Trebnitz 876.,20
"..\He 6481 (2,2_3_0130.jpg",left,237,— d. de Barchow 943.,21
"..\He 6481 (2,2_3_0130.jpg",left,237,— Bartholomei de Male 877.,22
"..\He 6481 (2,2_3_0130.jpg",left,237,— de Basilea 1053.,23
"..\He 6481 (2,2_3_0130.jpg",left,237,— Bekerer 1275.,24
"..\He 6481 (2,2_3_0130.jpg",left,237,— Behemmer 1098.,25
"..\He 6481 (2,2_3_0130.jpg",left,237,— Beyger (Beyer) 167 877 1072 1228 1288 1325.,26
"..\He 6481 (2,2_3_0130.jpg",left,237,— Belgern 650 1348 1416 1418.,27
"..\He 6481 (2,2_3_0130.jpg",left,237,— Bemen 877.,28
"..\He 6481 (2,2_3_0130.jpg",left,237,— Benonis de Tepolan 877.,29
"..\He 6481 (2,2_3_0130.jpg",left,237,— de Berka 974.,30
"..\He 6481 (2,2_3_0130.jpg",left,237,— Berchanen 877.,31
"..\He 6481 (2,2_3_0130.jpg",left,237,— Bereo 674.,32
"..\He 6481 (2,2_3_0130.jpg",left,237,— Berger 1409.,33
"..\He 6481 (2,2_3_0130.jpg",left,237,— Beringer 877.,34
"..\He 6481 (2,2_3_0130.jpg",left,237,— Beringher (Beringer) 662 877.,35
"..\He 6481 (2,2_3_0130.jpg",left,237,— de Berins 877.,36
"..\He 6481 (2,2_3_0130.jpg",left,237,— Bernardi 394.,37
"..\He 6481 (2,2_3_0130.jpg",left,237,— Berneri v. N. Werneri.,38
"..\He 6481 (2,2_3_0130.jpg",left,237,— Bernhardi de Freynstat 878.,39
"..\He 6481 (2,2_3_0130.jpg",left,237,— Bernheymir 878.,40
"..\He 6481 (2,2_3_0130.jpg",left,237,— de Bernis 757.,41
"..\He 6481 (2,2_3_0130.jpg",left,237,— Berold (Berolt) 1148 1433.,42
"..\He 6481 (2,2_3_0130.jpg",left,237,— Bersche 344 878.,43
"..\He 6481 (2,2_3_0130.jpg",left,237,— Berthini Lyndestapf 878.,44
"..\He 6481 (2,2_3_0130.jpg",left,237,— Bertoldi de Fredeberg 878.,45
"..\He 6481 (2,2_3_0130.jpg",left,237,— Bessrer 878.,46
"..\He 6481 (2,2_3_0130.jpg",left,237,— de Bettenberg 1291.,47
"..\He 6481 (2,2_3_0130.jpg",left,237,— Betzel 305.,48
"..\He 6481 (2,2_3_0130.jpg",left,237,— de Byrgil 878.,49
"..\He 6481 (2,2_3_0130.jpg",left,237,— Bismarcke 710.,50
"..\He 6481 (2,2_3_0130.jpg",right,238,Nicolaus Bladya 878.,1
"..\He 6481 (2,2_3_0130.jpg",right,238,— Blecker 278.,2
"..\He 6481 (2,2_3_0130.jpg",right,238,— Blicherode 1227.,3
"..\He 6481 (2,2_3_0130.jpg",right,238,— Bock 879.,4
"..\He 6481 (2,2_3_0130.jpg",right,238,— Boldeken de Dymyn 879.,5
"..\He 6481 (2,2_3_0130.jpg",right,238,— de Boleslavia 22 879.,6
"..\He 6481 (2,2_3_0130.jpg",right,238,— Bomhower 879.,7
"..\He 6481 (2,2_3_0130.jpg",right,238,— Bontmeicher de Aquis 879.,8
"..\He 6481 (2,2_3_0130.jpg",right,238,— Borchardes 1398.,9
"..\He 6481 (2,2_3_0130.jpg",right,238,— Borgermester 732.,10
"..\He 6481 (2,2_3_0130.jpg",right,238,— Borgman 879.,11
"..\He 6481 (2,2_3_0130.jpg",right,238,— Bornerii 926.,12
"..\He 6481 (2,2_3_0130.jpg",right,238,— de Bornis 1105.,13
"..\He 6481 (2,2_3_0130.jpg",right,238,— Borsnitz 385 988 1305.,14
"..\He 6481 (2,2_3_0130.jpg",right,238,— d. Bryning de Wetzflaria 880.,15
"..\He 6481 (2,2_3_0130.jpg",right,238,— Bronislay de Budzislaw 881.,16
"..\He 6481 (2,2_3_0130.jpg",right,238,— Bronissi 881.,17
"..\He 6481 (2,2_3_0130.jpg",right,238,— Bruder 379 881.,18
"..\He 6481 (2,2_3_0130.jpg",right,238,— Brunner 881 1409.,19
"..\He 6481 (2,2_3_0130.jpg",right,238,— Bugem 204.,20
"..\He 6481 (2,2_3_0130.jpg",right,238,— Bulch 1032.,21
"..\He 6481 (2,2_3_0130.jpg",right,238,— Buman de Luterborg 424 881.,22
"..\He 6481 (2,2_3_0130.jpg",right,238,— Burkardi 882.,23
"..\He 6481 (2,2_3_0130.jpg",right,238,— de Bursalia v. N. Alberti de Bersalia.,24
"..\He 6481 (2,2_3_0130.jpg",right,238,— Butervelt 882.,25
"..\He 6481 (2,2_3_0130.jpg",right,238,— Butzow 882.,26
"..\He 6481 (2,2_3_0130.jpg",right,238,— Buczyn 150.,27
"..\He 6481 (2,2_3_0130.jpg",right,238,— Calkar de Goch 372.,28
"..\He 6481 (2,2_3_0130.jpg",right,238,— Kaldeborn 524.,29
"..\He 6481 (2,2_3_0130.jpg",right,238,— de Kale 723 882.,30
"..\He 6481 (2,2_3_0130.jpg",right,238,— Kalis 1263.,31
"..\He 6481 (2,2_3_0130.jpg",right,238,— Kalow 882.,32
"..\He 6481 (2,2_3_0130.jpg",right,238,— de Calwitz 178.,33
"..\He 6481 (2,2_3_0130.jpg",right,238,— ep. Camin. v. N. ep. Culm.,34
"..\He 6481 (2,2_3_0130.jpg",right,238,— offic. Camin. 994.,35
"..\He 6481 (2,2_3_0130.jpg",right,238,— Canitz 882.,36
"..\He 6481 (2,2_3_0130.jpg",right,238,— d. Canonick 908.,37
"..\He 6481 (2,2_3_0130.jpg",right,238,— Carcil 27.,38
"..\He 6481 (2,2_3_0130.jpg",right,238,— d. Cardinael 882.,39
"..\He 6481 (2,2_3_0130.jpg",right,238,— de Castello 410.,40
"..\He 6481 (2,2_3_0130.jpg",right,238,— Chastner 882.,41
"..\He 6481 (2,2_3_0130.jpg",right,238,— Kechelitz de Lebyn 158.,42
"..\He 6481 (2,2_3_0130.jpg",right,238,— de Kemel 882.,43
"..\He 6481 (2,2_3_0130.jpg",right,238,— Kemerer 1292.,44
"..\He 6481 (2,2_3_0130.jpg",right,238,— Kerke 883.,45
"..\He 6481 (2,2_3_0130.jpg",right,238,— Kersebom (Kerseboem) 703 788 883 1228 1266 1291.,46
"..\He 6481 (2,2_3_0130.jpg",right,238,— Ketelaer 359 916.,47
"..\He 6481 (2,2_3_0130.jpg",right,238,— tit. s. Ciriaci presb. card. 16.,48
"..\He 6481 (2,2_3_0130.jpg",right,238,— Kirschach 186 384.,49
"..\He 6481 (2,2_3_0130.jpg",right,238,— abb. mon. in Cismer 883.,50
"..\He 6481 (2,2_3_0130.jpg",right,238,— Clitzik (Klitzeke) 883.,51
"..\He 6481 (2,2_3_0129.jpg",right,236,Mys (Mijs) Petri 1118 1408.,1
"..\He 6481 (2,2_3_0129.jpg",right,236,Myspetrus 871.,2
"..\He 6481 (2,2_3_0129.jpg",right,236,Mitzko (Miczko) Furer 1148 1433.,3
"..\He 6481 (2,2_3_0129.jpg",right,236,Mixiko de Nakliss 944.,4
"..\He 6481 (2,2_3_0129.jpg",right,236,Modestus Ochs 1353 1391.,5
"..\He 6481 (2,2_3_0129.jpg",right,236,Moses de Heydek 873.,6
"..\He 6481 (2,2_3_0129.jpg",right,236,Mostzicius Przelkonis 223.,7
"..\He 6481 (2,2_3_0129.jpg",right,236,Nako Pretzislai de Gloscovitze (Naczo Preczedslai de Gloscowicze) 68 762.,8
"..\He 6481 (2,2_3_0129.jpg",right,236,Nassagneus de Stzannio 552.,9
"..\He 6481 (2,2_3_0129.jpg",right,236,Nauclerus d. Skipperbulle 97.,10
"..\He 6481 (2,2_3_0129.jpg",right,236,Nawingus Auceti 62.,11
"..\He 6481 (2,2_3_0129.jpg",right,236,Nawogius Johannis de Tantzin 1291.,12
"..\He 6481 (2,2_3_0129.jpg",right,236,Nenericus (Neumericus) Johannis de Anna (Onna) 874 1335 1408.,13
"..\He 6481 (2,2_3_0129.jpg",right,236,Nesa (Nese) Caroli 1062 (v. Stephanus Rinwaden).,14
"..\He 6481 (2,2_3_0129.jpg",right,236,— 1349 (v. Dethardus Schaden).,15
"..\He 6481 (2,2_3_0129.jpg",right,236,— Gymnich 874.,16
"..\He 6481 (2,2_3_0129.jpg",right,236,— 874 (v. Nicolaus Junczorn).,17
"..\He 6481 (2,2_3_0129.jpg",right,236,Neukerus 276.,18
"..\He 6481 (2,2_3_0129.jpg",right,236,Neulingus Smeling 503.,19
"..\He 6481 (2,2_3_0129.jpg",right,236,Neumericus v. Nenericus.,20
"..\He 6481 (2,2_3_0129.jpg",right,236,Nikaseus de Doringeswald 875.,21
"..\He 6481 (2,2_3_0129.jpg",right,236,Nicasius de Ostburch 1408.,22
"..\He 6481 (2,2_3_0129.jpg",right,236,Nicolaus 74 77 876 1169.,23
"..\He 6481 (2,2_3_0129.jpg",right,236,— 162.,24
"..\He 6481 (2,2_3_0129.jpg",right,236,— 271.,25
"..\He 6481 (2,2_3_0129.jpg",right,236,"— 934 (cf. N. de Essen, N. de Crenowitz).",26
"..\He 6481 (2,2_3_0129.jpg",right,236,— 762.,27
"..\He 6481 (2,2_3_0129.jpg",right,236,— 921.,28
"..\He 6481 (2,2_3_0129.jpg",right,236,— 926.,29
"..\He 6481 (2,2_3_0129.jpg",right,236,— 930.,30
"..\He 6481 (2,2_3_0129.jpg",right,236,— 672.,31
"..\He 6481 (2,2_3_0129.jpg",right,236,— 68 75.,32
"..\He 6481 (2,2_3_0129.jpg",right,236,— 945.,33
"..\He 6481 (2,2_3_0129.jpg",right,236,"— v. N. Virnekorn, N. Guteborg, N. Hugowitz, N. de Maszovia, N. in Michilwitz, N. Winre.",34
"..\He 6481 (2,2_3_0129.jpg",right,236,— de Achern 655.,35
"..\He 6481 (2,2_3_0129.jpg",right,236,— Adalberti de Superioriglogovia 875.,36
"..\He 6481 (2,2_3_0129.jpg",right,236,— Advocati de Opel 875.,37
"..\He 6481 (2,2_3_0129.jpg",right,236,— de Alben 875.,38
"..\He 6481 (2,2_3_0129.jpg",right,236,— Alberti de Bersalia 875 882.,39
"..\He 6481 (2,2_3_0129.jpg",right,236,"— Alberti de Gorka (Gorga, Parnagorka) 875 1291.",40
"..\He 6481 (2,2_3_0129.jpg",right,236,— Alberti de Prukla 875.,41
"..\He 6481 (2,2_3_0129.jpg",right,236,— de Allivio 684.,42
"..\He 6481 (2,2_3_0131.jpg",left,239,Nicolaus Closterwolt (Closterwoldis) 883 1364.,1
"..\He 6481 (2,2_3_0131.jpg",left,239,— Klungeln de Auwheim 883.,2
"..\He 6481 (2,2_3_0131.jpg",left,239,— Knobeloch 1069.,3
"..\He 6481 (2,2_3_0131.jpg",left,239,— de Knoeuss de Bunna 883.,4
"..\He 6481 (2,2_3_0131.jpg",left,239,— Knutzchin 1069.,5
"..\He 6481 (2,2_3_0131.jpg",left,239,— Kok 1409.,6
"..\He 6481 (2,2_3_0131.jpg",left,239,— Coci de Belgern 973.,7
"..\He 6481 (2,2_3_0131.jpg",left,239,— Coci de Bladia 105 1192.,8
"..\He 6481 (2,2_3_0131.jpg",left,239,— Koych 883.,9
"..\He 6481 (2,2_3_0131.jpg",left,239,— Koler de Nuremberga 252.,10
"..\He 6481 (2,2_3_0131.jpg",left,239,— Colini al. d. Colinus 884 1057.,11
"..\He 6481 (2,2_3_0131.jpg",left,239,— de Commentaw 537.,12
"..\He 6481 (2,2_3_0131.jpg",left,239,— Koneken 884.,13
"..\He 6481 (2,2_3_0131.jpg",left,239,— Konigisbrucke (Konigesburghe) 908.,14
"..\He 6481 (2,2_3_0131.jpg",left,239,— de Conin (Conyno) 639 958.,15
"..\He 6481 (2,2_3_0131.jpg",left,239,— Conradi Czungel 884.,16
"..\He 6481 (2,2_3_0131.jpg",left,239,"— ep. Constant., ep. Olomuc. 4 276 1055 1334.",17
"..\He 6481 (2,2_3_0131.jpg",left,239,— Koppo de Bickenhayn 884.,18
"..\He 6481 (2,2_3_0131.jpg",left,239,— de Cornice 61.,19
"..\He 6481 (2,2_3_0131.jpg",left,239,— de Cornu 900.,20
"..\He 6481 (2,2_3_0131.jpg",left,239,— de Cossew (Cossevo) 1298 1413.,21
"..\He 6481 (2,2_3_0131.jpg",left,239,— Cotham 1311.,22
"..\He 6481 (2,2_3_0131.jpg",left,239,— Koucken v. N. Koneken.,23
"..\He 6481 (2,2_3_0131.jpg",left,239,— Krayn 940.,24
"..\He 6481 (2,2_3_0131.jpg",left,239,— Cremer 884.,25
"..\He 6481 (2,2_3_0131.jpg",left,239,— Kremer 884.,26
"..\He 6481 (2,2_3_0131.jpg",left,239,— de Crenowitz 1292.,27
"..\He 6481 (2,2_3_0131.jpg",left,239,— Cristiani al. d. Gelucke de Henigersdorf 105 884 903.,28
"..\He 6481 (2,2_3_0131.jpg",left,239,— Crossen 885.,29
"..\He 6481 (2,2_3_0131.jpg",left,239,— Cruger 432 524 739 1291 1308.,30
"..\He 6481 (2,2_3_0131.jpg",left,239,— Cruyt 408.,31
"..\He 6481 (2,2_3_0131.jpg",left,239,— de Chrumbnaw 226.,32
"..\He 6481 (2,2_3_0131.jpg",left,239,— Crummenow 1409.,33
"..\He 6481 (2,2_3_0131.jpg",left,239,— Cruse 885.,34
"..\He 6481 (2,2_3_0131.jpg",left,239,— Crusen (Cruzen) 885 949.,35
"..\He 6481 (2,2_3_0131.jpg",left,239,— Crusz 755.,36
"..\He 6481 (2,2_3_0131.jpg",left,239,— Crutze 885.,37
"..\He 6481 (2,2_3_0131.jpg",left,239,— Crutzeburg de Gdanzk 842.,38
"..\He 6481 (2,2_3_0131.jpg",left,239,— Cruzen v. N. Crusen.,39
"..\He 6481 (2,2_3_0131.jpg",left,239,— de Chruzenaco (Cruzenaco) 25 28 164.,40
"..\He 6481 (2,2_3_0131.jpg",left,239,— de Cuba v. N. Virnekorn.,41
"..\He 6481 (2,2_3_0131.jpg",left,239,— Kule 18 243.,42
"..\He 6481 (2,2_3_0131.jpg",left,239,— de Cule 886.,43
"..\He 6481 (2,2_3_0131.jpg",left,239,"— ep. Culm., ep. Camin. 96 430 486 546 636 737 886 888 1000 1108 1213 1281 1291 1409 1423.",44
"..\He 6481 (2,2_3_0131.jpg",left,239,— Cumeraw 886.,45
"..\He 6481 (2,2_3_0131.jpg",left,239,— d. Kungisteyn de Frankenfordia 886.,46
"..\He 6481 (2,2_3_0131.jpg",left,239,— Cuprifabri 887.,47
"..\He 6481 (2,2_3_0133.jpg",left,243,Nicolaus Hausdorff 901.,1
"..\He 6481 (2,2_3_0133.jpg",left,243,— Hawgenrewter 901.,2
"..\He 6481 (2,2_3_0133.jpg",left,243,— Hebestorm v. N. Habestorm.,3
"..\He 6481 (2,2_3_0133.jpg",left,243,— Hebirstorf 50.,4
"..\He 6481 (2,2_3_0133.jpg",left,243,— Heidenreich 901.,5
"..\He 6481 (2,2_3_0133.jpg",left,243,— Heylichen Pistoris de Novacivitate 901.,6
"..\He 6481 (2,2_3_0133.jpg",left,243,— Heynlini (Henlini) de Plawen 475 902 1232 1255 1302.,7
"..\He 6481 (2,2_3_0133.jpg",left,243,— de Heninghesdorf v. N. Cristiani.,8
"..\He 6481 (2,2_3_0133.jpg",left,243,— Henlini v. N. Heynlini.,9
"..\He 6481 (2,2_3_0133.jpg",left,243,— Henrici de Borsnitz 902.,10
"..\He 6481 (2,2_3_0133.jpg",left,243,— Henrici de Crutzenacho 903.,11
"..\He 6481 (2,2_3_0133.jpg",left,243,— Henrici de Moczorow 903.,12
"..\He 6481 (2,2_3_0133.jpg",left,243,— Henrici de Rodemachra 903 1002.,13
"..\He 6481 (2,2_3_0133.jpg",left,243,— Hainrici de Rorbach 903.,14
"..\He 6481 (2,2_3_0133.jpg",left,243,— abb. mon. in Henrichow 976.,15
"..\He 6481 (2,2_3_0133.jpg",left,243,— Hentzonis de Homborge (Homburgo) 903.,16
"..\He 6481 (2,2_3_0133.jpg",left,243,— Herborn 904.,17
"..\He 6481 (2,2_3_0133.jpg",left,243,— Herffer 904.,18
"..\He 6481 (2,2_3_0133.jpg",left,243,— d. Herich 904.,19
"..\He 6481 (2,2_3_0133.jpg",left,243,— Herlbeck 842.,20
"..\He 6481 (2,2_3_0133.jpg",left,243,— Hermanni 553.,21
"..\He 6481 (2,2_3_0133.jpg",left,243,— Hermanni de Confluentia 904.,22
"..\He 6481 (2,2_3_0133.jpg",left,243,— de Hermdorff (Herndorff) 724 1268.,23
"..\He 6481 (2,2_3_0133.jpg",left,243,— Hertlini 958.,24
"..\He 6481 (2,2_3_0133.jpg",left,243,— de Hesel 1293.,25
"..\He 6481 (2,2_3_0133.jpg",left,243,— Hidden 1154.,26
"..\He 6481 (2,2_3_0133.jpg",left,243,— Hildebrandi 1209.,27
"..\He 6481 (2,2_3_0133.jpg",left,243,— Hocheimer 168.,28
"..\He 6481 (2,2_3_0133.jpg",left,243,— Hochusz 1296.,29
"..\He 6481 (2,2_3_0133.jpg",left,243,— Hod 245 807.,30
"..\He 6481 (2,2_3_0133.jpg",left,243,— Hoefsche 904.,31
"..\He 6481 (2,2_3_0133.jpg",left,243,— Hoemberg de Cassel 904.,32
"..\He 6481 (2,2_3_0133.jpg",left,243,— de Hoenstein 904.,33
"..\He 6481 (2,2_3_0133.jpg",left,243,— advocatus in Hoveltstein 904.,34
"..\He 6481 (2,2_3_0133.jpg",left,243,— Hoffnal v. N. Hufnagel.,35
"..\He 6481 (2,2_3_0133.jpg",left,243,— Holsten 1285 1307.,36
"..\He 6481 (2,2_3_0133.jpg",left,243,— Howeschilt 474 844.,37
"..\He 6481 (2,2_3_0133.jpg",left,243,— Huber 264.,38
"..\He 6481 (2,2_3_0133.jpg",left,243,"— Hufnagel (Huffnail, Hoffnal) 490 905 1303.",39
"..\He 6481 (2,2_3_0133.jpg",left,243,"— Huge (Hugen, Hughen) 129 905 1266 1293 1410.",40
"..\He 6481 (2,2_3_0133.jpg",left,243,— d. Hugowitz (Hugewitz) 1149 1434.,41
"..\He 6481 (2,2_3_0133.jpg",left,243,— Huler de Plawen 905.,42
"..\He 6481 (2,2_3_0133.jpg",left,243,— Hulmair 905.,43
"..\He 6481 (2,2_3_0133.jpg",left,243,— Huniger de Talamonte 905.,44
"..\He 6481 (2,2_3_0133.jpg",left,243,— Huoter 905.,45
"..\He 6481 (2,2_3_0133.jpg",left,243,— Hutzeman 524.,46
"..\He 6481 (2,2_3_0133.jpg",left,243,— Jacobi 905.,47
"..\He 6481 (2,2_3_0133.jpg",left,243,— Jacobi Lungen 906.,48
"..\He 6481 (2,2_3_0132.jpg",left,241,Nicolaus Fili de Phortzen 892.,1
"..\He 6481 (2,2_3_0132.jpg",left,241,— Filibach 892.,2
"..\He 6481 (2,2_3_0132.jpg",left,241,— Philippi de Kijkij 1409.,3
"..\He 6481 (2,2_3_0132.jpg",left,241,— de Vilwil 931.,4
"..\He 6481 (2,2_3_0132.jpg",left,241,— Virnekorn de Cuba 227 726 892 935.,5
"..\He 6481 (2,2_3_0132.jpg",left,241,— de Virssen 893.,6
"..\He 6481 (2,2_3_0132.jpg",left,241,— Viti de Lancicia 893.,7
"..\He 6481 (2,2_3_0132.jpg",left,241,— Vizenicz 893.,8
"..\He 6481 (2,2_3_0132.jpg",left,241,— Flantzel (Flentzel) 67 226 852 893 1306.,9
"..\He 6481 (2,2_3_0132.jpg",left,241,— Flemmyng 1292.,10
"..\He 6481 (2,2_3_0132.jpg",left,241,— d. Flentzel v. N. Flantzel.,11
"..\He 6481 (2,2_3_0132.jpg",left,241,— prep. eccl. s. Floriani e. m. Cracov. 1292.,12
"..\He 6481 (2,2_3_0132.jpg",left,241,— Pfluger de Crutzeburg (Cruwetzburg) 919 1221 1309.,13
"..\He 6481 (2,2_3_0132.jpg",left,241,— Volkeri 1409.,14
"..\He 6481 (2,2_3_0132.jpg",left,241,— Volers 893 1260.,15
"..\He 6481 (2,2_3_0132.jpg",left,241,— vom Ende 890 (cf. N. am dem Ende).,16
"..\He 6481 (2,2_3_0132.jpg",left,241,"— von der Kra (Krae, Vanderca) 165 829 893.",17
"..\He 6481 (2,2_3_0132.jpg",left,241,— von der Crawe iun. 893.,18
"..\He 6481 (2,2_3_0132.jpg",left,241,— von der Crawe sen. 894.,19
"..\He 6481 (2,2_3_0132.jpg",left,241,— de Fondis 115.,20
"..\He 6481 (2,2_3_0132.jpg",left,241,— Vordis 894 1270 1292 1367 1410.,21
"..\He 6481 (2,2_3_0132.jpg",left,241,— Franckenhain 894.,22
"..\He 6481 (2,2_3_0132.jpg",left,241,— de Francfordia 832.,23
"..\He 6481 (2,2_3_0132.jpg",left,241,— Franckonis 895.,24
"..\He 6481 (2,2_3_0132.jpg",left,241,— Fraz de Greytschenstayn 895.,25
"..\He 6481 (2,2_3_0132.jpg",left,241,— de Frawenstat 636 1252.,26
"..\He 6481 (2,2_3_0132.jpg",left,241,— de Fredeberg 290.,27
"..\He 6481 (2,2_3_0132.jpg",left,241,— de Fredeberg 551.,28
"..\He 6481 (2,2_3_0132.jpg",left,241,— Fredeberg 1274.,29
"..\He 6481 (2,2_3_0132.jpg",left,241,— de Fredek 895.,30
"..\He 6481 (2,2_3_0132.jpg",left,241,— Frederici de Vienna 895.,31
"..\He 6481 (2,2_3_0132.jpg",left,241,— de Frey 895.,32
"..\He 6481 (2,2_3_0132.jpg",left,241,— Vrenken 1293.,33
"..\He 6481 (2,2_3_0132.jpg",left,241,— Friberg 22.,34
"..\He 6481 (2,2_3_0132.jpg",left,241,— Friczkonis 744.,35
"..\He 6481 (2,2_3_0132.jpg",left,241,— Fruoff 895.,36
"..\He 6481 (2,2_3_0132.jpg",left,241,— Vulsack 1293.,37
"..\He 6481 (2,2_3_0132.jpg",left,241,— Vuncke 895.,38
"..\He 6481 (2,2_3_0132.jpg",left,241,— de Gamudia 896.,39
"..\He 6481 (2,2_3_0132.jpg",left,241,— Gatzekow 1221 1259 1382.,40
"..\He 6481 (2,2_3_0132.jpg",left,241,— Geddin 633.,41
"..\He 6481 (2,2_3_0132.jpg",left,241,— Gefroen (Gefroren) de Chremsa 896 961.,42
"..\He 6481 (2,2_3_0132.jpg",left,241,— Gentz 1293.,43
"..\He 6481 (2,2_3_0132.jpg",left,241,— Geraldi de Radom 896.,44
"..\He 6481 (2,2_3_0132.jpg",left,241,— Gerardi de Aemsterdamme (Amsterdamme) 87 896.,45
"..\He 6481 (2,2_3_0131.jpg",right,240,Nicolaus Kutzelsheim 597 887 911 1358.,1
"..\He 6481 (2,2_3_0131.jpg",right,240,— d. Dachser de Ruethering 887.,2
"..\He 6481 (2,2_3_0131.jpg",right,240,— Danielis 776.,3
"..\He 6481 (2,2_3_0131.jpg",right,240,— de Danzch 737.,4
"..\He 6481 (2,2_3_0131.jpg",right,240,— Darsow 888.,5
"..\He 6481 (2,2_3_0131.jpg",right,240,— Dauer 888.,6
"..\He 6481 (2,2_3_0131.jpg",right,240,— de Dimidiavilla 888.,7
"..\He 6481 (2,2_3_0131.jpg",right,240,— Doleatoris 227 888.,8
"..\He 6481 (2,2_3_0131.jpg",right,240,— Dornow 907 923.,9
"..\He 6481 (2,2_3_0131.jpg",right,240,— Drotzen 907 923.,10
"..\He 6481 (2,2_3_0131.jpg",right,240,— de Ebrestorff 973.,11
"..\He 6481 (2,2_3_0131.jpg",right,240,— Eyke 889.,12
"..\He 6481 (2,2_3_0131.jpg",right,240,— de Elbeke (Elbek) 807 889.,13
"..\He 6481 (2,2_3_0131.jpg",right,240,— Eleri 889.,14
"..\He 6481 (2,2_3_0131.jpg",right,240,— de Elvinga 889.,15
"..\He 6481 (2,2_3_0131.jpg",right,240,— Emerici Tinc toris de Wetzflaria 889.,16
"..\He 6481 (2,2_3_0131.jpg",right,240,— Emschin al. de Corona 890.,17
"..\He 6481 (2,2_3_0131.jpg",right,240,— Engele 890.,18
"..\He 6481 (2,2_3_0131.jpg",right,240,— Engelini al. Tescheler 186 384.,19
"..\He 6481 (2,2_3_0131.jpg",right,240,— Engil 890.,20
"..\He 6481 (2,2_3_0131.jpg",right,240,— En[. .]rich 1212.,21
"..\He 6481 (2,2_3_0131.jpg",right,240,— Episcopi de Wetzflaria 890.,22
"..\He 6481 (2,2_3_0131.jpg",right,240,— abb. mon. Erbac. 1239.,23
"..\He 6481 (2,2_3_0131.jpg",right,240,— Erhardi al. d. Ekkersberghe 931.,24
"..\He 6481 (2,2_3_0131.jpg",right,240,— d. Erstheim de Barre 890 1203.,25
"..\He 6481 (2,2_3_0131.jpg",right,240,— de Essen 1292.,26
"..\He 6481 (2,2_3_0131.jpg",right,240,— marchio Esten. 196.,27
"..\He 6481 (2,2_3_0131.jpg",right,240,— de Eukerich 1360.,28
"..\He 6481 (2,2_3_0131.jpg",right,240,— Everhardi (Everardi) 586 890 1009.,29
"..\He 6481 (2,2_3_0131.jpg",right,240,— Ewer nhofer 1132.,30
"..\He 6481 (2,2_3_0131.jpg",right,240,— Everswyn 891 1362.,31
"..\He 6481 (2,2_3_0131.jpg",right,240,— Fabri 884.,32
"..\He 6481 (2,2_3_0131.jpg",right,240,— Fabri 891.,33
"..\He 6481 (2,2_3_0131.jpg",right,240,— Fabri 891.,34
"..\He 6481 (2,2_3_0131.jpg",right,240,— Fabri de Lorch 1424.,35
"..\He 6481 (2,2_3_0131.jpg",right,240,— Fabri de Malchin 891.,36
"..\He 6481 (2,2_3_0131.jpg",right,240,— Valk de Xanctis 891.,37
"..\He 6481 (2,2_3_0131.jpg",right,240,— de Falkenberg (Falkenberg) 953 1292.,38
"..\He 6481 (2,2_3_0131.jpg",right,240,— de Valkenburg 43.,39
"..\He 6481 (2,2_3_0131.jpg",right,240,— Vandemebarghe 891.,40
"..\He 6481 (2,2_3_0131.jpg",right,240,— Vanderca v. N. von der Kra.,41
"..\He 6481 (2,2_3_0131.jpg",right,240,— Vanderdunen 631.,42
"..\He 6481 (2,2_3_0131.jpg",right,240,— van der Over 767.,43
"..\He 6481 (2,2_3_0131.jpg",right,240,— Fauenstad v. N. de Frawenstat.,44
"..\He 6481 (2,2_3_0131.jpg",right,240,— Veckenere (Veckene) 491 891 1236 1237 1292.,45
"..\He 6481 (2,2_3_0131.jpg",right,240,— Phefeheym 875.,46
"..\He 6481 (2,2_3_0131.jpg",right,240,— Pfefflin 1049.,47
"..\He 6481 (2,2_3_0131.jpg",right,240,— Velgeren 892.,48
"..\He 6481 (2,2_3_0131.jpg",right,240,— Vener 25 28.,49
"..\He 6481 (2,2_3_0131.jpg",right,240,— ep. Feretin. 172 586.,50
"..\He 6481 (2,2_3_0131.jpg",right,240,— Vettinc 600.,51
"..\He 6481 (2,2_3_0132.jpg",right,242,Nicolaus Gerardi Cok 896 1293.,1
"..\He 6481 (2,2_3_0132.jpg",right,242,— Gerborg 52.,2
"..\He 6481 (2,2_3_0132.jpg",right,242,— Gerkow 1293.,3
"..\He 6481 (2,2_3_0132.jpg",right,242,— Gerstungen de Franckfordia 695 896.,4
"..\He 6481 (2,2_3_0132.jpg",right,242,— Gessler 896.,5
"..\He 6481 (2,2_3_0132.jpg",right,242,— dec. eccl. s. Gingolfi Magunt. 146.,6
"..\He 6481 (2,2_3_0132.jpg",right,242,— de Gitan 47.,7
"..\He 6481 (2,2_3_0132.jpg",right,242,— Gyzeleri 896.,8
"..\He 6481 (2,2_3_0132.jpg",right,242,— Gladiatoris 896 1096.,9
"..\He 6481 (2,2_3_0132.jpg",right,242,"— de Glywitz (Gliwicz, Glebitz) 12 19 20 29 247 490 896 1063 1148.",10
"..\He 6481 (2,2_3_0132.jpg",right,242,— Glovit z 1281.,11
"..\He 6481 (2,2_3_0132.jpg",right,242,— Glubeis 1309.,12
"..\He 6481 (2,2_3_0132.jpg",right,242,— aep. Gnezn. v. N. ep. Poznan.,13
"..\He 6481 (2,2_3_0132.jpg",right,242,— de Gobillinis de Dresden 898.,14
"..\He 6481 (2,2_3_0132.jpg",right,242,— Goddin 1410.,15
"..\He 6481 (2,2_3_0132.jpg",right,242,— de Goldaw 898 1410.,16
"..\He 6481 (2,2_3_0132.jpg",right,242,— Goldener 898.,17
"..\He 6481 (2,2_3_0132.jpg",right,242,— de Golm 898.,18
"..\He 6481 (2,2_3_0132.jpg",right,242,— Goltsmed 898.,19
"..\He 6481 (2,2_3_0132.jpg",right,242,— Gorsleyben 429.,20
"..\He 6481 (2,2_3_0132.jpg",right,242,— Gower 898.,21
"..\He 6481 (2,2_3_0132.jpg",right,242,— Grabow 1100.,22
"..\He 6481 (2,2_3_0132.jpg",right,242,— de Graez 898.,23
"..\He 6481 (2,2_3_0132.jpg",right,242,— Granzoye 898 1293.,24
"..\He 6481 (2,2_3_0132.jpg",right,242,— Graser 899.,25
"..\He 6481 (2,2_3_0132.jpg",right,242,— d. Gred 1166.,26
"..\He 6481 (2,2_3_0132.jpg",right,242,— Grevennow al. Currificis 1111.,27
"..\He 6481 (2,2_3_0132.jpg",right,242,— Gregorii 1410.,28
"..\He 6481 (2,2_3_0132.jpg",right,242,— de Greysaw 899.,29
"..\He 6481 (2,2_3_0132.jpg",right,242,— Gretzer 899.,30
"..\He 6481 (2,2_3_0132.jpg",right,242,— Grym (Griyn) 290 1410.,31
"..\He 6481 (2,2_3_0132.jpg",right,242,— Grosz de Koburg 899.,32
"..\He 6481 (2,2_3_0132.jpg",right,242,— Gruben 899.,33
"..\He 6481 (2,2_3_0132.jpg",right,242,— de Grunenberg 134 602.,34
"..\He 6481 (2,2_3_0132.jpg",right,242,— Grunenvelt 150.,35
"..\He 6481 (2,2_3_0132.jpg",right,242,— de Gumpenberg 899.,36
"..\He 6481 (2,2_3_0132.jpg",right,242,— de Guteborg 889 899.,37
"..\He 6481 (2,2_3_0132.jpg",right,242,— Habestorm 245 899 1240.,38
"..\He 6481 (2,2_3_0132.jpg",right,242,— Haken de Tangermundis 862.,39
"..\He 6481 (2,2_3_0132.jpg",right,242,— Haemerlyn 466.,40
"..\He 6481 (2,2_3_0132.jpg",right,242,— Havelberch 900.,41
"..\He 6481 (2,2_3_0132.jpg",right,242,— d. Hagen 900.,42
"..\He 6481 (2,2_3_0132.jpg",right,242,— de Hagenowia 900.,43
"..\He 6481 (2,2_3_0132.jpg",right,242,— Halbestad 900.,44
"..\He 6481 (2,2_3_0132.jpg",right,242,— de Hamme 900.,45
"..\He 6481 (2,2_3_0132.jpg",right,242,— d. Hanewilre 900.,46
"..\He 6481 (2,2_3_0132.jpg",right,242,— de Hanhartschirischen 1159.,47
"..\He 6481 (2,2_3_0132.jpg",right,242,— d. Hargesheim 901.,48
"..\He 6481 (2,2_3_0132.jpg",right,242,— Hartmanni 901.,49
"..\He 6481 (2,2_3_0132.jpg",right,242,— Hase 901.,50
"..\He 6481 (2,2_3_0132.jpg",right,242,— d. Hasselt de Herkelo 901.,51
"..\He 6481 (2,2_3_0134.jpg",left,245,Nicolaus de Liechberg 439.,1
"..\He 6481 (2,2_3_0134.jpg",left,245,"— Lyfgher (Liefgher, Lyfger) 103 270 372 617.",2
"..\He 6481 (2,2_3_0134.jpg",left,245,— Lyninghe 1205.,3
"..\He 6481 (2,2_3_0134.jpg",left,245,— Lynse 910.,4
"..\He 6481 (2,2_3_0134.jpg",left,245,— Lips 200 444.,5
"..\He 6481 (2,2_3_0134.jpg",left,245,— Litzen 883.,6
"..\He 6481 (2,2_3_0134.jpg",left,245,— Livinger 865.,7
"..\He 6481 (2,2_3_0134.jpg",left,245,— de Lobischaw 1148 1433.,8
"..\He 6481 (2,2_3_0134.jpg",left,245,— de Lobus 178.,9
"..\He 6481 (2,2_3_0134.jpg",left,245,— Loeren 1410.,10
"..\He 6481 (2,2_3_0134.jpg",left,245,— Logaw 1148 1433.,11
"..\He 6481 (2,2_3_0134.jpg",left,245,— Lohelin v. N. Venatoris.,12
"..\He 6481 (2,2_3_0134.jpg",left,245,— Longi de Heilgenbil (Nicolaus d. Longum) 398 560 910.,13
"..\He 6481 (2,2_3_0134.jpg",left,245,— de Lontze 910.,14
"..\He 6481 (2,2_3_0134.jpg",left,245,— Louwing 658.,15
"..\He 6481 (2,2_3_0134.jpg",left,245,— de Lubano 911.,16
"..\He 6481 (2,2_3_0134.jpg",left,245,— Lubich 186 224 312 317 354 383 400 414 524 555 579 628 685 911 917 973 1130.,17
"..\He 6481 (2,2_3_0134.jpg",left,245,— de Luchovia 912.,18
"..\He 6481 (2,2_3_0134.jpg",left,245,— Lughe 888.,19
"..\He 6481 (2,2_3_0134.jpg",left,245,— Luginsland 912.,20
"..\He 6481 (2,2_3_0134.jpg",left,245,— Lupi de Elbingo 912.,21
"..\He 6481 (2,2_3_0134.jpg",left,245,— Mackowo 912.,22
"..\He 6481 (2,2_3_0134.jpg",left,245,— Magusreiter 297.,23
"..\He 6481 (2,2_3_0134.jpg",left,245,— Malsen 912.,24
"..\He 6481 (2,2_3_0134.jpg",left,245,— Manduel 912.,25
"..\He 6481 (2,2_3_0134.jpg",left,245,— Marcatoris 752.,26
"..\He 6481 (2,2_3_0134.jpg",left,245,— de Margonyo d. Nossek 857.,27
"..\He 6481 (2,2_3_0134.jpg",left,245,— abb. mon. s. Marie de Claratumba 913.,28
"..\He 6481 (2,2_3_0134.jpg",left,245,— abb. mon. s. Marie in Grisaw 1294.,29
"..\He 6481 (2,2_3_0134.jpg",left,245,— abb. mon. b. Marie in Obernborch (Obernburg) 913 1051.,30
"..\He 6481 (2,2_3_0134.jpg",left,245,— proc. o. s. Marie Theutonicorum 30.,31
"..\He 6481 (2,2_3_0134.jpg",left,245,— abb. mon. b. Marie in Windberg 935 1429.,32
"..\He 6481 (2,2_3_0134.jpg",left,245,— Marini de Watz 913 947.,33
"..\He 6481 (2,2_3_0134.jpg",left,245,— de Marpurga 368.,34
"..\He 6481 (2,2_3_0134.jpg",left,245,— Martini de Bischovia 913.,35
"..\He 6481 (2,2_3_0134.jpg",left,245,— Martini Laceratoris 913.,36
"..\He 6481 (2,2_3_0134.jpg",left,245,— Martini Rote de Jegerdorff 913.,37
"..\He 6481 (2,2_3_0134.jpg",left,245,— Martini de Zneow 918.,38
"..\He 6481 (2,2_3_0134.jpg",left,245,— de Marczincow 1294.,39
"..\He 6481 (2,2_3_0134.jpg",left,245,— de Maszovia 38 763.,40
"..\He 6481 (2,2_3_0134.jpg",left,245,— Mathie de Mari 1294.,41
"..\He 6481 (2,2_3_0134.jpg",left,245,— Mathie de Tzanstochow 1410.,42
"..\He 6481 (2,2_3_0134.jpg",left,245,— Maud 567.,43
"..\He 6481 (2,2_3_0134.jpg",left,245,— de Mellomone 913.,44
"..\He 6481 (2,2_3_0134.jpg",left,245,— Meltzer 913.,45
"..\He 6481 (2,2_3_0134.jpg",left,245,— Merkini de Sirk 913.,46
"..\He 6481 (2,2_3_0134.jpg",right,246,Nicolaus Merklini 913.,1
"..\He 6481 (2,2_3_0134.jpg",right,246,— Merckwirl 914.,2
"..\He 6481 (2,2_3_0134.jpg",right,246,— Merebot 914.,3
"..\He 6481 (2,2_3_0134.jpg",right,246,— el. Merseburg. 167.,4
"..\He 6481 (2,2_3_0134.jpg",right,246,— Merswin 914.,5
"..\He 6481 (2,2_3_0134.jpg",right,246,— Michaelis 914.,6
"..\He 6481 (2,2_3_0134.jpg",right,246,— in Michilwitz 1149 1434.,7
"..\He 6481 (2,2_3_0134.jpg",right,246,— d. Miles v. Militius al. N. d. Miles.,8
"..\He 6481 (2,2_3_0134.jpg",right,246,— ep. Minden. 846.,9
"..\He 6481 (2,2_3_0134.jpg",right,246,— ep. Misn. 6 22 70 110 731 882 914 920 938.,10
"..\He 6481 (2,2_3_0134.jpg",right,246,— Misner 914.,11
"..\He 6481 (2,2_3_0134.jpg",right,246,— Mokewitz 1295.,12
"..\He 6481 (2,2_3_0134.jpg",right,246,— abb. mon. de Mogilno 73.,13
"..\He 6481 (2,2_3_0134.jpg",right,246,— Moldaw 914.,14
"..\He 6481 (2,2_3_0134.jpg",right,246,— Molitoris 914.,15
"..\He 6481 (2,2_3_0134.jpg",right,246,— Monetarii 497.,16
"..\He 6481 (2,2_3_0134.jpg",right,246,— Morrkopp 914.,17
"..\He 6481 (2,2_3_0134.jpg",right,246,— Mroczkonis 22.,18
"..\He 6481 (2,2_3_0134.jpg",right,246,— Mulner 1295.,19
"..\He 6481 (2,2_3_0134.jpg",right,246,— Munnen 867.,20
"..\He 6481 (2,2_3_0134.jpg",right,246,"— Munscheman (Munschman, Muntscheman) 915 1251 1345.",21
"..\He 6481 (2,2_3_0134.jpg",right,246,— Muratoris de Fredeberg 915.,22
"..\He 6481 (2,2_3_0134.jpg",right,246,— Musel al. d. Obernkem 1093.,23
"..\He 6481 (2,2_3_0134.jpg",right,246,— Naczconis de Dambe 915.,24
"..\He 6481 (2,2_3_0134.jpg",right,246,— Nasonis (Naso) 1296 1411.,25
"..\He 6481 (2,2_3_0134.jpg",right,246,— aep. Neapolit. 517.,26
"..\He 6481 (2,2_3_0134.jpg",right,246,— Neve de Osterrode 915.,27
"..\He 6481 (2,2_3_0134.jpg",right,246,— Negelsdorffer 657 915.,28
"..\He 6481 (2,2_3_0134.jpg",right,246,— Neitzinger 915.,29
"..\He 6481 (2,2_3_0134.jpg",right,246,— Nepos 1411.,30
"..\He 6481 (2,2_3_0134.jpg",right,246,— Neumarct 252.,31
"..\He 6481 (2,2_3_0134.jpg",right,246,— Neuperger 916.,32
"..\He 6481 (2,2_3_0134.jpg",right,246,— Newndorffer 200.,33
"..\He 6481 (2,2_3_0134.jpg",right,246,— Nicolai de Bune 916.,34
"..\He 6481 (2,2_3_0134.jpg",right,246,— Nicolai Carpenterii de Geuwitz 916.,35
"..\He 6481 (2,2_3_0134.jpg",right,246,— Nicolai de Gretz 1248.,36
"..\He 6481 (2,2_3_0134.jpg",right,246,— Nicolai de Ludwiksdorp al. Grieschaw 916.,37
"..\He 6481 (2,2_3_0134.jpg",right,246,— Nicolai Milinger de Bopardia 1411.,38
"..\He 6481 (2,2_3_0134.jpg",right,246,— Nicolai de Pancek 916.,39
"..\He 6481 (2,2_3_0134.jpg",right,246,— Nicolai de Schoneborn 1295.,40
"..\He 6481 (2,2_3_0134.jpg",right,246,— Nicolai Sydenberg 916.,41
"..\He 6481 (2,2_3_0134.jpg",right,246,— Nyewert 738.,42
"..\He 6481 (2,2_3_0134.jpg",right,246,— d. Nytzek (Nitzel) 916.,43
"..\He 6481 (2,2_3_0134.jpg",right,246,— Nos al. Fulstoffel 1011.,44
"..\He 6481 (2,2_3_0134.jpg",right,246,— Noskonis 92 636.,45
"..\He 6481 (2,2_3_0134.jpg",right,246,— Nothafft 916.,46
"..\He 6481 (2,2_3_0134.jpg",right,246,— de Novavilla 614.,47
"..\He 6481 (2,2_3_0134.jpg",right,246,— de Nuremberg 916.,48
"..\He 6481 (2,2_3_0134.jpg",right,246,— de Nussia 638.,49
"..\He 6481 (2,2_3_0134.jpg",right,246,— de Olavia v. N. de Wolavia.,50
"..\He 6481 (2,2_3_0135.jpg",left,247,Nicolaus Oler 917.,1
"..\He 6481 (2,2_3_0135.jpg",left,247,— ep. Olomuc. v. N. ep. Constant.,2
"..\He 6481 (2,2_3_0135.jpg",left,247,— d. de Olungen 916.,3
"..\He 6481 (2,2_3_0135.jpg",left,247,— Oppav. et Ratibor. dux 917.,4
"..\He 6481 (2,2_3_0135.jpg",left,247,— de Orsleve 917.,5
"..\He 6481 (2,2_3_0135.jpg",left,247,— Ottonis 917.,6
"..\He 6481 (2,2_3_0135.jpg",left,247,— Ottonis de Frienstat (Frigenstat) 916 917.,7
"..\He 6481 (2,2_3_0135.jpg",left,247,— Overcamp 49 359 916.,8
"..\He 6481 (2,2_3_0135.jpg",left,247,— Owras 917.,9
"..\He 6481 (2,2_3_0135.jpg",left,247,— de Pacella 530.,10
"..\He 6481 (2,2_3_0135.jpg",left,247,— Payek 1166.,11
"..\He 6481 (2,2_3_0135.jpg",left,247,— Palborn 191.,12
"..\He 6481 (2,2_3_0135.jpg",left,247,— Palliatoris 917.,13
"..\He 6481 (2,2_3_0135.jpg",left,247,— de Panchias 158.,14
"..\He 6481 (2,2_3_0135.jpg",left,247,— Panesconis v. N. Penaskonis.,15
"..\He 6481 (2,2_3_0135.jpg",left,247,— Pansmyd 1411.,16
"..\He 6481 (2,2_3_0135.jpg",left,247,— Papaw 917.,17
"..\He 6481 (2,2_3_0135.jpg",left,247,"— Passeck, el. Sevastopol. 917.",18
"..\He 6481 (2,2_3_0135.jpg",left,247,— Pauli Stengil 917.,19
"..\He 6481 (2,2_3_0135.jpg",left,247,— Pauscher 1411.,20
"..\He 6481 (2,2_3_0135.jpg",left,247,— Paws 1295.,21
"..\He 6481 (2,2_3_0135.jpg",left,247,— de Pelden 917.,22
"..\He 6481 (2,2_3_0135.jpg",left,247,— Pellificis de Gewilre 1070.,23
"..\He 6481 (2,2_3_0135.jpg",left,247,"— Penaskonis (Penanszkonis, Penansconis, Peneskonis, Panesconis) 68 113 918 920 1295.",24
"..\He 6481 (2,2_3_0135.jpg",left,247,— Penig 918.,25
"..\He 6481 (2,2_3_0135.jpg",left,247,— Peratoris 981.,26
"..\He 6481 (2,2_3_0135.jpg",left,247,— Pernasik 1374.,27
"..\He 6481 (2,2_3_0135.jpg",left,247,— Petri 919.,28
"..\He 6481 (2,2_3_0135.jpg",left,247,— Petri 1295.,29
"..\He 6481 (2,2_3_0135.jpg",left,247,— Petri de Bettenberch (Bertenberch) 918.,30
"..\He 6481 (2,2_3_0135.jpg",left,247,— Petri de Bleinchin 919.,31
"..\He 6481 (2,2_3_0135.jpg",left,247,— Petri d. Borcowitz de Chantum 919.,32
"..\He 6481 (2,2_3_0135.jpg",left,247,— Petri d. Unrayn 915.,33
"..\He 6481 (2,2_3_0135.jpg",left,247,— Piber 919.,34
"..\He 6481 (2,2_3_0135.jpg",left,247,— Pilleatoris de Kersberg 1010.,35
"..\He 6481 (2,2_3_0135.jpg",left,247,"— de Pilsna, el. Megaren. 919.",36
"..\He 6481 (2,2_3_0135.jpg",left,247,— Pinkernayl 1099.,37
"..\He 6481 (2,2_3_0135.jpg",left,247,— Piscatoris 1411.,38
"..\He 6481 (2,2_3_0135.jpg",left,247,— Pyser 920.,39
"..\He 6481 (2,2_3_0135.jpg",left,247,— Pistoris 433.,40
"..\He 6481 (2,2_3_0135.jpg",left,247,— Pistoris 434.,41
"..\He 6481 (2,2_3_0135.jpg",left,247,— Plastewig 486.,42
"..\He 6481 (2,2_3_0135.jpg",left,247,— Platzbecker de Bischofswerde 920.,43
"..\He 6481 (2,2_3_0135.jpg",left,247,— Platzinger 920.,44
"..\He 6481 (2,2_3_0135.jpg",left,247,— d. Polan 118.,45
"..\He 6481 (2,2_3_0135.jpg",left,247,— Poppe 1412.,46
"..\He 6481 (2,2_3_0135.jpg",left,247,— d. Poreie de Metis 920.,47
"..\He 6481 (2,2_3_0135.jpg",left,247,— Poteritz 398 527.,48
"..\He 6481 (2,2_3_0135.jpg",left,247,"— ep. Poznan., ep. Wladislav., aep.",49
"..\He 6481 (2,2_3_0136.jpg",left,249,Nicolaus Schaak 923.,1
"..\He 6481 (2,2_3_0136.jpg",left,249,— Schabeleffel 923.,2
"..\He 6481 (2,2_3_0136.jpg",left,249,— Schagen de Anroede 1412.,3
"..\He 6481 (2,2_3_0136.jpg",left,249,— Scalonis de Bockum 923.,4
"..\He 6481 (2,2_3_0136.jpg",left,249,— Scharnagl 924 1283.,5
"..\He 6481 (2,2_3_0136.jpg",left,249,— Schatner 924.,6
"..\He 6481 (2,2_3_0136.jpg",left,249,— Scheitgin 1412.,7
"..\He 6481 (2,2_3_0136.jpg",left,249,— Schepetlunstrala de Kokitz 1364.,8
"..\He 6481 (2,2_3_0136.jpg",left,249,— Schermbecke 1091.,9
"..\He 6481 (2,2_3_0136.jpg",left,249,— d. Schich 17.,10
"..\He 6481 (2,2_3_0136.jpg",left,249,— Schicke 924.,11
"..\He 6481 (2,2_3_0136.jpg",left,249,— Schilher 756.,12
"..\He 6481 (2,2_3_0136.jpg",left,249,— Schiplicz 1412.,13
"..\He 6481 (2,2_3_0136.jpg",left,249,— Schippenpil (Scippenpil) 70 360 748 888 924 1300.,14
"..\He 6481 (2,2_3_0136.jpg",left,249,— Schitzin 924.,15
"..\He 6481 (2,2_3_0136.jpg",left,249,"— Schoncromer (Schoncremer, Scon-cromer) 637 924 1193.",16
"..\He 6481 (2,2_3_0136.jpg",left,249,— Schonebeke 924.,17
"..\He 6481 (2,2_3_0136.jpg",left,249,— Sconeborn 1280.,18
"..\He 6481 (2,2_3_0136.jpg",left,249,— Schonfurth 925.,19
"..\He 6481 (2,2_3_0136.jpg",left,249,— Schornagel v. N. Scharnagl.,20
"..\He 6481 (2,2_3_0136.jpg",left,249,— d. Schorne 22.,21
"..\He 6481 (2,2_3_0136.jpg",left,249,— Schottonis de Surburg 925.,22
"..\He 6481 (2,2_3_0136.jpg",left,249,— Scriber de Ulma 1296.,23
"..\He 6481 (2,2_3_0136.jpg",left,249,— Scristonis 881.,24
"..\He 6481 (2,2_3_0136.jpg",left,249,— Scroder 582.,25
"..\He 6481 (2,2_3_0136.jpg",left,249,— de Scronow d. Kula 560.,26
"..\He 6481 (2,2_3_0136.jpg",left,249,— Schuellen 12.,27
"..\He 6481 (2,2_3_0136.jpg",left,249,— Schuenhanis 925.,28
"..\He 6481 (2,2_3_0136.jpg",left,249,— Schuler 1099.,29
"..\He 6481 (2,2_3_0136.jpg",left,249,— Schulmeister 152.,30
"..\He 6481 (2,2_3_0136.jpg",left,249,— Sculteti 193.,31
"..\He 6481 (2,2_3_0136.jpg",left,249,— Sculteti de Prusnitz 925.,32
"..\He 6481 (2,2_3_0136.jpg",left,249,— Schutten 925.,33
"..\He 6481 (2,2_3_0136.jpg",left,249,— Seckel (Seckil) 925 1133.,34
"..\He 6481 (2,2_3_0136.jpg",left,249,— Sechler 1412.,35
"..\He 6481 (2,2_3_0136.jpg",left,249,— Seyler 794.,36
"..\He 6481 (2,2_3_0136.jpg",left,249,"— de Selyn (Salmz, Selm, Selmz) 17 20 30 925.",37
"..\He 6481 (2,2_3_0136.jpg",left,249,— Serratoris de Mueta (Mura) 926.,38
"..\He 6481 (2,2_3_0136.jpg",left,249,— Setzerebe 428.,39
"..\He 6481 (2,2_3_0136.jpg",left,249,— Symer (Sinner) 926.,40
"..\He 6481 (2,2_3_0136.jpg",left,249,— Symonis 926 1192 1194.,41
"..\He 6481 (2,2_3_0136.jpg",left,249,— Slegel 926.,42
"..\He 6481 (2,2_3_0136.jpg",left,249,— Slegil 926.,43
"..\He 6481 (2,2_3_0136.jpg",left,249,— d. Slichting 527 927.,44
"..\He 6481 (2,2_3_0136.jpg",left,249,— de Slinghelant 927.,45
"..\He 6481 (2,2_3_0136.jpg",left,249,— Sluckendorp 550.,46
"..\He 6481 (2,2_3_0136.jpg",left,249,— Sluker 54.,47
"..\He 6481 (2,2_3_0136.jpg",left,249,— de Slugoczino 920.,48
"..\He 6481 (2,2_3_0136.jpg",left,249,— Sluwen 150.,49
"..\He 6481 (2,2_3_0136.jpg",left,249,— Smaltzer 185.,50
"..\He 6481 (2,2_3_0137.jpg",left,251,Nicolaus Swane de Fredeberg 930 1296.,1
"..\He 6481 (2,2_3_0137.jpg",left,251,— de Swanenberg 1175.,2
"..\He 6481 (2,2_3_0137.jpg",left,251,— d. Swynde de Grunnenberg 771.,3
"..\He 6481 (2,2_3_0137.jpg",left,251,— Swop 931.,4
"..\He 6481 (2,2_3_0137.jpg",left,251,— Szyre 931.,5
"..\He 6481 (2,2_3_0137.jpg",left,251,— Tamendorp (Tammendorp) 299 382 931 973 1269.,6
"..\He 6481 (2,2_3_0137.jpg",left,251,— Teyer 931.,7
"..\He 6481 (2,2_3_0137.jpg",left,251,— Theoderici de Rittelow 931.,8
"..\He 6481 (2,2_3_0137.jpg",left,251,— Tylo 1412.,9
"..\He 6481 (2,2_3_0137.jpg",left,251,— Tilusch de Brega 931 1296.,10
"..\He 6481 (2,2_3_0137.jpg",left,251,— Thyme 130.,11
"..\He 6481 (2,2_3_0137.jpg",left,251,— Titzkonis 1287 1411.,12
"..\He 6481 (2,2_3_0137.jpg",left,251,— Thome de Kczina 1412.,13
"..\He 6481 (2,2_3_0137.jpg",left,251,— Thome de Epternaco 932 1297.,14
"..\He 6481 (2,2_3_0137.jpg",left,251,— Tornator (Tornatoris) 640 1297.,15
"..\He 6481 (2,2_3_0137.jpg",left,251,— ep. Tribin. 310.,16
"..\He 6481 (2,2_3_0137.jpg",left,251,— Tribuzees 932.,17
"..\He 6481 (2,2_3_0137.jpg",left,251,— d. Tuckezuert 1398.,18
"..\He 6481 (2,2_3_0137.jpg",left,251,— de Tundo 1260.,19
"..\He 6481 (2,2_3_0137.jpg",left,251,— de Turri 932.,20
"..\He 6481 (2,2_3_0137.jpg",left,251,— Twarg 932.,21
"..\He 6481 (2,2_3_0137.jpg",left,251,— Tzabel 1412.,22
"..\He 6481 (2,2_3_0137.jpg",left,251,— Tzerzil v. N. Czertil.,23
"..\He 6481 (2,2_3_0137.jpg",left,251,— Tziko 1078.,24
"..\He 6481 (2,2_3_0137.jpg",left,251,— Uberionui de Morgres v. N. Wirion.,25
"..\He 6481 (2,2_3_0137.jpg",left,251,— Ubislai de Ossek 76.,26
"..\He 6481 (2,2_3_0137.jpg",left,251,— Ulinger 1297.,27
"..\He 6481 (2,2_3_0137.jpg",left,251,— Ulrici Gotschler 1412.,28
"..\He 6481 (2,2_3_0137.jpg",left,251,— Ungelter 380.,29
"..\He 6481 (2,2_3_0137.jpg",left,251,— Ungeroten 933.,30
"..\He 6481 (2,2_3_0137.jpg",left,251,"— de Unhorst, el. Laventin. 933 1121.",31
"..\He 6481 (2,2_3_0137.jpg",left,251,— Untervelt 933.,32
"..\He 6481 (2,2_3_0137.jpg",left,251,— Upas (Uponis) 1270 1287.,33
"..\He 6481 (2,2_3_0137.jpg",left,251,— de Walavia v. N. de Wolavia.,34
"..\He 6481 (2,2_3_0137.jpg",left,251,— Wale de superiori Heymbach 933.,35
"..\He 6481 (2,2_3_0137.jpg",left,251,— Wamekowe 933.,36
"..\He 6481 (2,2_3_0137.jpg",left,251,— Wanger 934.,37
"..\He 6481 (2,2_3_0137.jpg",left,251,— ep. Varnen. 891.,38
"..\He 6481 (2,2_3_0137.jpg",left,251,— Warneri 107 (cf. N. Wernheri).,39
"..\He 6481 (2,2_3_0137.jpg",left,251,— de Wasserburga 305.,40
"..\He 6481 (2,2_3_0137.jpg",left,251,— Weyse (Weisz) de Nuremberga (Nuernberga) 176 485.,41
"..\He 6481 (2,2_3_0137.jpg",left,251,— de Weissenpach 934.,42
"..\He 6481 (2,2_3_0137.jpg",left,251,— Weyszze 1124.,43
"..\He 6481 (2,2_3_0137.jpg",left,251,— Weisznere 1412.,44
"..\He 6481 (2,2_3_0137.jpg",left,251,— Venatoris d. Lohelin (Loel) de Lichtenberg 423 934.,45
"..\He 6481 (2,2_3_0137.jpg",left,251,— Wenceslai de Wronin 1412.,46
"..\He 6481 (2,2_3_0137.jpg",left,251,— Werinbart 934.,47
"..\He 6481 (2,2_3_0137.jpg",left,251,— Wernheri (Bernheri) 935,48
"..\He 6481 (2,2_3_0137.jpg",right,252,Nicolaus de W[e]sebaden 22.,1
"..\He 6481 (2,2_3_0137.jpg",right,252,— Westfali 935.,2
"..\He 6481 (2,2_3_0137.jpg",right,252,— W[e]tzflar 935.,3
"..\He 6481 (2,2_3_0137.jpg",right,252,— Wezel 935.,4
"..\He 6481 (2,2_3_0137.jpg",right,252,— de Widern 691.,5
"..\He 6481 (2,2_3_0137.jpg",right,252,— prep. eccl. s. Widonis Spiren. 1219.,6
"..\He 6481 (2,2_3_0137.jpg",right,252,— Wigelini 7.,7
"..\He 6481 (2,2_3_0137.jpg",right,252,— Wigrich de Randelzwilr 1297.,8
"..\He 6481 (2,2_3_0137.jpg",right,252,— Wilkan 848.,9
"..\He 6481 (2,2_3_0137.jpg",right,252,— Wilkische 336.,10
"..\He 6481 (2,2_3_0137.jpg",right,252,— Wilde 98 935 1150.,11
"..\He 6481 (2,2_3_0137.jpg",right,252,— de Wildeshusen 826.,12
"..\He 6481 (2,2_3_0137.jpg",right,252,— de Wynetz 559.,13
"..\He 6481 (2,2_3_0137.jpg",right,252,— Winre (Wynre) 543 632 935 990 1174 1258.,14
"..\He 6481 (2,2_3_0137.jpg",right,252,— Vinther 142.,15
"..\He 6481 (2,2_3_0137.jpg",right,252,— Wirion de Mogria 933 936.,16
"..\He 6481 (2,2_3_0137.jpg",right,252,— Wirtz 936.,17
"..\He 6481 (2,2_3_0137.jpg",right,252,— Wispeleu 125.,18
"..\He 6481 (2,2_3_0137.jpg",right,252,— d. Wisseling de Vyseuburg 936.,19
"..\He 6481 (2,2_3_0137.jpg",right,252,— Wiszee 936.,20
"..\He 6481 (2,2_3_0137.jpg",right,252,— de Witkersheim 936.,21
"..\He 6481 (2,2_3_0137.jpg",right,252,— ep. Vitricen. 755.,22
"..\He 6481 (2,2_3_0137.jpg",right,252,— Vitrificis 504 681 936.,23
"..\He 6481 (2,2_3_0137.jpg",right,252,— Witte 141.,24
"..\He 6481 (2,2_3_0137.jpg",right,252,— ep. Wladislav. v. N. ep. Poznan.,25
"..\He 6481 (2,2_3_0137.jpg",right,252,— can. Wladislav. 999 (cf. N. de Jasona).,26
"..\He 6481 (2,2_3_0137.jpg",right,252,— scolast. Wladislav. 999.,27
"..\He 6481 (2,2_3_0137.jpg",right,252,— Wlostiborii 1287.,28
"..\He 6481 (2,2_3_0137.jpg",right,252,— d. Woyt 1010.,29
"..\He 6481 (2,2_3_0137.jpg",right,252,"— de Wolavia (Olavia, Volavia, Vulavia, Walavia) 55 229 230 539 636 698 701 810 936 981 1152 1297.",30
"..\He 6481 (2,2_3_0137.jpg",right,252,— Wolfskele 1251.,31
"..\He 6481 (2,2_3_0137.jpg",right,252,— de Wratislavia 937.,32
"..\He 6481 (2,2_3_0137.jpg",right,252,— Wressen 937.,33
"..\He 6481 (2,2_3_0137.jpg",right,252,— Wuest 1297.,34
"..\He 6481 (2,2_3_0137.jpg",right,252,— de Vulavia v. N. de Wolavia.,35
"..\He 6481 (2,2_3_0137.jpg",right,252,— Wulfram 937.,36
"..\He 6481 (2,2_3_0137.jpg",right,252,— Wusner 937.,37
"..\He 6481 (2,2_3_0137.jpg",right,252,— Zaksa 1004.,38
"..\He 6481 (2,2_3_0137.jpg",right,252,— Zarbrecht de Lemberg 938.,39
"..\He 6481 (2,2_3_0137.jpg",right,252,— Zeghenrit 938.,40
"..\He 6481 (2,2_3_0137.jpg",right,252,— Zel 938.,41
"..\He 6481 (2,2_3_0137.jpg",right,252,— Czelder de Trebnicz 1264.,42
"..\He 6481 (2,2_3_0137.jpg",right,252,— Zenner 938.,43
"..\He 6481 (2,2_3_0137.jpg",right,252,— Zenczidi 1197.,44
"..\He 6481 (2,2_3_0137.jpg",right,252,"— Czertil (Czertel, Tzerzil) de Heilgenwil 347 932 1340.",45
"..\He 6481 (2,2_3_0137.jpg",right,252,— Czigelcri (Czigelcr) 938 961.,46
"..\He 6481 (2,2_3_0137.jpg",right,252,— de Czindal 1149 1434.,47
"..\He 6481 (2,2_3_0137.jpg",right,252,— Czolner de Wesalia 938.,48
"..\He 6481 (2,2_3_0138.jpg",left,253,Nicolaus d. Zoost 820.,1
"..\He 6481 (2,2_3_0138.jpg",left,253,— Zuermont 1413.,2
"..\He 6481 (2,2_3_0138.jpg",left,253,Nicoletta Johannis Rubeti 308.,3
"..\He 6481 (2,2_3_0138.jpg",left,253,Nicolussius Johannis de Torso de Utino 939.,4
"..\He 6481 (2,2_3_0138.jpg",left,253,[. . .] Nidenstein 13.,5
"..\He 6481 (2,2_3_0138.jpg",left,253,Nysa de Sachsa 745 (v. Johannes de Salvelt).,6
"..\He 6481 (2,2_3_0138.jpg",left,253,Nodingus Nodingi 939.,7
"..\He 6481 (2,2_3_0138.jpg",left,253,Noel de Amberg 1432.,8
"..\He 6481 (2,2_3_0138.jpg",left,253,Nortbrach 221.,9
"..\He 6481 (2,2_3_0138.jpg",left,253,Oddo v. Otto.,10
"..\He 6481 (2,2_3_0138.jpg",left,253,Odeke 542 (v. Jacobus Jerici).,11
"..\He 6481 (2,2_3_0138.jpg",left,253,Odilia (Ottilia) Diealdescholteysssen de Selgenstad 942.,12
"..\He 6481 (2,2_3_0138.jpg",left,253,— 271 (v. Florentius de Barsilia).,13
"..\He 6481 (2,2_3_0138.jpg",left,253,— 948 (v. Jacobus de Valva).,14
"..\He 6481 (2,2_3_0138.jpg",left,253,— abba mon. s. Stephani Argent. 1246.,15
"..\He 6481 (2,2_3_0138.jpg",left,253,Odo v. Otto.,16
"..\He 6481 (2,2_3_0138.jpg",left,253,Odoricus Marci de Calapinis 942.,17
"..\He 6481 (2,2_3_0138.jpg",left,253,— Pauli de Ovena 942.,18
"..\He 6481 (2,2_3_0138.jpg",left,253,Offia (Offka) ducissa Opol. 942 1413.,19
"..\He 6481 (2,2_3_0138.jpg",left,253,Offinus de Slywen 58.,20
"..\He 6481 (2,2_3_0138.jpg",left,253,Ognabenus 812.,21
"..\He 6481 (2,2_3_0138.jpg",left,253,Oldagus Oldagi 942.,22
"..\He 6481 (2,2_3_0138.jpg",left,253,Oliverus de Maelstede 943.,23
"..\He 6481 (2,2_3_0138.jpg",left,253,— de Manderic 943.,24
"..\He 6481 (2,2_3_0138.jpg",left,253,Olon dus Olondi de Cloetinghe 1299.,25
"..\He 6481 (2,2_3_0138.jpg",left,253,Olricus v. Ulricus.,26
"..\He 6481 (2,2_3_0138.jpg",left,253,Onulfus 221.,27
"..\He 6481 (2,2_3_0138.jpg",left,253,Opatz Groszworm 848.,28
"..\He 6481 (2,2_3_0138.jpg",left,253,Opesco v. Apesco.,29
"..\He 6481 (2,2_3_0138.jpg",left,253,Opetzko Michaelis de Olavia 944.,30
"..\He 6481 (2,2_3_0138.jpg",left,253,Ordolfus v. Ortolfus.,31
"..\He 6481 (2,2_3_0138.jpg",left,253,Ortelinus Mansze 610 944.,32
"..\He 6481 (2,2_3_0138.jpg",left,253,Ortghisus Beren (Bere) 430 944.,33
"..\He 6481 (2,2_3_0138.jpg",left,253,Ortlinus Fruenlinger 944.,34
"..\He 6481 (2,2_3_0138.jpg",left,253,— d. Schifman 1140.,35
"..\He 6481 (2,2_3_0138.jpg",left,253,Orto Berwolf 1208.,36
"..\He 6481 (2,2_3_0138.jpg",left,253,— de Frisenheim 1083.,37
"..\He 6481 (2,2_3_0138.jpg",left,253,Ortolfus (Ordolfus) Diderici de Leinen 1247.,38
"..\He 6481 (2,2_3_0138.jpg",left,253,— el. Lavent. 24.,39
"..\He 6481 (2,2_3_0138.jpg",left,253,— Macher 303.,40
"..\He 6481 (2,2_3_0138.jpg",left,253,— de Ovensteten 14 23 206 239.,41
"..\He 6481 (2,2_3_0138.jpg",left,253,— prep. Salzburg. v. O. de Ovensteten.,42
"..\He 6481 (2,2_3_0138.jpg",left,253,— Senger de Polan 945.,43
"..\He 6481 (2,2_3_0138.jpg",left,253,— de Weytensteyn 945.,44
"..\He 6481 (2,2_3_0138.jpg",right,254,Ortwicus de Ortenberg 945.,1
"..\He 6481 (2,2_3_0138.jpg",right,254,Ortwinus 910.,2
"..\He 6481 (2,2_3_0138.jpg",right,254,— Hultzingot (Haltzengot) 490 945.,3
"..\He 6481 (2,2_3_0138.jpg",right,254,— Lupult de Omstad 945.,4
"..\He 6481 (2,2_3_0138.jpg",right,254,— Schuring de Sobernheim 945.,5
"..\He 6481 (2,2_3_0138.jpg",right,254,— de Suchem al. d. Kynen 946.,6
"..\He 6481 (2,2_3_0138.jpg",right,254,"Osanna d. Parspergerin, abba mon. in Hohenwart 946.",7
"..\He 6481 (2,2_3_0138.jpg",right,254,Ospertus Goys (Goisz) de Franckenberg (Frankinbergh) 834 946 1088.,8
"..\He 6481 (2,2_3_0138.jpg",right,254,"— de Seilheim (Selhem, Selheim) 946 1264 1424.",9
"..\He 6481 (2,2_3_0138.jpg",right,254,Oswaldus 311.,10
"..\He 6481 (2,2_3_0138.jpg",right,254,— Boscho (Bosch) 947 1413.,11
"..\He 6481 (2,2_3_0138.jpg",right,254,— Egglini al. Phirter 679 947 949.,12
"..\He 6481 (2,2_3_0138.jpg",right,254,— de Mangnburga 947.,13
"..\He 6481 (2,2_3_0138.jpg",right,254,— de Munthestein 947.,14
"..\He 6481 (2,2_3_0138.jpg",right,254,— Torringer 1299.,15
"..\He 6481 (2,2_3_0138.jpg",right,254,Otmar d. Terscont 947.,16
"..\He 6481 (2,2_3_0138.jpg",right,254,Ottakerus Meyerhofer 953.,17
"..\He 6481 (2,2_3_0138.jpg",right,254,Ottemannus (Ottemarus) Hermanni d. Richendal 947 1155.,18
"..\He 6481 (2,2_3_0138.jpg",right,254,Ottilia v. Odilia.,19
"..\He 6481 (2,2_3_0138.jpg",right,254,"Otto (Oddo, Odo, Otho) 52 950.",20
"..\He 6481 (2,2_3_0138.jpg",right,254,— 221.,21
"..\He 6481 (2,2_3_0138.jpg",right,254,— abb. mon. s. Albani e. m. Magunt. 164 948 1151.,22
"..\He 6481 (2,2_3_0138.jpg",right,254,— Amilii 1413.,23
"..\He 6481 (2,2_3_0138.jpg",right,254,"— de Bechlingen (Bechling, Bechslingen) 165 1072.",24
"..\He 6481 (2,2_3_0138.jpg",right,254,— de Berkoch 58.,25
"..\He 6481 (2,2_3_0138.jpg",right,254,— Bessrer de Ulma 948.,26
"..\He 6481 (2,2_3_0138.jpg",right,254,— de Beuthen 948.,27
"..\He 6481 (2,2_3_0138.jpg",right,254,"— de Bodendick (Bodendyk, Bodendieck, Bodendike) 460 1080 1313.",28
"..\He 6481 (2,2_3_0138.jpg",right,254,— marchio Brandeburg. 821.,29
"..\He 6481 (2,2_3_0138.jpg",right,254,— aep. Bremen. v. O. ep. Verden.,30
"..\He 6481 (2,2_3_0138.jpg",right,254,— iunior dux Brunswic. 23 (450 ?).,31
"..\He 6481 (2,2_3_0138.jpg",right,254,— dux Brunswic. 837 (1056 ?).,32
"..\He 6481 (2,2_3_0138.jpg",right,254,— dux Brunswic. 1190.,33
"..\He 6481 (2,2_3_0138.jpg",right,254,— dux Brunswic. et princeps Tarent. 507 (1056 ?).,34
"..\He 6481 (2,2_3_0138.jpg",right,254,— de Bulfesheim 948.,35
"..\He 6481 (2,2_3_0138.jpg",right,254,— de Calumpna v. O. de Columpna.,36
"..\He 6481 (2,2_3_0138.jpg",right,254,— de Kettelitz 738.,37
"..\He 6481 (2,2_3_0138.jpg",right,254,— com. de Kirberg 948.,38
"..\He 6481 (2,2_3_0138.jpg",right,254,— baro de Kitlitz 948.,39
"..\He 6481 (2,2_3_0138.jpg",right,254,— prep. Colon. 397.,40
"..\He 6481 (2,2_3_0138.jpg",right,254,"— de Columpna (Calumpna, Calumpnia, Columna), tit. S. Georgii ad Velum aureum diac. card. 45 163 172 241 586 671 948 1194 1287 1298 1413 1416.",41
"..\He 6481 (2,2_3_0139.jpg",left,255,Otto Kotzner de Smeytach 948.,1
"..\He 6481 (2,2_3_0139.jpg",left,255,— ep. Curon. 949.,2
"..\He 6481 (2,2_3_0139.jpg",left,255,— Damis 824.,3
"..\He 6481 (2,2_3_0139.jpg",left,255,— de Dymeringa 903.,4
"..\He 6481 (2,2_3_0139.jpg",left,255,— de Donyn 949.,5
"..\He 6481 (2,2_3_0139.jpg",left,255,— abb. mon. Ebrac. 23.,6
"..\He 6481 (2,2_3_0139.jpg",left,255,— de Eglofstein (Egloffstein) 200 850 949 1377.,7
"..\He 6481 (2,2_3_0139.jpg",left,255,— de Ernfels 716.,8
"..\He 6481 (2,2_3_0139.jpg",left,255,— de Falkenberg (Falkinberg) 185 802 1413.,9
"..\He 6481 (2,2_3_0139.jpg",left,255,"— ep. Verden., aep. Bremen. 23 141 266 341 438 483 582 592 891 944 949 1046 1093 1252 1299 1342.",10
"..\He 6481 (2,2_3_0139.jpg",left,255,— d. Fleischman 950.,11
"..\He 6481 (2,2_3_0139.jpg",left,255,— de Voerdis v. O. de Werdis.,12
"..\He 6481 (2,2_3_0139.jpg",left,255,— Vogt 190.,13
"..\He 6481 (2,2_3_0139.jpg",left,255,— Frederici dux Brunswic. 761 950 1190.,14
"..\He 6481 (2,2_3_0139.jpg",left,255,— Frey 796.,15
"..\He 6481 (2,2_3_0139.jpg",left,255,— Funken 848.,16
"..\He 6481 (2,2_3_0139.jpg",left,255,— de Geneppe 1096.,17
"..\He 6481 (2,2_3_0139.jpg",left,255,— tit. s. Georgii ad Velum Aureum diac. card. v. O. de Columna.,18
"..\He 6481 (2,2_3_0139.jpg",left,255,— d. Gradner 657.,19
"..\He 6481 (2,2_3_0139.jpg",left,255,— Grapen 950.,20
"..\He 6481 (2,2_3_0139.jpg",left,255,— de Gruszpach 437 950.,21
"..\He 6481 (2,2_3_0139.jpg",left,255,— de Guberstat (Gubirstad) 1083 1312.,22
"..\He 6481 (2,2_3_0139.jpg",left,255,— dec. Gurc. 1114.,23
"..\He 6481 (2,2_3_0139.jpg",left,255,— de Guszpach v. O. de Gruszpach.,24
"..\He 6481 (2,2_3_0139.jpg",left,255,— Gutkint de Wett ere 950.,25
"..\He 6481 (2,2_3_0139.jpg",left,255,— ep. Havelberg. 703 950 1298.,26
"..\He 6481 (2,2_3_0139.jpg",left,255,— com. de Halremund 1340.,27
"..\He 6481 (2,2_3_0139.jpg",left,255,— de Harstorp 951.,28
"..\He 6481 (2,2_3_0139.jpg",left,255,— Heghler 951.,29
"..\He 6481 (2,2_3_0139.jpg",left,255,— Heyden baro de Donyn 842 951.,30
"..\He 6481 (2,2_3_0139.jpg",left,255,— Hemerlein 951.,31
"..\He 6481 (2,2_3_0139.jpg",left,255,"— Henrici de Honsten (Honsteyn), ep. Merseburg. 383 678 951.",32
"..\He 6481 (2,2_3_0139.jpg",left,255,— ep. Herbipol. 139 1195.,33
"..\He 6481 (2,2_3_0139.jpg",left,255,— de Hessen 101.,34
"..\He 6481 (2,2_3_0139.jpg",left,255,— de Hoghen 952.,35
"..\He 6481 (2,2_3_0139.jpg",left,255,— de Hohenvels 952.,36
"..\He 6481 (2,2_3_0139.jpg",left,255,— com. in Hoya 954.,37
"..\He 6481 (2,2_3_0139.jpg",left,255,— de Honsteyn v. O. Henrici de Honsten.,38
"..\He 6481 (2,2_3_0139.jpg",left,255,— Hospekh 952.,39
"..\He 6481 (2,2_3_0139.jpg",left,255,— de Ileborg (Yleburg) 503 637.,40
"..\He 6481 (2,2_3_0139.jpg",left,255,— Johannis Witerok 1413.,41
"..\He 6481 (2,2_3_0139.jpg",left,255,— de Isendael 952.,42
"..\He 6481 (2,2_3_0139.jpg",left,255,— de Ysendoren v. O. Ottonis de Ysendaren.,43
"..\He 6481 (2,2_3_0139.jpg",left,255,— de Laghe 1303.,44
"..\He 6481 (2,2_3_0133.jpg",right,244,Nicolaus Jacobi Palavcini de Janua 699.,1
"..\He 6481 (2,2_3_0133.jpg",right,244,— Jacomardi 672.,2
"..\He 6481 (2,2_3_0133.jpg",right,244,— Janconis de Strelitz 906.,3
"..\He 6481 (2,2_3_0133.jpg",right,244,— de Jassona (Jessona) 763 774 1294.,4
"..\He 6481 (2,2_3_0133.jpg",right,244,— Jatussii de Staw 906.,5
"..\He 6481 (2,2_3_0133.jpg",right,244,— Ibani de Brunneka 1132.,6
"..\He 6481 (2,2_3_0133.jpg",right,244,— Jeckelini Sculteti de Lutzelstein 906.,7
"..\He 6481 (2,2_3_0133.jpg",right,244,— Jeskonis de Monsterberg 906.,8
"..\He 6481 (2,2_3_0133.jpg",right,244,— de Jessona v. N. de Jassona.,9
"..\He 6481 (2,2_3_0133.jpg",right,244,— de Imola 906.,10
"..\He 6481 (2,2_3_0133.jpg",right,244,— Ingelbrecht 908.,11
"..\He 6481 (2,2_3_0133.jpg",right,244,— de Insula 267 399 456 578 630 845 866 907 910 1195 1284 1294.,12
"..\He 6481 (2,2_3_0133.jpg",right,244,— d. Jode (Jodde) 908 973.,13
"..\He 6481 (2,2_3_0133.jpg",right,244,— Johannis 909.,14
"..\He 6481 (2,2_3_0133.jpg",right,244,— Johannis 1418.,15
"..\He 6481 (2,2_3_0133.jpg",right,244,— Johannis de Albeck 1294.,16
"..\He 6481 (2,2_3_0133.jpg",right,244,— Johannis Both 1311.,17
"..\He 6481 (2,2_3_0133.jpg",right,244,— Johannis de Kandczizino 1294.,18
"..\He 6481 (2,2_3_0133.jpg",right,244,— Johannis Carentarii de Magnovermolio 908.,19
"..\He 6481 (2,2_3_0133.jpg",right,244,— Johannis de Conopniza 908.,20
"..\He 6481 (2,2_3_0133.jpg",right,244,— Johannis de Ezlewings (Czlewings) 908 909.,21
"..\He 6481 (2,2_3_0133.jpg",right,244,— Johannis d. Grin (Grun) 908.,22
"..\He 6481 (2,2_3_0133.jpg",right,244,— Johannis Hamersdorff de Heylsberg 909.,23
"..\He 6481 (2,2_3_0133.jpg",right,244,— Johannis Losten de Floremilla 909.,24
"..\He 6481 (2,2_3_0133.jpg",right,244,— abb. mon. s. Johannis ev. in Michelvelt 1170.,25
"..\He 6481 (2,2_3_0133.jpg",right,244,— Johannis Sculteti de Husen 1294.,26
"..\He 6481 (2,2_3_0133.jpg",right,244,— Johannis Stille de Wansow 1410.,27
"..\He 6481 (2,2_3_0133.jpg",right,244,— Johannis Vasatoris 909.,28
"..\He 6481 (2,2_3_0133.jpg",right,244,— Johannis de Czlewings v. N. J. de Ezlewings.,29
"..\He 6481 (2,2_3_0133.jpg",right,244,— Isaak (Ysaak) 901 1294 1314.,30
"..\He 6481 (2,2_3_0133.jpg",right,244,— Jude 318.,31
"..\He 6481 (2,2_3_0133.jpg",right,244,— Junczorn 874.,32
"..\He 6481 (2,2_3_0133.jpg",right,244,— de Lantstein 620.,33
"..\He 6481 (2,2_3_0133.jpg",right,244,— de Lapide 887 909 1149.,34
"..\He 6481 (2,2_3_0133.jpg",right,244,— Last 175 909.,35
"..\He 6481 (2,2_3_0133.jpg",right,244,— Laurentii de Bodzanaw 910.,36
"..\He 6481 (2,2_3_0133.jpg",right,244,— Laurini de Aschaffinburg 253.,37
"..\He 6481 (2,2_3_0133.jpg",right,244,— Lauttirgeyst 537.,38
"..\He 6481 (2,2_3_0133.jpg",right,244,— de Lavilla de Glemomia 1053.,39
"..\He 6481 (2,2_3_0133.jpg",right,244,— Lembergh 956.,40
"..\He 6481 (2,2_3_0133.jpg",right,244,— de Lemchin 164.,41
"..\He 6481 (2,2_3_0133.jpg",right,244,— Lenken 910.,42
"..\He 6481 (2,2_3_0133.jpg",right,244,— Lengefelt 910.,43
"..\He 6481 (2,2_3_0133.jpg",right,244,— Lestlenchier (Lestlenger) 22.,44
"..\He 6481 (2,2_3_0133.jpg",right,244,— Lewenborch 910.,45
"..\He 6481 (2,2_3_0140.jpg",left,257,Otto Ullini 956.,1
"..\He 6481 (2,2_3_0140.jpg",left,257,"— de Weiseneck (Weysgeneck, Wesenek) 294 754.",2
"..\He 6481 (2,2_3_0140.jpg",left,257,— de Werdis (Voerdis) 877 1105.,3
"..\He 6481 (2,2_3_0140.jpg",left,257,— Wolff 956 1299 1310.,4
"..\He 6481 (2,2_3_0140.jpg",left,257,— de Wuldersdorff 1298.,5
"..\He 6481 (2,2_3_0140.jpg",left,257,— Czebussen 191.,6
"..\He 6481 (2,2_3_0140.jpg",left,257,— de Zegenhain 1414.,7
"..\He 6481 (2,2_3_0140.jpg",left,257,— de Czwakaw 956.,8
"..\He 6481 (2,2_3_0140.jpg",left,257,Ottokar Thumayer 340.,9
"..\He 6481 (2,2_3_0140.jpg",left,257,Ousso 944.,10
"..\He 6481 (2,2_3_0140.jpg",left,257,Pacius de Aquila 1277.,11
"..\He 6481 (2,2_3_0140.jpg",left,257,Pancius de Thamalonis 684.,12
"..\He 6481 (2,2_3_0140.jpg",left,257,Pantaleon Mayer 601.,13
"..\He 6481 (2,2_3_0140.jpg",left,257,Paridanus Pistoris 992.,14
"..\He 6481 (2,2_3_0140.jpg",left,257,Pasqualis dec. Feltren. 761.,15
"..\He 6481 (2,2_3_0140.jpg",left,257,Paszko Heres de Gogelewo 957.,16
"..\He 6481 (2,2_3_0140.jpg",left,257,Patricius Ohykyga 958 1063.,17
"..\He 6481 (2,2_3_0140.jpg",left,257,Patzoldus Nicolai de Sochatzewo 958.,18
"..\He 6481 (2,2_3_0140.jpg",left,257,Paulina 1343 (v. Clemens Coprziwna).,19
"..\He 6481 (2,2_3_0140.jpg",left,257,Paulus 514.,20
"..\He 6481 (2,2_3_0140.jpg",left,257,— 959.,21
"..\He 6481 (2,2_3_0140.jpg",left,257,— v. P. de Pecheldesdorf.,22
"..\He 6481 (2,2_3_0140.jpg",left,257,— Ade de Cruchow 958.,23
"..\He 6481 (2,2_3_0140.jpg",left,257,— de Alve 958.,24
"..\He 6481 (2,2_3_0140.jpg",left,257,— Andree de Olewyno 958.,25
"..\He 6481 (2,2_3_0140.jpg",left,257,— Andree Polhaimer (Polheymer) 959 962.,26
"..\He 6481 (2,2_3_0140.jpg",left,257,— Arnoldi de Clotinghe 1299.,27
"..\He 6481 (2,2_3_0140.jpg",left,257,— Bolestede Bonewo 1414.,28
"..\He 6481 (2,2_3_0140.jpg",left,257,— de Budiis 854.,29
"..\He 6481 (2,2_3_0140.jpg",left,257,— ep. Calcedon. 840.,30
"..\He 6481 (2,2_3_0140.jpg",left,257,— de Castellrut 959.,31
"..\He 6481 (2,2_3_0140.jpg",left,257,— Chastner de Muldorf 1127.,32
"..\He 6481 (2,2_3_0140.jpg",left,257,— Ketterlin (Kethhulen) 1299 1383.,33
"..\He 6481 (2,2_3_0140.jpg",left,257,— Kindervader 1414.,34
"..\He 6481 (2,2_3_0140.jpg",left,257,— Churtz 959.,35
"..\He 6481 (2,2_3_0140.jpg",left,257,— Kuttenerde Erfirstorff 1300.,36
"..\He 6481 (2,2_3_0140.jpg",left,257,— Deyckwek de Frideberg 959.,37
"..\He 6481 (2,2_3_0140.jpg",left,257,— Deygweg (Deygwer) de Franckfordia 1153.,38
"..\He 6481 (2,2_3_0140.jpg",left,257,— Vinck 959.,39
"..\He 6481 (2,2_3_0140.jpg",left,257,— ep. Frising. 19.,40
"..\He 6481 (2,2_3_0140.jpg",left,257,— Galli de Costa 959.,41
"..\He 6481 (2,2_3_0140.jpg",left,257,— (Paulinus) Hanko (Xankonis) de Grodzisko (Crodzisko) 64 552.,42
"..\He 6481 (2,2_3_0140.jpg",left,257,— Helfendorfer 377 598 959.,43
"..\He 6481 (2,2_3_0140.jpg",left,257,— Henrici 697 960.,44
"..\He 6481 (2,2_3_0140.jpg",left,257,— Holdel 706.,45
"..\He 6481 (2,2_3_0140.jpg",right,258,Paulus Hornbock 960.,1
"..\He 6481 (2,2_3_0140.jpg",right,258,— Johannis 1414.,2
"..\He 6481 (2,2_3_0140.jpg",right,258,— Johannis de Oekinskerke 960.,3
"..\He 6481 (2,2_3_0140.jpg",right,258,— Johannis de Peritolezdorf 23.,4
"..\He 6481 (2,2_3_0140.jpg",right,258,— Johannis de Utenheim 960.,5
"..\He 6481 (2,2_3_0140.jpg",right,258,— de Juvenacio v. P. de Planta de J.,6
"..\He 6481 (2,2_3_0140.jpg",right,258,— Lenkener 1300.,7
"..\He 6481 (2,2_3_0140.jpg",right,258,— Leslaw 960 1292.,8
"..\He 6481 (2,2_3_0140.jpg",right,258,— abb. mon. Luben. 960.,9
"..\He 6481 (2,2_3_0140.jpg",right,258,— Meindlini 960.,10
"..\He 6481 (2,2_3_0140.jpg",right,258,— de Melsakh 960.,11
"..\He 6481 (2,2_3_0140.jpg",right,258,— Michaelis 960.,12
"..\He 6481 (2,2_3_0140.jpg",right,258,— Monetarii 961 1300.,13
"..\He 6481 (2,2_3_0140.jpg",right,258,— Nankeri de Virzchovow 961.,14
"..\He 6481 (2,2_3_0140.jpg",right,258,— Nepronis 229 961.,15
"..\He 6481 (2,2_3_0140.jpg",right,258,— Nicolai Sczhemla 961.,16
"..\He 6481 (2,2_3_0140.jpg",right,258,— Nopel 547 629 961.,17
"..\He 6481 (2,2_3_0140.jpg",right,258,— de Paganis 1027 1310.,18
"..\He 6481 (2,2_3_0140.jpg",right,258,— Pauli Carnificis de Welsa 961.,19
"..\He 6481 (2,2_3_0140.jpg",right,258,— de Pecheldesdorff 195 798.,20
"..\He 6481 (2,2_3_0140.jpg",right,258,— Petri Mentzel 962.,21
"..\He 6481 (2,2_3_0140.jpg",right,258,— de Planta de Juvenacio 962 1090 1226.,22
"..\He 6481 (2,2_3_0140.jpg",right,258,— Polheymer v. P. Andree.,23
"..\He 6481 (2,2_3_0140.jpg",right,258,— Prezedwogy de Covetzpole 1300.,24
"..\He 6481 (2,2_3_0140.jpg",right,258,— de Prussia 962.,25
"..\He 6481 (2,2_3_0140.jpg",right,258,— de Renach 1305.,26
"..\He 6481 (2,2_3_0140.jpg",right,258,— Rudigerstorf 851.,27
"..\He 6481 (2,2_3_0140.jpg",right,258,— Ruwin 802.,28
"..\He 6481 (2,2_3_0140.jpg",right,258,— Schamborn 1290.,29
"..\He 6481 (2,2_3_0140.jpg",right,258,— Schellindorff 780.,30
"..\He 6481 (2,2_3_0140.jpg",right,258,— Scriptoris de Tekendorff 962.,31
"..\He 6481 (2,2_3_0140.jpg",right,258,— Senft de Aspang 962.,32
"..\He 6481 (2,2_3_0140.jpg",right,258,— de Septemfratribus 399.,33
"..\He 6481 (2,2_3_0140.jpg",right,258,"— de Slachtzino (Slachzino, Paulus Slochi de Poznania) 636 785 981 1291.",34
"..\He 6481 (2,2_3_0140.jpg",right,258,— Sosso 1274.,35
"..\He 6481 (2,2_3_0140.jpg",right,258,— Stangil 23.,36
"..\He 6481 (2,2_3_0140.jpg",right,258,— de Terano 907.,37
"..\He 6481 (2,2_3_0140.jpg",right,258,— Tosso 962.,38
"..\He 6481 (2,2_3_0140.jpg",right,258,— Tungen 962.,39
"..\He 6481 (2,2_3_0140.jpg",right,258,— Werder 962.,40
"..\He 6481 (2,2_3_0140.jpg",right,258,— Willendorfer 1115.,41
"..\He 6481 (2,2_3_0140.jpg",right,258,— Winkelmann 216 963.,42
"..\He 6481 (2,2_3_0140.jpg",right,258,— Windisheim de Dreseden 963.,43
"..\He 6481 (2,2_3_0140.jpg",right,258,— Wladimir 963.,44
"..\He 6481 (2,2_3_0140.jpg",right,258,— Wurffel 756.,45
"..\He 6481 (2,2_3_0140.jpg",right,258,— Xankonis v. P. Hanko.,46
"..\He 6481 (2,2_3_0140.jpg",right,258,— Czechow (de Czechowo) 963 1300.,47
"..\He 6481 (2,2_3_0140.jpg",right,258,Pavo ep. Polignan. 15 964.,48
"..\He 6481 (2,2_3_0140.jpg",right,258,— ep Tropien. 1116.,49
"..\He 6481 (2,2_3_0140.jpg",right,258,Pelca (Pelka) de Cossovicze 542.,50
"..\He 6481 (2,2_3_0140.jpg",right,258,— Janussii de Misslavitz 156 965.,51
"..\He 6481 (2,2_3_0139.jpg",right,256,Otto de Lapide 1299.,1
"..\He 6481 (2,2_3_0139.jpg",right,256,— Maidwisser 953.,2
"..\He 6481 (2,2_3_0139.jpg",right,256,— Martini Rup 953.,3
"..\He 6481 (2,2_3_0139.jpg",right,256,— baro de Meissaw 953.,4
"..\He 6481 (2,2_3_0139.jpg",right,256,— abb. mon. s. Michaelis Hildesem. 58.,5
"..\He 6481 (2,2_3_0139.jpg",right,256,— abb. mon. s. Michaelis Montismonachorum prope Brandebergam 10.,6
"..\He 6481 (2,2_3_0139.jpg",right,256,— Mildenitz 240.,7
"..\He 6481 (2,2_3_0139.jpg",right,256,— de Miltz (Milz) 63 291 318 367 375 628 691 700 840 864 953 1035 1044.,8
"..\He 6481 (2,2_3_0139.jpg",right,256,— ep. Minden. 23 51 375 413 506 758 841 846 954 (cf. O. de Reydberg).,9
"..\He 6481 (2,2_3_0139.jpg",right,256,— ep. Monast. 123 126 163 389 704 827 954 1067 1096 1242 1403.,10
"..\He 6481 (2,2_3_0139.jpg",right,256,— Newenhofer 619.,11
"..\He 6481 (2,2_3_0139.jpg",right,256,— Newnhauser (Norenhusser) 303 845.,12
"..\He 6481 (2,2_3_0139.jpg",right,256,— offic. Nuemburg. 1123.,13
"..\He 6481 (2,2_3_0139.jpg",right,256,— Nusperger 211.,14
"..\He 6481 (2,2_3_0139.jpg",right,256,— Ochim 1297.,15
"..\He 6481 (2,2_3_0139.jpg",right,256,— de Orsenen 23.,16
"..\He 6481 (2,2_3_0139.jpg",right,256,— de Ortzhoven (Ortzhofer) 166 954 1218.,17
"..\He 6481 (2,2_3_0139.jpg",right,256,— de Otinga 540.,18
"..\He 6481 (2,2_3_0139.jpg",right,256,— Othonis com. in Hoya 954.,19
"..\He 6481 (2,2_3_0139.jpg",right,256,— Ottonis de Ysendaren al. d. Dyehaze 954 1333.,20
"..\He 6481 (2,2_3_0139.jpg",right,256,— prep. Patav. 261.,21
"..\He 6481 (2,2_3_0139.jpg",right,256,— Perchtolshover 797.,22
"..\He 6481 (2,2_3_0139.jpg",right,256,"— de Reydbergh, ep. Minden. 954 1434.",23
"..\He 6481 (2,2_3_0139.jpg",right,256,— Reynerii de Hophenbach 311.,24
"..\He 6481 (2,2_3_0139.jpg",right,256,— de Rielitz 954.,25
"..\He 6481 (2,2_3_0139.jpg",right,256,— Ryschow 955.,26
"..\He 6481 (2,2_3_0139.jpg",right,256,— Roder 955.,27
"..\He 6481 (2,2_3_0139.jpg",right,256,— de Rotenstein 955.,28
"..\He 6481 (2,2_3_0139.jpg",right,256,— Rotzner 955.,29
"..\He 6481 (2,2_3_0139.jpg",right,256,— Rudolphi marchionis de Hochberg 955.,30
"..\He 6481 (2,2_3_0139.jpg",right,256,— de Russin 1300.,31
"..\He 6481 (2,2_3_0139.jpg",right,256,— Schenken de Sydow 796.,32
"..\He 6481 (2,2_3_0139.jpg",right,256,— Syboden de Ameneburg 955.,33
"..\He 6481 (2,2_3_0139.jpg",right,256,— Sneider 955.,34
"..\He 6481 (2,2_3_0139.jpg",right,256,— prep. eccl. Solien. 709.,35
"..\He 6481 (2,2_3_0139.jpg",right,256,— Spegel (Speyghel) 181 955.,36
"..\He 6481 (2,2_3_0139.jpg",right,256,— de Staindorf 246.,37
"..\He 6481 (2,2_3_0139.jpg",right,256,— Stegner 518.,38
"..\He 6481 (2,2_3_0139.jpg",right,256,— Steyner 955.,39
"..\He 6481 (2,2_3_0139.jpg",right,256,— de Stubenberg 956.,40
"..\He 6481 (2,2_3_0139.jpg",right,256,— de Sunthaim 307.,41
"..\He 6481 (2,2_3_0139.jpg",right,256,— Toppher 1295.,42
"..\He 6481 (2,2_3_0139.jpg",right,256,— Toppler 781.,43
"..\He 6481 (2,2_3_0139.jpg",right,256,— Truchsetz 320.,44
"..\He 6481 (2,2_3_0139.jpg",right,256,— de Thunen 956.,45
"..\He 6481 (2,2_3_0139.jpg",right,256,— de Twist 956.,46
"..\He 6481 (2,2_3_0141.jpg",left,259,"Pelegrinus (Pelgrimus, Peregrimus, Pilgrimus, Piligrimus) Coin 835.",1
"..\He 6481 (2,2_3_0141.jpg",left,259,— d. Cremer de Sutphania 965.,2
"..\He 6481 (2,2_3_0141.jpg",left,259,— de Vendis 645.,3
"..\He 6481 (2,2_3_0141.jpg",left,259,— de Vorden (Vorderen) 681 757 758.,4
"..\He 6481 (2,2_3_0141.jpg",left,259,— de Frisaco 965l.,5
"..\He 6481 (2,2_3_0141.jpg",left,259,— Heylvoet (Heywoc) de Kempen 325 965.,6
"..\He 6481 (2,2_3_0141.jpg",left,259,— Johannis d. Bilgrim 1204.,7
"..\He 6481 (2,2_3_0141.jpg",left,259,— aep. Salzeburg. 24 128 132 143 207 298 368 386 842 962 965 988 1059 1125 1264.,8
"..\He 6481 (2,2_3_0141.jpg",left,259,— abb. mon. Syberg. 25 965.,9
"..\He 6481 (2,2_3_0141.jpg",left,259,"Peltze (Peltza, Pella) Janussii v. Pelka. Peregrinus v. Pelegrinus.",10
"..\He 6481 (2,2_3_0141.jpg",left,259,Perengherius Perengherii de Melango Vallisannanie 115.,11
"..\He 6481 (2,2_3_0141.jpg",left,259,Perith 1168 (v. Vivianus baro de Simberch).,12
"..\He 6481 (2,2_3_0141.jpg",left,259,Pernhardus v. Bernhardus.,13
"..\He 6481 (2,2_3_0141.jpg",left,259,Pertha v. Berta.,14
"..\He 6481 (2,2_3_0141.jpg",left,259,Pertholdus v. Bertholdus.,15
"..\He 6481 (2,2_3_0141.jpg",left,259,Pessyko 944.,16
"..\He 6481 (2,2_3_0141.jpg",left,259,— de Klobak 943.,17
"..\He 6481 (2,2_3_0141.jpg",left,259,— de Chwalkowicz 944.,18
"..\He 6481 (2,2_3_0141.jpg",left,259,Petrasch Kwas 1149 1434.,19
"..\He 6481 (2,2_3_0141.jpg",left,259,Petraschius Nakotofsky 1148 1433.,20
"..\He 6481 (2,2_3_0141.jpg",left,259,Petronella 170 (v. Conrardus Capfenberger).,21
"..\He 6481 (2,2_3_0141.jpg",left,259,Petronilla 141 (v. Bonifacius Trabucherus).,22
"..\He 6481 (2,2_3_0141.jpg",left,259,— 966 (v. Wilhelmus Jacobi).,23
"..\He 6481 (2,2_3_0141.jpg",left,259,Petrus 155.,24
"..\He 6481 (2,2_3_0141.jpg",left,259,— 155.,25
"..\He 6481 (2,2_3_0141.jpg",left,259,— 196.,26
"..\He 6481 (2,2_3_0141.jpg",left,259,— 308.,27
"..\He 6481 (2,2_3_0141.jpg",left,259,— 361 810 984.,28
"..\He 6481 (2,2_3_0141.jpg",left,259,— 377.,29
"..\He 6481 (2,2_3_0141.jpg",left,259,— 445.,30
"..\He 6481 (2,2_3_0141.jpg",left,259,— 570.,31
"..\He 6481 (2,2_3_0141.jpg",left,259,— 999 1188.,32
"..\He 6481 (2,2_3_0141.jpg",left,259,— 1258.,33
"..\He 6481 (2,2_3_0141.jpg",left,259,"— v. P. de Ettore, P. de Leiten, P. de Stein.",34
"..\He 6481 (2,2_3_0141.jpg",left,259,— Abelszer de Ingelnheim 705 927 966 1149.,35
"..\He 6481 (2,2_3_0141.jpg",left,259,— Adalberti de Cobilino (Kabilino) 45 74 92 635 680 913 920 967 971 972.,36
"..\He 6481 (2,2_3_0141.jpg",left,259,— Addenspach de Wimpina 967.,37
"..\He 6481 (2,2_3_0141.jpg",left,259,"— Adolphi (Adulfi, Radulphi) de Goltb[. .] 967 1148.",38
"..\He 6481 (2,2_3_0141.jpg",left,259,— Alderman de Bopardia 1364 1374 1383 1414.,39
"..\He 6481 (2,2_3_0136.jpg",right,250,Nicolaus Smyt 1141.,1
"..\He 6481 (2,2_3_0136.jpg",right,250,— Soldani 1296.,2
"..\He 6481 (2,2_3_0136.jpg",right,250,— Sollen 240.,3
"..\He 6481 (2,2_3_0136.jpg",right,250,— d. Soltzclemen (Soltz Clemme) 1148 1433.,4
"..\He 6481 (2,2_3_0136.jpg",right,250,— abb. mon. in Sora 1037.,5
"..\He 6481 (2,2_3_0136.jpg",right,250,— Soro 1296.,6
"..\He 6481 (2,2_3_0136.jpg",right,250,— d. Sowia 963.,7
"..\He 6481 (2,2_3_0136.jpg",right,250,— Spachnider 991.,8
"..\He 6481 (2,2_3_0136.jpg",right,250,— d. Speychinger 927.,9
"..\He 6481 (2,2_3_0136.jpg",right,250,— de Spennberg 132.,10
"..\He 6481 (2,2_3_0136.jpg",right,250,— Sperer 1296.,11
"..\He 6481 (2,2_3_0136.jpg",right,250,— Sperling 399.,12
"..\He 6481 (2,2_3_0136.jpg",right,250,— Spiker 883 927.,13
"..\He 6481 (2,2_3_0136.jpg",right,250,— de Spilinbergo 927 1117.,14
"..\He 6481 (2,2_3_0136.jpg",right,250,— ep. Spiren. 80 148 202 278 601 694 695 757 927 1006 1077 1156.,15
"..\He 6481 (2,2_3_0136.jpg",right,250,— Spirling de Heilsberg 927.,16
"..\He 6481 (2,2_3_0136.jpg",right,250,— Sporer 928 1218.,17
"..\He 6481 (2,2_3_0136.jpg",right,250,— Springal de Urbeche (Urbech) 778 928.,18
"..\He 6481 (2,2_3_0136.jpg",right,250,— Stayner 928.,19
"..\He 6481 (2,2_3_0136.jpg",right,250,— Stanislai de Bobrek 928.,20
"..\He 6481 (2,2_3_0136.jpg",right,250,— Stanislai de Ditzitza 928.,21
"..\He 6481 (2,2_3_0136.jpg",right,250,— Stanislai de Getz 692.,22
"..\He 6481 (2,2_3_0136.jpg",right,250,— Stargarde 928.,23
"..\He 6481 (2,2_3_0136.jpg",right,250,— Stephani 929.,24
"..\He 6481 (2,2_3_0136.jpg",right,250,— Stephani d. Scalka 1050.,25
"..\He 6481 (2,2_3_0136.jpg",right,250,— Steyndorp 626.,26
"..\He 6481 (2,2_3_0136.jpg",right,250,— Stendal 928.,27
"..\He 6481 (2,2_3_0136.jpg",right,250,— Stentzer de Camentz 929.,28
"..\He 6481 (2,2_3_0136.jpg",right,250,— Stille de Wansaw 929.,29
"..\He 6481 (2,2_3_0136.jpg",right,250,— de Stogemole 929.,30
"..\He 6481 (2,2_3_0136.jpg",right,250,— Stoybe 1255.,31
"..\He 6481 (2,2_3_0136.jpg",right,250,— Stoll 476.,32
"..\He 6481 (2,2_3_0136.jpg",right,250,— Storch 385 929 1227.,33
"..\He 6481 (2,2_3_0136.jpg",right,250,— de Stowenborch 929.,34
"..\He 6481 (2,2_3_0136.jpg",right,250,— de Strasberg v. N. Strosberg.,35
"..\He 6481 (2,2_3_0136.jpg",right,250,— de Strelin 1301.,36
"..\He 6481 (2,2_3_0136.jpg",right,250,— de Strelitz 930 1410.,37
"..\He 6481 (2,2_3_0136.jpg",right,250,— Stresczonis de Lagewinky (N. Streczconis) 870 930.,38
"..\He 6481 (2,2_3_0136.jpg",right,250,— Strobecke 1240.,39
"..\He 6481 (2,2_3_0136.jpg",right,250,"— Strosberg (Strasberg, Strosberch, Strosperg) 22 542 635 930 1296.",40
"..\He 6481 (2,2_3_0136.jpg",right,250,— Stubenberg 437.,41
"..\He 6481 (2,2_3_0136.jpg",right,250,— Stump 930.,42
"..\He 6481 (2,2_3_0136.jpg",right,250,— Stunen 972.,43
"..\He 6481 (2,2_3_0136.jpg",right,250,— de Stupitz 84.,44
"..\He 6481 (2,2_3_0136.jpg",right,250,— Stuven 50.,45
"..\He 6481 (2,2_3_0136.jpg",right,250,— de Sultzbach 930.,46
"..\He 6481 (2,2_3_0136.jpg",right,250,— Sump 930.,47
"..\He 6481 (2,2_3_0136.jpg",right,250,— Swager 930.,48
"..\He 6481 (2,2_3_0141.jpg",right,260,Petrus Alhardi 968 1300.,1
"..\He 6481 (2,2_3_0141.jpg",right,260,— de Ammasia 319 968.,2
"..\He 6481 (2,2_3_0141.jpg",right,260,— de Amsterdam v. P. Splinter.,3
"..\He 6481 (2,2_3_0141.jpg",right,260,— Andree 1300.,4
"..\He 6481 (2,2_3_0141.jpg",right,260,— tit. s. Angeli diac. card. 1363 1369.,5
"..\He 6481 (2,2_3_0141.jpg",right,260,— Anibaldi de Stephanescis 968.,6
"..\He 6481 (2,2_3_0141.jpg",right,260,— precept. dom. s. Antonii Traiect. 968.,7
"..\He 6481 (2,2_3_0141.jpg",right,260,— Apothecarii de Franckenfordia 968.,8
"..\He 6481 (2,2_3_0141.jpg",right,260,— Apprecher 1300.,9
"..\He 6481 (2,2_3_0141.jpg",right,260,— ep. Aquen. 283.,10
"..\He 6481 (2,2_3_0141.jpg",right,260,— de Arluno 968.,11
"..\He 6481 (2,2_3_0141.jpg",right,260,"— Arnoldi d. Kekebaut (Kikebaut, Kikebaw) 369 611 643 968.",12
"..\He 6481 (2,2_3_0141.jpg",right,260,— Arnoldi de Gorstingen 968.,13
"..\He 6481 (2,2_3_0141.jpg",right,260,— de Bacharaco 175 444 969 1149.,14
"..\He 6481 (2,2_3_0141.jpg",right,260,— de Badenheimi (Bodenheim) 357 969.,15
"..\He 6481 (2,2_3_0141.jpg",right,260,— Bardelle 138.,16
"..\He 6481 (2,2_3_0141.jpg",right,260,— Bart 1301.,17
"..\He 6481 (2,2_3_0141.jpg",right,260,"— Bartholomeus de Misliborz, 969.",18
"..\He 6481 (2,2_3_0141.jpg",right,260,— Becker 1414.,19
"..\He 6481 (2,2_3_0141.jpg",right,260,— Bedigei 832.,20
"..\He 6481 (2,2_3_0141.jpg",right,260,— Begar de Tekendorf 969.,21
"..\He 6481 (2,2_3_0141.jpg",right,260,— Begon (Begonis) 18 897.,22
"..\He 6481 (2,2_3_0141.jpg",right,260,— de Bellon 969.,23
"..\He 6481 (2,2_3_0141.jpg",right,260,— de Berchem al. d. Kekpelman 485.,24
"..\He 6481 (2,2_3_0141.jpg",right,260,— abb. mon. s. Bernardi (Barnardi) supra Scaldam 969.,25
"..\He 6481 (2,2_3_0141.jpg",right,260,— d. Bersenhufft 396.,26
"..\He 6481 (2,2_3_0141.jpg",right,260,— Bertschin 970.,27
"..\He 6481 (2,2_3_0141.jpg",right,260,— Billung 970.,28
"..\He 6481 (2,2_3_0141.jpg",right,260,— de Bleyenchen 970.,29
"..\He 6481 (2,2_3_0141.jpg",right,260,— Blidenleven 970.,30
"..\He 6481 (2,2_3_0141.jpg",right,260,— Bodenheim v. P. de Badenheimi.,31
"..\He 6481 (2,2_3_0141.jpg",right,260,— Boetii Stokmark 970.,32
"..\He 6481 (2,2_3_0141.jpg",right,260,— d. Boys 970.,33
"..\He 6481 (2,2_3_0141.jpg",right,260,— Boleste de Pescovice 1415.,34
"..\He 6481 (2,2_3_0141.jpg",right,260,— Bollenfros v. P. Sconebecker.,35
"..\He 6481 (2,2_3_0141.jpg",right,260,— Bormul 970.,36
"..\He 6481 (2,2_3_0141.jpg",right,260,— de Bornfleck de Franckfordia 970.,37
"..\He 6481 (2,2_3_0141.jpg",right,260,— de Boschusen 970.,38
"..\He 6481 (2,2_3_0141.jpg",right,260,— de Brega v. P. Creysewitz de Brega.,39
"..\He 6481 (2,2_3_0141.jpg",right,260,— de Bruxella 1415.,40
"..\He 6481 (2,2_3_0141.jpg",right,260,— d. Buchelmann 970.,41
"..\He 6481 (2,2_3_0141.jpg",right,260,— de Buckenhem 451.,42
"..\He 6481 (2,2_3_0141.jpg",right,260,— de Budzislow 1069.,43
"..\He 6481 (2,2_3_0141.jpg",right,260,— Burchardi 1301.,44
"..\He 6481 (2,2_3_0141.jpg",right,260,— de Burgene 1301.,45
"..\He 6481 (2,2_3_0141.jpg",right,260,— Buso 971.,46
"..\He 6481 (2,2_3_0141.jpg",right,260,— Butinger de Heilprunna 971.,47
"..\He 6481 (2,2_3_0141.jpg",right,260,— Butzowe 971 1415.,48
"..\He 6481 (2,2_3_0141.jpg",right,260,— de Kabilino v. P. Adalberti de Cobilino.,49
"..\He 6481 (2,2_3_0141.jpg",right,260,— abb. mon. in Chamentz 582.,50
"..\He 6481 (2,2_3_0143.jpg",left,263,Petrus Goch 808.,1
"..\He 6481 (2,2_3_0143.jpg",left,263,— abb. mon. Gorsen. 1040.,2
"..\He 6481 (2,2_3_0143.jpg",left,263,— de Griffense 1025.,3
"..\He 6481 (2,2_3_0143.jpg",left,263,— Grymbergh 749.,4
"..\He 6481 (2,2_3_0143.jpg",left,263,— abb. mon. de Grissow 976.,5
"..\He 6481 (2,2_3_0143.jpg",left,263,— de Grodzna v. Petrus Pizrbislei de Grodzina.,6
"..\He 6481 (2,2_3_0143.jpg",left,263,— Grotlok 669.,7
"..\He 6481 (2,2_3_0143.jpg",left,263,— Grozz 976.,8
"..\He 6481 (2,2_3_0143.jpg",left,263,— Grunbach de Bruchsella 1416.,9
"..\He 6481 (2,2_3_0143.jpg",left,263,— Grune 976.,10
"..\He 6481 (2,2_3_0143.jpg",left,263,— de Grunenberg 983.,11
"..\He 6481 (2,2_3_0143.jpg",left,263,— Guker 1416.,12
"..\He 6481 (2,2_3_0143.jpg",left,263,— Guilelmi 1324 1325.,13
"..\He 6481 (2,2_3_0143.jpg",left,263,— Guntzinger 976.,14
"..\He 6481 (2,2_3_0143.jpg",left,263,— Gustow 883.,15
"..\He 6481 (2,2_3_0143.jpg",left,263,— Gutyar 338.,16
"..\He 6481 (2,2_3_0143.jpg",left,263,— Hafeler 1171.,17
"..\He 6481 (2,2_3_0143.jpg",left,263,— Hagen 995.,18
"..\He 6481 (2,2_3_0143.jpg",left,263,— de Halsbeyn v. P. de Inferno.,19
"..\He 6481 (2,2_3_0143.jpg",left,263,— Hannibaldi de Stephanescis (de Hanibaldis) 303 656.,20
"..\He 6481 (2,2_3_0143.jpg",left,263,— Harper de Harsel 976.,21
"..\He 6481 (2,2_3_0143.jpg",left,263,— de Harstorp 175 1171.,22
"..\He 6481 (2,2_3_0143.jpg",left,263,— Hase 977.,23
"..\He 6481 (2,2_3_0143.jpg",left,263,— Hasenfelde 1302.,24
"..\He 6481 (2,2_3_0143.jpg",left,263,— Hattorp 618.,25
"..\He 6481 (2,2_3_0143.jpg",left,263,"— Haugenot (Haugenor, Haugenoz) 135 710 977 1134.",26
"..\He 6481 (2,2_3_0143.jpg",left,263,— Hawtzendorff 1416.,27
"..\He 6481 (2,2_3_0143.jpg",left,263,— Hebel 1302.,28
"..\He 6481 (2,2_3_0143.jpg",left,263,"— Hebirnbec (Hebernbec, Heverenbeck) 244 405 977.",29
"..\He 6481 (2,2_3_0143.jpg",left,263,— Heymer 623.,30
"..\He 6481 (2,2_3_0143.jpg",left,263,— de Helburg(Helpurg) 977 1295 1302.,31
"..\He 6481 (2,2_3_0143.jpg",left,263,— Helswek de Mukmulen 977.,32
"..\He 6481 (2,2_3_0143.jpg",left,263,— d. Hemmyng 1302.,33
"..\He 6481 (2,2_3_0143.jpg",left,263,— d. Hendusnoesse 977.,34
"..\He 6481 (2,2_3_0143.jpg",left,263,— Henitzonis de Cevena 978.,35
"..\He 6481 (2,2_3_0143.jpg",left,263,— Heinrici de Geginhals 977.,36
"..\He 6481 (2,2_3_0143.jpg",left,263,— Henrici de Paffendorff 977.,37
"..\He 6481 (2,2_3_0143.jpg",left,263,— Herbern (Herborn) de Wetzflaria 237 780 978.,38
"..\He 6481 (2,2_3_0143.jpg",left,263,— Herbert 979.,39
"..\He 6481 (2,2_3_0143.jpg",left,263,— Heverenbeck v. P. Hebirnbec.,40
"..\He 6481 (2,2_3_0143.jpg",left,263,— Hohus 979.,41
"..\He 6481 (2,2_3_0143.jpg",left,263,— Holtzener 979.,42
"..\He 6481 (2,2_3_0143.jpg",left,263,— de Hornen de Stralen 979.,43
"..\He 6481 (2,2_3_0143.jpg",left,263,— de Horreo 979.,44
"..\He 6481 (2,2_3_0143.jpg",left,263,— Hotzinplotz v. P. Johannis de H.,45
"..\He 6481 (2,2_3_0143.jpg",left,263,— Houp 1303.,46
"..\He 6481 (2,2_3_0143.jpg",left,263,— Huch 880.,47
"..\He 6481 (2,2_3_0143.jpg",left,263,— Huselstain 1275.,48
"..\He 6481 (2,2_3_0143.jpg",right,264,Petrus Husserop v. P. Wserob.,1
"..\He 6481 (2,2_3_0143.jpg",right,264,— Jacobi 979 1314.,2
"..\He 6481 (2,2_3_0143.jpg",right,264,— Jacobi de Asparn 979.,3
"..\He 6481 (2,2_3_0143.jpg",right,264,— Jacobi de Soebernheim 102 945.,4
"..\He 6481 (2,2_3_0143.jpg",right,264,— Jamawi 294.,5
"..\He 6481 (2,2_3_0143.jpg",right,264,— de Jarrow 408.,6
"..\He 6481 (2,2_3_0143.jpg",right,264,— Jauwer 429.,7
"..\He 6481 (2,2_3_0143.jpg",right,264,— Ibser (Ybeser) 809 979.,8
"..\He 6481 (2,2_3_0143.jpg",right,264,— de Indagine 1303.,9
"..\He 6481 (2,2_3_0143.jpg",right,264,— in dem Hoffe de Marpurg 1302.,10
"..\He 6481 (2,2_3_0143.jpg",right,264,— de Inferno al. de Halsbeyn (Halsbeyne) 632 638 639 979.,11
"..\He 6481 (2,2_3_0143.jpg",right,264,— Infine 444.,12
"..\He 6481 (2,2_3_0143.jpg",right,264,— Ingelbrecht 979.,13
"..\He 6481 (2,2_3_0143.jpg",right,264,— de Ingelnheim v. P. Abeleszer.,14
"..\He 6481 (2,2_3_0143.jpg",right,264,— Johannis 981.,15
"..\He 6481 (2,2_3_0143.jpg",right,264,— Johannis de Vlaerdinghen 980 1214.,16
"..\He 6481 (2,2_3_0143.jpg",right,264,— Johannis de Hotzinplotz 24 578 980.,17
"..\He 6481 (2,2_3_0143.jpg",right,264,— Johannis Junger de Reddin 980.,18
"..\He 6481 (2,2_3_0143.jpg",right,264,— Johannis Orz de Wronyky 980.,19
"..\He 6481 (2,2_3_0143.jpg",right,264,— Johannis de Petzmovicze (Peczina-wicz) 980 1054.,20
"..\He 6481 (2,2_3_0143.jpg",right,264,— Johannis Ramponnelli de Girovilla 981.,21
"..\He 6481 (2,2_3_0143.jpg",right,264,— Johannis de Zalvelt de Glywitz 277 981 1301 1354 1408 1416.,22
"..\He 6481 (2,2_3_0143.jpg",right,264,— Jon 981.,23
"..\He 6481 (2,2_3_0143.jpg",right,264,— Judicis de Colmen 981.,24
"..\He 6481 (2,2_3_0143.jpg",right,264,— Lamberti de Wenroede 107.,25
"..\He 6481 (2,2_3_0143.jpg",right,264,— Lampertheim 901.,26
"..\He 6481 (2,2_3_0143.jpg",right,264,— Langehentzsesen 981.,27
"..\He 6481 (2,2_3_0143.jpg",right,264,— Leybinger v. P. Liebinger.,28
"..\He 6481 (2,2_3_0143.jpg",right,264,— Leyendecker 923 982.,29
"..\He 6481 (2,2_3_0143.jpg",right,264,— de Leyten 131 982.,30
"..\He 6481 (2,2_3_0143.jpg",right,264,— d. Lenhoffer (Lenhover) 24 982.,31
"..\He 6481 (2,2_3_0143.jpg",right,264,— Leutwini 1351.,32
"..\He 6481 (2,2_3_0143.jpg",right,264,— de Lewenberch 536 792 793.,33
"..\He 6481 (2,2_3_0143.jpg",right,264,"— Liebinger (Liebingher, Liembiger) 4 107 148 286 376 516 678 982 1075.",34
"..\He 6481 (2,2_3_0143.jpg",right,264,— Lise (Lyse) 24 25 682 983.,35
"..\He 6481 (2,2_3_0143.jpg",right,264,— Lobaw de Bischofswerder 903.,36
"..\He 6481 (2,2_3_0143.jpg",right,264,— Robin de Luiss 984.,37
"..\He 6481 (2,2_3_0143.jpg",right,264,— Lubiker 984.,38
"..\He 6481 (2,2_3_0143.jpg",right,264,— dec. Lubuc. 573 698.,39
"..\He 6481 (2,2_3_0143.jpg",right,264,— Luciani 963.,40
"..\He 6481 (2,2_3_0143.jpg",right,264,— Luher 782.,41
"..\He 6481 (2,2_3_0143.jpg",right,264,— de Luna (Benedictus papa XIII.) 1029 1293 1340.,42
"..\He 6481 (2,2_3_0143.jpg",right,264,— aep. Magdeburg. 383.,43
"..\He 6481 (2,2_3_0143.jpg",right,264,— de Maguntia 984.,44
"..\He 6481 (2,2_3_0143.jpg",right,264,— de Mailberch 656.,45
"..\He 6481 (2,2_3_0143.jpg",right,264,— abb. Maioris mon. 8.,46
"..\He 6481 (2,2_3_0144.jpg",left,265,Petrus Maler 1416.,1
"..\He 6481 (2,2_3_0144.jpg",left,265,— d. Man de Ingelsheim 984.,2
"..\He 6481 (2,2_3_0144.jpg",left,265,— Marcellus 984.,3
"..\He 6481 (2,2_3_0144.jpg",left,265,— tit. s. Marie in Cosmedin diac. card. 1339.,4
"..\He 6481 (2,2_3_0144.jpg",left,265,— abb. mon. s. Marie in Gotwico 984.,5
"..\He 6481 (2,2_3_0144.jpg",left,265,— proc. gener. o. b. Marie Theutonorum 1198 1268.,6
"..\He 6481 (2,2_3_0144.jpg",left,265,— Marschalk 953.,7
"..\He 6481 (2,2_3_0144.jpg",left,265,— de Mazovia 1287.,8
"..\He 6481 (2,2_3_0144.jpg",left,265,— Mediatoris 1416.,9
"..\He 6481 (2,2_3_0144.jpg",left,265,— Meyken 1417.,10
"..\He 6481 (2,2_3_0144.jpg",left,265,— de Meintz 1050.,11
"..\He 6481 (2,2_3_0144.jpg",left,265,— Melde de Kothebus 984.,12
"..\He 6481 (2,2_3_0144.jpg",left,265,— de Mera 984 1297 1303 1310 1390.,13
"..\He 6481 (2,2_3_0144.jpg",left,265,— d. Mergart 985.,14
"..\He 6481 (2,2_3_0144.jpg",left,265,— de Meroyde 985.,15
"..\He 6481 (2,2_3_0144.jpg",left,265,— Meskoper 961.,16
"..\He 6481 (2,2_3_0144.jpg",left,265,— Michaelis (Micheleti) de Vertonno 985.,17
"..\He 6481 (2,2_3_0144.jpg",left,265,— de Michelnbach 904.,18
"..\He 6481 (2,2_3_0144.jpg",left,265,— de Myngenburg 291.,19
"..\He 6481 (2,2_3_0144.jpg",left,265,— Mynne 1303.,20
"..\He 6481 (2,2_3_0144.jpg",left,265,— de Mokenheim al. d. Thelonarii 1093.,21
"..\He 6481 (2,2_3_0144.jpg",left,265,— Modian 944.,22
"..\He 6481 (2,2_3_0144.jpg",left,265,— Molitoris de Myntzenberg 985.,23
"..\He 6481 (2,2_3_0144.jpg",left,265,— de Montignyaco 1155.,24
"..\He 6481 (2,2_3_0144.jpg",left,265,— de Morespach 1417.,25
"..\He 6481 (2,2_3_0144.jpg",left,265,— de Mosa 1417.,26
"..\He 6481 (2,2_3_0144.jpg",left,265,— Mouwenhem 985.,27
"..\He 6481 (2,2_3_0144.jpg",left,265,— d. Munsoerel de Scherdinga 24.,28
"..\He 6481 (2,2_3_0144.jpg",left,265,— de Munsterberg 1417.,29
"..\He 6481 (2,2_3_0144.jpg",left,265,— Museler 1303.,30
"..\He 6481 (2,2_3_0144.jpg",left,265,— de Muta 861.,31
"..\He 6481 (2,2_3_0144.jpg",left,265,— Nebelung de Obernkeim (Okerhem) 986 1257 1303.,32
"..\He 6481 (2,2_3_0144.jpg",left,265,— Neudorpe 1091.,33
"..\He 6481 (2,2_3_0144.jpg",left,265,— prep. mon. in Newburga 985.,34
"..\He 6481 (2,2_3_0144.jpg",left,265,— de Newburga 985.,35
"..\He 6481 (2,2_3_0144.jpg",left,265,— Nicolai de Francfordia 986.,36
"..\He 6481 (2,2_3_0144.jpg",left,265,— Nicolai de Gyseuheyu 1417.,37
"..\He 6481 (2,2_3_0144.jpg",left,265,— de Nyeman 986.,38
"..\He 6481 (2,2_3_0144.jpg",left,265,— Nyerberch 442.,39
"..\He 6481 (2,2_3_0144.jpg",left,265,— d. Nyne de Stralen 986.,40
"..\He 6481 (2,2_3_0144.jpg",left,265,— Noszloch 986.,41
"..\He 6481 (2,2_3_0144.jpg",left,265,— Okerhem (Obernkeim) v. P. Nebelung.,42
"..\He 6481 (2,2_3_0144.jpg",left,265,— de Ochssenfurt 1325.,43
"..\He 6481 (2,2_3_0144.jpg",left,265,— de Odewater v. P. Ponciani.,44
"..\He 6481 (2,2_3_0144.jpg",left,265,— prep. mon. in Offenbach 638.,45
"..\He 6481 (2,2_3_0144.jpg",left,265,— Oynsley 720.,46
"..\He 6481 (2,2_3_0144.jpg",left,265,— de Ongersheim 564.,47
"..\He 6481 (2,2_3_0144.jpg",left,265,— de Oppenheyu 786 1156.,48
"..\He 6481 (2,2_3_0144.jpg",left,265,— de Oppfershusen 986.,49
"..\He 6481 (2,2_3_0135.jpg",right,248,Gnezn. 38 55 113 141 547 559 748 785 857 920 963 988 1253 1281 1292 1293.,1
"..\He 6481 (2,2_3_0135.jpg",right,248,Nicolaus de Poznania 539 937.,2
"..\He 6481 (2,2_3_0135.jpg",right,248,— de Preie d. Bacon 323 673 674 921.,3
"..\He 6481 (2,2_3_0135.jpg",right,248,— Protenus 878.,4
"..\He 6481 (2,2_3_0135.jpg",right,248,— Quercamp 271.,5
"..\He 6481 (2,2_3_0135.jpg",right,248,— Rakow 972.,6
"..\He 6481 (2,2_3_0135.jpg",right,248,— Radekendorp (Redekendorp) 224.,7
"..\He 6481 (2,2_3_0135.jpg",right,248,— Rambow (Rambowe) 820 921.,8
"..\He 6481 (2,2_3_0135.jpg",right,248,— Rampardi (Bampardi) 771 876 921 962.,9
"..\He 6481 (2,2_3_0135.jpg",right,248,— Rasoris de Ratzans 921 1295.,10
"..\He 6481 (2,2_3_0135.jpg",right,248,— dec. Ratispon. 1210.,11
"..\He 6481 (2,2_3_0135.jpg",right,248,— Recke de Wimpina 921.,12
"..\He 6481 (2,2_3_0135.jpg",right,248,— Redekendorp v. N. Radekendorp.,13
"..\He 6481 (2,2_3_0135.jpg",right,248,— Redelitz de Wansonia 921.,14
"..\He 6481 (2,2_3_0135.jpg",right,248,— Regulka 980.,15
"..\He 6481 (2,2_3_0135.jpg",right,248,— de Remelingen 922.,16
"..\He 6481 (2,2_3_0135.jpg",right,248,— de Remmerswael 922.,17
"..\He 6481 (2,2_3_0135.jpg",right,248,— de Reutenberg 922.,18
"..\He 6481 (2,2_3_0135.jpg",right,248,— de Richenbach 1337.,19
"..\He 6481 (2,2_3_0135.jpg",right,248,— Rislawer 462.,20
"..\He 6481 (2,2_3_0135.jpg",right,248,— de Robele 124 125.,21
"..\He 6481 (2,2_3_0135.jpg",right,248,— de Rodomacra v. N. Henrici.,22
"..\He 6481 (2,2_3_0135.jpg",right,248,— Rogretelen 706.,23
"..\He 6481 (2,2_3_0135.jpg",right,248,— Royck 1247.,24
"..\He 6481 (2,2_3_0135.jpg",right,248,— Rorich 1185.,25
"..\He 6481 (2,2_3_0135.jpg",right,248,— Ross de Haselach 922.,26
"..\He 6481 (2,2_3_0135.jpg",right,248,— Rotveiler 922.,27
"..\He 6481 (2,2_3_0135.jpg",right,248,— Rotz 382.,28
"..\He 6481 (2,2_3_0135.jpg",right,248,— de Ruckeleybin al. d. Berbotonis 725.,29
"..\He 6481 (2,2_3_0135.jpg",right,248,— Ruesse 1398.,30
"..\He 6481 (2,2_3_0135.jpg",right,248,— Rugeman 129 922 1295.,31
"..\He 6481 (2,2_3_0135.jpg",right,248,— Rugeri 922.,32
"..\He 6481 (2,2_3_0135.jpg",right,248,— de Rugis 922.,33
"..\He 6481 (2,2_3_0135.jpg",right,248,— Rulmanni 923.,34
"..\He 6481 (2,2_3_0135.jpg",right,248,— Rumhart 923.,35
"..\He 6481 (2,2_3_0135.jpg",right,248,— Rundighe 633.,36
"..\He 6481 (2,2_3_0135.jpg",right,248,— de Rutenberg 926.,37
"..\He 6481 (2,2_3_0135.jpg",right,248,— Sack 1295 1412.,38
"..\He 6481 (2,2_3_0135.jpg",right,248,— abb. mon. in Saghano 858.,39
"..\He 6481 (2,2_3_0135.jpg",right,248,— Salvelt 474.,40
"..\He 6481 (2,2_3_0135.jpg",right,248,— de Salmz v. N. de Selyn.,41
"..\He 6481 (2,2_3_0135.jpg",right,248,— Salomonis 923.,42
"..\He 6481 (2,2_3_0135.jpg",right,248,— ep. Sardin. 191 907 923.,43
"..\He 6481 (2,2_3_0135.jpg",right,248,— Sartoris 885.,44
"..\He 6481 (2,2_3_0135.jpg",right,248,— Sartoris 970.,45
"..\He 6481 (2,2_3_0135.jpg",right,248,— Sartoris de Erlbach 923.,46
"..\He 6481 (2,2_3_0135.jpg",right,248,— Sartoris de Grunenberg 923.,47
"..\He 6481 (2,2_3_0135.jpg",right,248,— Sassini de Russynowo 1296.,48
"..\He 6481 (2,2_3_0135.jpg",right,248,— de Sauwelnheim 472 490 966.,49
"..\He 6481 (2,2_3_0142.jpg",left,261,Petrus Cantzeler de Arheilgen (Arc-heilghen) 971.,1
"..\He 6481 (2,2_3_0142.jpg",left,261,— Charbon v. P. Zerbon.,2
"..\He 6481 (2,2_3_0142.jpg",left,261,— de Casela 458.,3
"..\He 6481 (2,2_3_0142.jpg",left,261,— Kikebaw v. P. Arnoldi d. Kekebaut.,4
"..\He 6481 (2,2_3_0142.jpg",left,261,— Chirichenmemr 60.,5
"..\He 6481 (2,2_3_0142.jpg",left,261,— Clemme 256 971.,6
"..\He 6481 (2,2_3_0142.jpg",left,261,— Chlovesten 971.,7
"..\He 6481 (2,2_3_0142.jpg",left,261,— Cluseman 971.,8
"..\He 6481 (2,2_3_0142.jpg",left,261,"— de Cobilino (Cobellino, Cobelino, Cobilinc) v. P. Adalberti.",9
"..\He 6481 (2,2_3_0142.jpg",left,261,— d. Kocka v. P. Kochta.,10
"..\He 6481 (2,2_3_0142.jpg",left,261,— Kocher 135.,11
"..\He 6481 (2,2_3_0142.jpg",left,261,— Coci 972.,12
"..\He 6481 (2,2_3_0142.jpg",left,261,— Kochta (Kocka) 1246 1269.,13
"..\He 6481 (2,2_3_0142.jpg",left,261,— Kolb 411.,14
"..\He 6481 (2,2_3_0142.jpg",left,261,— d. Kolbe de Wormatia 474.,15
"..\He 6481 (2,2_3_0142.jpg",left,261,— Collignoni de Bertryo 536.,16
"..\He 6481 (2,2_3_0142.jpg",left,261,— Conradi de Doretheim 972.,17
"..\He 6481 (2,2_3_0142.jpg",left,261,— Contzendorf v. P. de Cuntzendorff.,18
"..\He 6481 (2,2_3_0142.jpg",left,261,— Kore (Koren) 353 972 1017.,19
"..\He 6481 (2,2_3_0142.jpg",left,261,— Korff 215 1039.,20
"..\He 6481 (2,2_3_0142.jpg",left,261,— de Corickovo 877.,21
"..\He 6481 (2,2_3_0142.jpg",left,261,— Korner de Drosna 972.,22
"..\He 6481 (2,2_3_0142.jpg",left,261,— de Kothebos 331.,23
"..\He 6481 (2,2_3_0142.jpg",left,261,— Kow 1045.,24
"..\He 6481 (2,2_3_0142.jpg",left,261,— ep. Cracov. 905 972.,25
"..\He 6481 (2,2_3_0142.jpg",left,261,— Crast 972.,26
"..\He 6481 (2,2_3_0142.jpg",left,261,— Creysewitz de Brega 1301 1383.,27
"..\He 6481 (2,2_3_0142.jpg",left,261,— Christiani Bedlno 972.,28
"..\He 6481 (2,2_3_0142.jpg",left,261,— Croker de Nisa 1415.,29
"..\He 6481 (2,2_3_0142.jpg",left,261,— dominus de Cronenberg 973.,30
"..\He 6481 (2,2_3_0142.jpg",left,261,— Croppel (Kropsel) 772 775 1225.,31
"..\He 6481 (2,2_3_0142.jpg",left,261,— de Crutzeborg 973.,32
"..\He 6481 (2,2_3_0142.jpg",left,261,— Kuchenheim de Colonia 1415.,33
"..\He 6481 (2,2_3_0142.jpg",left,261,— de Chula 534.,34
"..\He 6481 (2,2_3_0142.jpg",left,261,— Kuntzelman 441.,35
"..\He 6481 (2,2_3_0142.jpg",left,261,— de Cuntzendorff (Contzendorf) 723 897 1001 1049.,36
"..\He 6481 (2,2_3_0142.jpg",left,261,— in Curia 973.,37
"..\He 6481 (2,2_3_0142.jpg",left,261,— Cussonum 1117.,38
"..\He 6481 (2,2_3_0142.jpg",left,261,— de Daghesteyl 777.,39
"..\He 6481 (2,2_3_0142.jpg",left,261,— Dyeterici de Senging 754.,40
"..\He 6481 (2,2_3_0142.jpg",left,261,— Dietschonis 582.,41
"..\He 6481 (2,2_3_0142.jpg",left,261,— de Dillenhoven al. de Wesalia 904.,42
"..\He 6481 (2,2_3_0142.jpg",left,261,— Dytrici de Pilchgratz 313.,43
"..\He 6481 (2,2_3_0142.jpg",left,261,— Doderne 423.,44
"..\He 6481 (2,2_3_0142.jpg",left,261,— Dolfi 490.,45
"..\He 6481 (2,2_3_0142.jpg",left,261,— Dominici de Pomarolo 973.,46
"..\He 6481 (2,2_3_0142.jpg",left,261,— de Duren (Durnken) 973.,47
"..\He 6481 (2,2_3_0142.jpg",left,261,— Ebenhauser 402.,48
"..\He 6481 (2,2_3_0142.jpg",left,261,— abb. mon. Ebrac. 23 424 973.,49
"..\He 6481 (2,2_3_0142.jpg",left,261,— Ekhardi 973.,50
"..\He 6481 (2,2_3_0145.jpg",right,268,Petrus Staep 1305.,1
"..\He 6481 (2,2_3_0145.jpg",right,268,— Stanislai de Paska 995.,2
"..\He 6481 (2,2_3_0145.jpg",right,268,— de Stanissimo 158.,3
"..\He 6481 (2,2_3_0145.jpg",right,268,— de Steyn 995 1305.,4
"..\He 6481 (2,2_3_0145.jpg",right,268,— Steynkeller de Finsterwalde 996.,5
"..\He 6481 (2,2_3_0145.jpg",right,268,— de Steynenkirchen 996.,6
"..\He 6481 (2,2_3_0145.jpg",right,268,— in Steinhaus 1365.,7
"..\He 6481 (2,2_3_0145.jpg",right,268,— Steinmitz 951 996.,8
"..\He 6481 (2,2_3_0145.jpg",right,268,— Strak de Heynbach (Heimbach) 133 1399.,9
"..\He 6481 (2,2_3_0145.jpg",right,268,— Streychholtz 269.,10
"..\He 6481 (2,2_3_0145.jpg",right,268,— Strelitz 996.,11
"..\He 6481 (2,2_3_0145.jpg",right,268,— Stubichin 996.,12
"..\He 6481 (2,2_3_0145.jpg",right,268,— Sturmer 996.,13
"..\He 6481 (2,2_3_0145.jpg",right,268,— Sturmlin 1241.,14
"..\He 6481 (2,2_3_0145.jpg",right,268,— Sturpekh 482.,15
"..\He 6481 (2,2_3_0145.jpg",right,268,— Subpincerna 881.,16
"..\He 6481 (2,2_3_0145.jpg",right,268,— Suermont 996.,17
"..\He 6481 (2,2_3_0145.jpg",right,268,— Sultzfelder 997.,18
"..\He 6481 (2,2_3_0145.jpg",right,268,— de Sweyt 997.,19
"..\He 6481 (2,2_3_0145.jpg",right,268,— de Sczitnyky 963.,20
"..\He 6481 (2,2_3_0145.jpg",right,268,— de Taffen 928.,21
"..\He 6481 (2,2_3_0145.jpg",right,268,— Tankkler de Salina 1418.,22
"..\He 6481 (2,2_3_0145.jpg",right,268,— Tassenberg 358.,23
"..\He 6481 (2,2_3_0145.jpg",right,268,— Theoderici de Reinsberg 1305.,24
"..\He 6481 (2,2_3_0145.jpg",right,268,— de Tepla 997.,25
"..\He 6481 (2,2_3_0145.jpg",right,268,— Thomassini 997.,26
"..\He 6481 (2,2_3_0145.jpg",right,268,— Thome de Schadeck 1419.,27
"..\He 6481 (2,2_3_0145.jpg",right,268,— Trachinburg 596.,28
"..\He 6481 (2,2_3_0145.jpg",right,268,— Trebnitz (Trebnicz) 254 998 1001.,29
"..\He 6481 (2,2_3_0145.jpg",right,268,— de Treispach 997.,30
"..\He 6481 (2,2_3_0145.jpg",right,268,— Trienasc[hel] 959.,31
"..\He 6481 (2,2_3_0145.jpg",right,268,— Tunichinger de Tekkendorf 997.,32
"..\He 6481 (2,2_3_0145.jpg",right,268,— Ulrici de Bolframitz 997.,33
"..\He 6481 (2,2_3_0145.jpg",right,268,— Ungelter 380.,34
"..\He 6481 (2,2_3_0145.jpg",right,268,— Waceleti de Ynodio 997.,35
"..\He 6481 (2,2_3_0145.jpg",right,268,— de Wachenheim 1419.,36
"..\He 6481 (2,2_3_0145.jpg",right,268,— de Wagram 1305.,37
"..\He 6481 (2,2_3_0145.jpg",right,268,— Walteri 998.,38
"..\He 6481 (2,2_3_0145.jpg",right,268,— Waltheri de Lubania 997.,39
"..\He 6481 (2,2_3_0145.jpg",right,268,— Waltz 1272.,40
"..\He 6481 (2,2_3_0145.jpg",right,268,— Vannis (Vanis) de Esculo 118 123 280 496 595 631 711 718 998.,41
"..\He 6481 (2,2_3_0145.jpg",right,268,— Wartenberg v. P. Rimanni de W.,42
"..\He 6481 (2,2_3_0145.jpg",right,268,— Wasmodi de Altzeya 1419.,43
"..\He 6481 (2,2_3_0145.jpg",right,268,— Venatoris 998.,44
"..\He 6481 (2,2_3_0145.jpg",right,268,— Wendeleri 998 1296.,45
"..\He 6481 (2,2_3_0145.jpg",right,268,— de Werbergehusen 998.,46
"..\He 6481 (2,2_3_0145.jpg",right,268,— d. de Westerholte 373.,47
"..\He 6481 (2,2_3_0145.jpg",right,268,— Wetzkerl 999.,48
"..\He 6481 (2,2_3_0145.jpg",right,268,— de Wicholtzhusen 999.,49
"..\He 6481 (2,2_3_0145.jpg",right,268,— abb. mon. s. Willibrordi Epternac. 999.,50
"..\He 6481 (2,2_3_0142.jpg",right,262,Petrus Ecbrechtisheyde 1272.,1
"..\He 6481 (2,2_3_0142.jpg",right,262,— de Eckersberge 973.,2
"..\He 6481 (2,2_3_0142.jpg",right,262,— Echter 1301.,3
"..\He 6481 (2,2_3_0142.jpg",right,262,— de Eysenbach 973.,4
"..\He 6481 (2,2_3_0142.jpg",right,262,— Ellici 827.,5
"..\He 6481 (2,2_3_0142.jpg",right,262,— Elrn de Wesalia 1415.,6
"..\He 6481 (2,2_3_0142.jpg",right,262,— Engerlin de Augusta 974.,7
"..\He 6481 (2,2_3_0142.jpg",right,262,— de Eppiche v. P. Petri de Epphiche.,8
"..\He 6481 (2,2_3_0142.jpg",right,262,— de Erpel 974.,9
"..\He 6481 (2,2_3_0142.jpg",right,262,— de Esculo v. P. Vannis de E.,10
"..\He 6481 (2,2_3_0142.jpg",right,262,— de Etre 985.,11
"..\He 6481 (2,2_3_0142.jpg",right,262,— Fabri 974.,12
"..\He 6481 (2,2_3_0142.jpg",right,262,— Fabri 1244 1316 1369.,13
"..\He 6481 (2,2_3_0142.jpg",right,262,— Faden 1240.,14
"..\He 6481 (2,2_3_0142.jpg",right,262,— Vadensteyne 1390.,15
"..\He 6481 (2,2_3_0142.jpg",right,262,— Valkenstainer 974.,16
"..\He 6481 (2,2_3_0142.jpg",right,262,— van den Hope 979.,17
"..\He 6481 (2,2_3_0142.jpg",right,262,— van den Steen 991.,18
"..\He 6481 (2,2_3_0142.jpg",right,262,— Vandermyerborch 442.,19
"..\He 6481 (2,2_3_0142.jpg",right,262,— van der Praest iun. 991.,20
"..\He 6481 (2,2_3_0142.jpg",right,262,— van der Praest (sen.) 86 339 808 828 980 989 991 1108 1115 1173 1304 1418.,21
"..\He 6481 (2,2_3_0142.jpg",right,262,— Pfil 974.,22
"..\He 6481 (2,2_3_0142.jpg",right,262,— d. Virnkorn 974.,23
"..\He 6481 (2,2_3_0142.jpg",right,262,— de Vischer 1333.,24
"..\He 6481 (2,2_3_0142.jpg",right,262,— Vischgyn de Tulpeto 975.,25
"..\He 6481 (2,2_3_0142.jpg",right,262,— Vogel 1150.,26
"..\He 6481 (2,2_3_0142.jpg",right,262,— Vorislai de Gostrowo 975.,27
"..\He 6481 (2,2_3_0142.jpg",right,262,— Francisci 27 29.,28
"..\He 6481 (2,2_3_0142.jpg",right,262,— Franconis 975.,29
"..\He 6481 (2,2_3_0142.jpg",right,262,— Vrdanci v. P. Vridangh.,30
"..\He 6481 (2,2_3_0142.jpg",right,262,— de Freynsheim (Freyenheim) 1301.,31
"..\He 6481 (2,2_3_0142.jpg",right,262,— Vreuwold 240.,32
"..\He 6481 (2,2_3_0142.jpg",right,262,— Vridangh 23 1190.,33
"..\He 6481 (2,2_3_0142.jpg",right,262,— Frde 975.,34
"..\He 6481 (2,2_3_0142.jpg",right,262,— Fuker 975.,35
"..\He 6481 (2,2_3_0142.jpg",right,262,— Pfutzinger (Pfuetzinger) 860 975.,36
"..\He 6481 (2,2_3_0142.jpg",right,262,— de Gamundia 976.,37
"..\He 6481 (2,2_3_0142.jpg",right,262,— de Gardelege (Gardeleghe) 404 548 823.,38
"..\He 6481 (2,2_3_0142.jpg",right,262,"— el. Garden., el. Strengin. 906.",39
"..\He 6481 (2,2_3_0142.jpg",right,262,— Gasconis (Gastonis) 45 976.,40
"..\He 6481 (2,2_3_0142.jpg",right,262,— com. Gebenn. 2 4 9 20 21 22 25 26.,41
"..\He 6481 (2,2_3_0142.jpg",right,262,— Geisser 1204.,42
"..\He 6481 (2,2_3_0142.jpg",right,262,— Gertor 1301 1381.,43
"..\He 6481 (2,2_3_0142.jpg",right,262,— Gerwer 976.,44
"..\He 6481 (2,2_3_0142.jpg",right,262,— de Gynningen 909.,45
"..\He 6481 (2,2_3_0142.jpg",right,262,— de Gyrsberghe 976.,46
"..\He 6481 (2,2_3_0142.jpg",right,262,— Girsitz 1301.,47
"..\He 6481 (2,2_3_0142.jpg",right,262,— de Gliwitz (Gliewicz) v. P. Johannis de Zalvelt.,48
"..\He 6481 (2,2_3_0142.jpg",right,262,— d. Glukhaf (Gluckhaft) 1302 1379.,49
"..\He 6481 (2,2_3_0146.jpg",right,270,642 1005 1030 1190 1235 1274 1290 1306 1346 1381 1387 1416 1419.,1
"..\He 6481 (2,2_3_0146.jpg",right,270,Rabanus de Mentzingen 541.,2
"..\He 6481 (2,2_3_0146.jpg",right,270,Rabodo de Colichem 1006.,3
"..\He 6481 (2,2_3_0146.jpg",right,270,— de Mertzenhusen 631.,4
"..\He 6481 (2,2_3_0146.jpg",right,270,Radeke Crutzeburg 1006.,5
"..\He 6481 (2,2_3_0146.jpg",right,270,Radoldus baro de Ekartzaw 1007.,6
"..\He 6481 (2,2_3_0146.jpg",right,270,Radolphus v. Rudolphus.,7
"..\He 6481 (2,2_3_0146.jpg",right,270,Rafanus v. Rabanus.,8
"..\He 6481 (2,2_3_0146.jpg",right,270,Raveno de Calenberge 1007.,9
"..\He 6481 (2,2_3_0146.jpg",right,270,— de Erenberg v. Rabanus de E.,10
"..\He 6481 (2,2_3_0146.jpg",right,270,Raymundus o. pred. mag. gener. 196 319 942 1009 1022.,11
"..\He 6481 (2,2_3_0146.jpg",right,270,Raynaldus (Rainoldus) v. Reynaldus.,12
"..\He 6481 (2,2_3_0146.jpg",right,270,Rainbaldus (Ramboldus) v. Reinboldus.,13
"..\He 6481 (2,2_3_0146.jpg",right,270,Raynerus v. Reinerus.,14
"..\He 6481 (2,2_3_0146.jpg",right,270,Raynhardus v. Reinhardus.,15
"..\He 6481 (2,2_3_0146.jpg",right,270,Ramboldus v. Reinboldus.,16
"..\He 6481 (2,2_3_0146.jpg",right,270,Ramfoldus Hubewitz 961.,17
"..\He 6481 (2,2_3_0146.jpg",right,270,— de Polenczk 1300.,18
"..\He 6481 (2,2_3_0146.jpg",right,270,Rankow Pretwyczinme 1149 1434.,19
"..\He 6481 (2,2_3_0146.jpg",right,270,Randulfus de Appelderbeke 1096.,20
"..\He 6481 (2,2_3_0146.jpg",right,270,Rapato com. palat. in Crayborch 142.,21
"..\He 6481 (2,2_3_0146.jpg",right,270,Ratzo ep. 1185.,22
"..\He 6481 (2,2_3_0146.jpg",right,270,Recht Reding 95 (v. Arnoldus Reding).,23
"..\He 6481 (2,2_3_0146.jpg",right,270,Reghenhardus Odalrici 181.,24
"..\He 6481 (2,2_3_0146.jpg",right,270,Reginaldus Regniez 1419.,25
"..\He 6481 (2,2_3_0146.jpg",right,270,Regula de Houwilr 1009.,26
"..\He 6481 (2,2_3_0146.jpg",right,270,Reicherus 1202.,27
"..\He 6481 (2,2_3_0146.jpg",right,270,Reylmannus Lampertcr de Bopardia 648 1020 (cf. Rulmannus L.).,28
"..\He 6481 (2,2_3_0146.jpg",right,270,Reymar us (Remarus) de Barmen 1009.,29
"..\He 6481 (2,2_3_0146.jpg",right,270,— de Bruela 575.,30
"..\He 6481 (2,2_3_0146.jpg",right,270,— Vos (Voos) 214 782 847.,31
"..\He 6481 (2,2_3_0146.jpg",right,270,— de Gontersberch 1009.,32
"..\He 6481 (2,2_3_0146.jpg",right,270,— de Plawe 1017.,33
"..\He 6481 (2,2_3_0146.jpg",right,270,— Senece n 929.,34
"..\He 6481 (2,2_3_0146.jpg",right,270,— Unterschagen 338.,35
"..\He 6481 (2,2_3_0146.jpg",right,270,"Reynaldus (Raynaldus, Rainholdus, Rainaldus, Reinoldus, Rainnoldus, Renoldus) baro de Brederade 557.",36
"..\He 6481 (2,2_3_0146.jpg",right,270,— de Brederode 1010.,37
"..\He 6481 (2,2_3_0146.jpg",right,270,— Coloni 1010.,38
"..\He 6481 (2,2_3_0146.jpg",right,270,— de Dryenen 416.,39
"..\He 6481 (2,2_3_0146.jpg",right,270,— Gerlaci de Leirade 1010.,40
"..\He 6481 (2,2_3_0146.jpg",right,270,— Juliac. et Gelrie dux 1010.,41
"..\He 6481 (2,2_3_0146.jpg",right,270,— de Miltitz 1010.,42
"..\He 6481 (2,2_3_0146.jpg",right,270,— Mynebode 250.,43
"..\He 6481 (2,2_3_0146.jpg",right,270,— de Mosin 304.,44
"..\He 6481 (2,2_3_0146.jpg",right,270,— de Obbendorp 1110.,45
"..\He 6481 (2,2_3_0146.jpg",right,270,— Reynaldi 1010.,46
"..\He 6481 (2,2_3_0146.jpg",right,270,— tit. s. Viti in Macello (ad Macellum) diac. card. (de Branchaciis) 22 68,47
"..\He 6481 (2,2_3_0146.jpg",left,269,Petrus Winzuren 181.,1
"..\He 6481 (2,2_3_0146.jpg",left,269,— d. Wolko de Antiqua Volavia 999.,2
"..\He 6481 (2,2_3_0146.jpg",left,269,— Wormedit 1224 1225.,3
"..\He 6481 (2,2_3_0146.jpg",left,269,— de Wratislavia 1306.,4
"..\He 6481 (2,2_3_0146.jpg",left,269,"— de Wserob (Wserop, Husserop) 13 24 596 644 698 768.",5
"..\He 6481 (2,2_3_0146.jpg",left,269,— Wsseborn 999.,6
"..\He 6481 (2,2_3_0146.jpg",left,269,— de Zande (Vandenzande) 999.,7
"..\He 6481 (2,2_3_0146.jpg",left,269,— Zawelt v. P. Johannis de Zalvelt.,8
"..\He 6481 (2,2_3_0146.jpg",left,269,— Zerbou Charbon de Calmis 971 999.,9
"..\He 6481 (2,2_3_0146.jpg",left,269,— Czerbow 999.,10
"..\He 6481 (2,2_3_0146.jpg",left,269,— Czerre (Czirre) 93 694.,11
"..\He 6481 (2,2_3_0146.jpg",left,269,— de Zneyua 860 1000.,12
"..\He 6481 (2,2_3_0146.jpg",left,269,— Zumgensefleisch 361.,13
"..\He 6481 (2,2_3_0146.jpg",left,269,"Pileus tit. s. Praxedis presb. card., Tusculan. ep. card., d. de Ravenna 6 10 24 232 278 377 503 547 658 723 784 809 840 846 937 938 1000 1041 1170.",14
"..\He 6481 (2,2_3_0146.jpg",left,269,Pilgrimus (Piligrimus) v. Pelegrimus.,15
"..\He 6481 (2,2_3_0146.jpg",left,269,Pobeda (Podeba) Kreys (Krys) 1149 1434.,16
"..\He 6481 (2,2_3_0146.jpg",left,269,Ponceletus Frappesalse de Mergurio 1002.,17
"..\He 6481 (2,2_3_0146.jpg",left,269,Poncellus tit. s. Clementis presb. card. 46 149 289 1002.,18
"..\He 6481 (2,2_3_0146.jpg",left,269,Popeko Verachema (Verawema) 1002.,19
"..\He 6481 (2,2_3_0146.jpg",left,269,Poppelinus de Weytenstain 1002 [1197,20
"..\He 6481 (2,2_3_0146.jpg",left,269,Poppo abb. mon. in Amorbach 1002,21
"..\He 6481 (2,2_3_0146.jpg",left,269,Potassius de Berawa 1010 1011.,22
"..\He 6481 (2,2_3_0146.jpg",left,269,Potho ep. Monast. 954.,23
"..\He 6481 (2,2_3_0146.jpg",left,269,— ep. Zwerin. 125 757 853 1027.,24
"..\He 6481 (2,2_3_0146.jpg",left,269,Predwogius Derslai de Grandi 1419.,25
"..\He 6481 (2,2_3_0146.jpg",left,269,"Pretzlaus (Peczlaus, Prezeslaus) 812.",26
"..\He 6481 (2,2_3_0146.jpg",left,269,— Alberti de Brosch 1003.,27
"..\He 6481 (2,2_3_0146.jpg",left,269,— Viti de Orlono 1004.,28
"..\He 6481 (2,2_3_0146.jpg",left,269,— d. Szuczek 969.,29
"..\He 6481 (2,2_3_0146.jpg",left,269,— ep. Wratislav. 20 151 931 1148.,30
"..\He 6481 (2,2_3_0146.jpg",left,269,Procopius Cristiani 1004.,31
"..\He 6481 (2,2_3_0146.jpg",left,269,— Moravie marchio 943.,32
"..\He 6481 (2,2_3_0146.jpg",left,269,Przemislaus dux Oppav. 1004.,33
"..\He 6481 (2,2_3_0146.jpg",left,269,— dux Tessinen. 26 943.,34
"..\He 6481 (2,2_3_0146.jpg",left,269,Przibislaus (Przibislaus) 1004.,35
"..\He 6481 (2,2_3_0146.jpg",left,269,— 1196.,36
"..\He 6481 (2,2_3_0146.jpg",left,269,— Mymo 1311.,37
"..\He 6481 (2,2_3_0146.jpg",left,269,— can. Poznan. 635.,38
"..\He 6481 (2,2_3_0146.jpg",left,269,Rabanus (Rafanus) ep. Eystet. 250 787.,39
"..\He 6481 (2,2_3_0146.jpg",left,269,— (Rafeno) de Erenberg 289 1005.,40
"..\He 6481 (2,2_3_0146.jpg",left,269,"— de Helmstat, ep. Spiren. 54 162 489",41
"..\He 6481 (2,2_3_0147.jpg",right,272,Reinhardus Gumprecht 70.,1
"..\He 6481 (2,2_3_0147.jpg",right,272,— abb. mon. Hersfeld. 217 495 509.,2
"..\He 6481 (2,2_3_0147.jpg",right,272,— Holtzege 473.,3
"..\He 6481 (2,2_3_0147.jpg",right,272,— Meyer 489 1016.,4
"..\He 6481 (2,2_3_0147.jpg",right,272,— Reinhardi 1016.,5
"..\He 6481 (2,2_3_0147.jpg",right,272,— Schirmer 1016.,6
"..\He 6481 (2,2_3_0147.jpg",right,272,— de Tagersheim 1016.,7
"..\He 6481 (2,2_3_0147.jpg",right,272,— de Wechingen 1016.,8
"..\He 6481 (2,2_3_0147.jpg",right,272,— com. in Westerburg et in Schauenburg 1419.,9
"..\He 6481 (2,2_3_0147.jpg",right,272,— de Wyndeck 1310.,10
"..\He 6481 (2,2_3_0147.jpg",right,272,— de Wissenloch 864.,11
"..\He 6481 (2,2_3_0147.jpg",right,272,— Czanewitz 469 470.,12
"..\He 6481 (2,2_3_0147.jpg",right,272,Reintzko 1193.,13
"..\He 6481 (2,2_3_0147.jpg",right,272,Reincz Kensperger 944.,14
"..\He 6481 (2,2_3_0147.jpg",right,272,Remarus v. Reymarus.,15
"..\He 6481 (2,2_3_0147.jpg",right,272,Rembertus v. Reynbertus.,16
"..\He 6481 (2,2_3_0147.jpg",right,272,Renhardus v. Reinhardus.,17
"..\He 6481 (2,2_3_0147.jpg",right,272,Renoldus v. Reynaldus.,18
"..\He 6481 (2,2_3_0147.jpg",right,272,Requinus (Riquinus) de Broeche 1016.,19
"..\He 6481 (2,2_3_0147.jpg",right,272,— de Herne 1017.,20
"..\He 6481 (2,2_3_0147.jpg",right,272,"— Theoderici Cortenacke (Cortenake, Cortenache) 245 407 1017 1093 1307.",21
"..\He 6481 (2,2_3_0147.jpg",right,272,Ribbertusde Hokelem v. Rupertusde H.,22
"..\He 6481 (2,2_3_0147.jpg",right,272,"Ricardus (Riccardus, Richardus) rex Angie et Francie 792.",23
"..\He 6481 (2,2_3_0147.jpg",right,272,— de Blofelt 1160.,24
"..\He 6481 (2,2_3_0147.jpg",right,272,— Borstal 1017.,25
"..\He 6481 (2,2_3_0147.jpg",right,272,— Clay 1017.,26
"..\He 6481 (2,2_3_0147.jpg",right,272,— Vaulndynchusen 1018.,27
"..\He 6481 (2,2_3_0147.jpg",right,272,— de Gobin 798.,28
"..\He 6481 (2,2_3_0147.jpg",right,272,— Gotwitz 1285 1307.,29
"..\He 6481 (2,2_3_0147.jpg",right,272,— de Gunse 357.,30
"..\He 6481 (2,2_3_0147.jpg",right,272,— de Hanover 731.,31
"..\He 6481 (2,2_3_0147.jpg",right,272,— Helmeste 1018.,32
"..\He 6481 (2,2_3_0147.jpg",right,272,— de Hermorzes 674.,33
"..\He 6481 (2,2_3_0147.jpg",right,272,— mag. hosp. s. Johannis Jerus. 1018.,34
"..\He 6481 (2,2_3_0147.jpg",right,272,— Yong 1018.,35
"..\He 6481 (2,2_3_0147.jpg",right,272,— Mentz 1018.,36
"..\He 6481 (2,2_3_0147.jpg",right,272,— Plassemberger 256.,37
"..\He 6481 (2,2_3_0147.jpg",right,272,— Possewyk 1018.,38
"..\He 6481 (2,2_3_0147.jpg",right,272,— de Telsberg 928.,39
"..\He 6481 (2,2_3_0147.jpg",right,272,— Ulbrandi 39.,40
"..\He 6481 (2,2_3_0147.jpg",right,272,Richelinga 417 (v. Henricus de Kraghe).,41
"..\He 6481 (2,2_3_0147.jpg",right,272,"Richerus Bunne (Bonne, Bonno) 884 1018.",42
"..\He 6481 (2,2_3_0147.jpg",right,272,— Jacobi Lescaillon de Ynodio 1018.,43
"..\He 6481 (2,2_3_0147.jpg",right,272,Rycolfus de Os 643.,44
"..\He 6481 (2,2_3_0147.jpg",right,272,Richwinus de Confluentia 1419.,45
"..\He 6481 (2,2_3_0147.jpg",right,272,— (Rijchwinus) Conradi de Monasteriomeynvelt 1018 1364.,46
"..\He 6481 (2,2_3_0147.jpg",right,272,— de Gemyndia 1308.,47
"..\He 6481 (2,2_3_0147.jpg",right,272,— de Wrsdorp 1420.,48
"..\He 6481 (2,2_3_0147.jpg",left,271,122 123 131 216 254 509 580 664 683 690 703 758 859 1010 1194 1197.,1
"..\He 6481 (2,2_3_0147.jpg",left,271,"Reynbertus (Reymbertus, Rembertus, Rempertus) scolast. eccl. s. Bonifatii Hamelen. 464.",2
"..\He 6481 (2,2_3_0147.jpg",left,271,— Brecht 1013.,3
"..\He 6481 (2,2_3_0147.jpg",left,271,— Hovesche al. d. de Blancke 349 1013.,4
"..\He 6481 (2,2_3_0147.jpg",left,271,— de List (Lijst) 750 1013 1083 1278.,5
"..\He 6481 (2,2_3_0147.jpg",left,271,— de Monichusen 456.,6
"..\He 6481 (2,2_3_0147.jpg",left,271,— baro de Waltse 1014 1028.,7
"..\He 6481 (2,2_3_0147.jpg",left,271,"Reinboldus (Rainbaldus, Ramboldus, Remboldus, Reimboldus) de Gryet 1014.",8
"..\He 6481 (2,2_3_0147.jpg",left,271,— Merlini 317 1007.,9
"..\He 6481 (2,2_3_0147.jpg",left,271,— de Nauseyo 1014 1256.,10
"..\He 6481 (2,2_3_0147.jpg",left,271,— abb. mon. Novillar. 802.,11
"..\He 6481 (2,2_3_0147.jpg",left,271,— Reymboldi de superiori Laystein (Superiorlainsteyn) 566 1014.,12
"..\He 6481 (2,2_3_0147.jpg",left,271,— de Schonnecke 624.,13
"..\He 6481 (2,2_3_0147.jpg",left,271,— Sleht (Sleht) de Gamundia 1014 1307.,14
"..\He 6481 (2,2_3_0147.jpg",left,271,— d. Wetzcl 39 341.,15
"..\He 6481 (2,2_3_0147.jpg",left,271,Reynboto de Sunsheim 810.,16
"..\He 6481 (2,2_3_0147.jpg",left,271,Reynekinus Severi 961.,17
"..\He 6481 (2,2_3_0147.jpg",left,271,"Reinerus (Rainerus, Raynerus, Reynerus) Baldewini Crucesignati 1015.",18
"..\He 6481 (2,2_3_0147.jpg",left,271,— de Berghe 913.,19
"..\He 6481 (2,2_3_0147.jpg",left,271,— de Brunswic 525.,20
"..\He 6481 (2,2_3_0147.jpg",left,271,— Cleyner 600.,21
"..\He 6481 (2,2_3_0147.jpg",left,271,— Kreyt 935.,22
"..\He 6481 (2,2_3_0147.jpg",left,271,— Vogedekynch 413.,23
"..\He 6481 (2,2_3_0147.jpg",left,271,— de Fonte 526.,24
"..\He 6481 (2,2_3_0147.jpg",left,271,— de Mokenborgh 1015.,25
"..\He 6481 (2,2_3_0147.jpg",left,271,— de Namurco 1015.,26
"..\He 6481 (2,2_3_0147.jpg",left,271,— de Pomerio 1015.,27
"..\He 6481 (2,2_3_0147.jpg",left,271,— Post 520.,28
"..\He 6481 (2,2_3_0147.jpg",left,271,— Raven 359.,29
"..\He 6481 (2,2_3_0147.jpg",left,271,"— Reyklocke (Reyklock, Reclocke) 504 583 1015.",30
"..\He 6481 (2,2_3_0147.jpg",left,271,— Salini 1419.,31
"..\He 6481 (2,2_3_0147.jpg",left,271,— Symonis 1085.,32
"..\He 6481 (2,2_3_0147.jpg",left,271,— Storm 451 1279 1426.,33
"..\He 6481 (2,2_3_0147.jpg",left,271,— de Sudderdorpe 1015.,34
"..\He 6481 (2,2_3_0147.jpg",left,271,— Wyman 1015.,35
"..\He 6481 (2,2_3_0147.jpg",left,271,Raynhaldus ep. Culm. v. Reynhardus ep. C.,36
"..\He 6481 (2,2_3_0147.jpg",left,271,"Reinhardus (Raynhardus, Raynardus, Reynhardus, Renhardus) de Bybera 1307.",37
"..\He 6481 (2,2_3_0147.jpg",left,271,— de Bopardia 1120.,38
"..\He 6481 (2,2_3_0147.jpg",left,271,— de Brucke (Brucken) 415 900.,39
"..\He 6481 (2,2_3_0147.jpg",left,271,— (Raynhaldus) ep. Culm. 25 886 888 1016.,40
"..\He 6481 (2,2_3_0148.jpg",left,273,Rigaldus de Feyhse 1019.,1
"..\He 6481 (2,2_3_0148.jpg",left,273,Ritoldus van der Smitten de Aquis 1420.,2
"..\He 6481 (2,2_3_0148.jpg",left,273,Robertus v. Rupertus.,3
"..\He 6481 (2,2_3_0148.jpg",left,273,Robinus Husonis de Ynodio 1019.,4
"..\He 6481 (2,2_3_0148.jpg",left,273,— de Ysenburch 380.,5
"..\He 6481 (2,2_3_0148.jpg",left,273,— de Swalmen 530.,6
"..\He 6481 (2,2_3_0148.jpg",left,273,Robonus Kochner 312.,7
"..\He 6481 (2,2_3_0148.jpg",left,273,Rodericus de Renneberg 26.,8
"..\He 6481 (2,2_3_0148.jpg",left,273,Rodolphus v. Rudolphus.,9
"..\He 6481 (2,2_3_0148.jpg",left,273,Rogerius de Brunchorst 1019.,10
"..\He 6481 (2,2_3_0148.jpg",left,273,Rogerus de Ynodio 1139.,11
"..\He 6481 (2,2_3_0148.jpg",left,273,— de Roteman 518.,12
"..\He 6481 (2,2_3_0148.jpg",left,273,— Seger 1308.,13
"..\He 6481 (2,2_3_0148.jpg",left,273,Roylmannus Lampertor v. Reyhmannus L.,14
"..\He 6481 (2,2_3_0148.jpg",left,273,Rolandus dec. eccl. s. Blasii Brunswic. 146.,15
"..\He 6481 (2,2_3_0148.jpg",left,273,— Karg 1020.,16
"..\He 6481 (2,2_3_0148.jpg",left,273,— Fabri 1425.,17
"..\He 6481 (2,2_3_0148.jpg",left,273,— de Leze 44 1020.,18
"..\He 6481 (2,2_3_0148.jpg",left,273,"— de Lusteringen (Lustringen, Lustringhen) 288 791 1020 1257.",19
"..\He 6481 (2,2_3_0148.jpg",left,273,"— (Rolinus) de Rodomachea, el. Viridun. 26 1021.",20
"..\He 6481 (2,2_3_0148.jpg",left,273,— Schule de Nussia 1021.,21
"..\He 6481 (2,2_3_0148.jpg",left,273,Roricho de Eysenbach 1021.,22
"..\He 6481 (2,2_3_0148.jpg",left,273,Roricus abb. mon. s. Maximini e. m. Trever. 343 484 513 640 688 1120.,23
"..\He 6481 (2,2_3_0148.jpg",left,273,Rotardus de Lichtenberch al. de Lanskroen 1022.,24
"..\He 6481 (2,2_3_0148.jpg",left,273,— Rothardi 520.,25
"..\He 6481 (2,2_3_0148.jpg",left,273,Rotherus v. Rutgerus.,26
"..\He 6481 (2,2_3_0148.jpg",left,273,Rubbertus v. Rupertus.,27
"..\He 6481 (2,2_3_0148.jpg",left,273,Ruberus de Welden 570.,28
"..\He 6481 (2,2_3_0148.jpg",left,273,"Ruckerus, Rudgerus v. Rutgerus.",29
"..\He 6481 (2,2_3_0148.jpg",left,273,Rudel Rym 944.,30
"..\He 6481 (2,2_3_0148.jpg",left,273,"Rudolphus (Radolphus, Radulfus, Rodolphus, Rodulphus) 1029.",31
"..\He 6481 (2,2_3_0148.jpg",left,273,— 1110.,32
"..\He 6481 (2,2_3_0148.jpg",left,273,— v. R. Werevelt.,33
"..\He 6481 (2,2_3_0148.jpg",left,273,"— de Aenhalt (Anhalt, Onehalt), ep. Halberstad. 173 183 387 400 461 616 822 1023 1089 1124.",34
"..\He 6481 (2,2_3_0148.jpg",left,273,— Amfeld 1308.,35
"..\He 6481 (2,2_3_0148.jpg",left,273,— Angerfelder de Vienna 1023.,36
"..\He 6481 (2,2_3_0148.jpg",left,273,— Atten de Lucerna 1024.,37
"..\He 6481 (2,2_3_0148.jpg",left,273,— Austrie dux 1024.,38
"..\He 6481 (2,2_3_0148.jpg",left,273,— de Balghe 1024.,39
"..\He 6481 (2,2_3_0148.jpg",left,273,— de Belheim v. R. Rudolphi de B.,40
"..\He 6481 (2,2_3_0148.jpg",left,273,— Bischof 1024.,41
"..\He 6481 (2,2_3_0148.jpg",left,273,— de Blumenberg al. Rentzinger 452.,42
"..\He 6481 (2,2_3_0148.jpg",left,273,— de Bordeslo 1024.,43
"..\He 6481 (2,2_3_0148.jpg",right,274,Rudolphus de Brunckhofen (Brum-koffen) 187 188.,1
"..\He 6481 (2,2_3_0148.jpg",right,274,— Kec (Coc) de Ysendoren 65 87 1024.,2
"..\He 6481 (2,2_3_0148.jpg",right,274,— de Conczi 1340.,3
"..\He 6481 (2,2_3_0148.jpg",right,274,— de Cuberch 211.,4
"..\He 6481 (2,2_3_0148.jpg",right,274,— Curnaghel 667.,5
"..\He 6481 (2,2_3_0148.jpg",right,274,— de Dotinchem 552.,6
"..\He 6481 (2,2_3_0148.jpg",right,274,— com. palatinus de Duwingen 671.,7
"..\He 6481 (2,2_3_0148.jpg",right,274,— Everardi de Vollenhoe 1025.,8
"..\He 6481 (2,2_3_0148.jpg",right,274,— van dem Kelre 838.,9
"..\He 6481 (2,2_3_0148.jpg",right,274,— Vanderhorst 397.,10
"..\He 6481 (2,2_3_0148.jpg",right,274,— Phawe 152.,11
"..\He 6481 (2,2_3_0148.jpg",right,274,— de Veltkirchen 913 947.,12
"..\He 6481 (2,2_3_0148.jpg",right,274,— Folkwini de Homberg 1025.,13
"..\He 6481 (2,2_3_0148.jpg",right,274,— de Gent 91.,14
"..\He 6481 (2,2_3_0148.jpg",right,274,— de Gundelfingen 1025.,15
"..\He 6481 (2,2_3_0148.jpg",right,274,— ep. Halberstad. v. R. de Aenhalt.,16
"..\He 6481 (2,2_3_0148.jpg",right,274,— de Haselunne (Haselune) 1308 1420.,17
"..\He 6481 (2,2_3_0148.jpg",right,274,— Haslunger 997.,18
"..\He 6481 (2,2_3_0148.jpg",right,274,— de Hewen 525 1154 1191.,19
"..\He 6481 (2,2_3_0148.jpg",right,274,— d. Hinsli de Thurego 1025.,20
"..\He 6481 (2,2_3_0148.jpg",right,274,— Hirslin 758.,21
"..\He 6481 (2,2_3_0148.jpg",right,274,— com. de Hohenberg (marchio de Hoechberg) et dom. de Roetlem 530 1025.,22
"..\He 6481 (2,2_3_0148.jpg",right,274,— de Huntzbach al. de Mulhusen 765.,23
"..\He 6481 (2,2_3_0148.jpg",right,274,— prep. mon. in Jerchow 284.,24
"..\He 6481 (2,2_3_0148.jpg",right,274,— abb. mon. s. Lamberti in Carinthia 25 1025 1320.,25
"..\He 6481 (2,2_3_0148.jpg",right,274,— Langhals 353 1026.,26
"..\He 6481 (2,2_3_0148.jpg",right,274,— de Lichtenechg 1129.,27
"..\He 6481 (2,2_3_0148.jpg",right,274,— Ludovici Sculteti de Winterthur 1308.,28
"..\He 6481 (2,2_3_0148.jpg",right,274,— Martini 1026.,29
"..\He 6481 (2,2_3_0148.jpg",right,274,— Melpecher de Wanebach 1420.,30
"..\He 6481 (2,2_3_0148.jpg",right,274,— de Mintzeberg 1421.,31
"..\He 6481 (2,2_3_0148.jpg",right,274,— Monachi 469.,32
"..\He 6481 (2,2_3_0148.jpg",right,274,— abb. mon. Morbac. 25.,33
"..\He 6481 (2,2_3_0148.jpg",right,274,— de Omstad 1386.,34
"..\He 6481 (2,2_3_0148.jpg",right,274,— de Onehalt v. R. de Aenhalt.,35
"..\He 6481 (2,2_3_0148.jpg",right,274,— Petri de Duesborch 1042.,36
"..\He 6481 (2,2_3_0148.jpg",right,274,— Pincerna baro de Tutenberg 1026.,37
"..\He 6481 (2,2_3_0148.jpg",right,274,— Plawnitz 1026.,38
"..\He 6481 (2,2_3_0148.jpg",right,274,— Quinghe 1308.,39
"..\He 6481 (2,2_3_0148.jpg",right,274,— Raschler 1026.,40
"..\He 6481 (2,2_3_0148.jpg",right,274,— de Ravenswarde 118.,41
"..\He 6481 (2,2_3_0148.jpg",right,274,— d. Reydelcr 743.,42
"..\He 6481 (2,2_3_0148.jpg",right,274,— de Rynach 364.,43
"..\He 6481 (2,2_3_0148.jpg",right,274,— de Ronstede (Runstede) 319 823.,44
"..\He 6481 (2,2_3_0148.jpg",right,274,— Rudolphi de Belhain al. d. Ruler 127 235 1026 1417.,45
"..\He 6481 (2,2_3_0148.jpg",right,274,— abb. mon. in Sagan 1027.,46
"..\He 6481 (2,2_3_0149.jpg",left,275,Rudolphus dux Saxonie 1027.,1
"..\He 6481 (2,2_3_0149.jpg",left,275,"— ep. Scaren. (Scharen.), ep. Zwerin. 125 456 554 567 819 886 1027 1117 1118 1284 1309 1423.",2
"..\He 6481 (2,2_3_0149.jpg",left,275,— Schenck 132.,3
"..\He 6481 (2,2_3_0149.jpg",left,275,— Scrinier 27.,4
"..\He 6481 (2,2_3_0149.jpg",left,275,— Segesser 1028.,5
"..\He 6481 (2,2_3_0149.jpg",left,275,— de Sissach 1028.,6
"..\He 6481 (2,2_3_0149.jpg",left,275,— Specman 554.,7
"..\He 6481 (2,2_3_0149.jpg",left,275,— Spiczli (Spitzli) 1308 1393.,8
"..\He 6481 (2,2_3_0149.jpg",left,275,— Taem 95.,9
"..\He 6481 (2,2_3_0149.jpg",left,275,— de Telwilr 1007 1028.,10
"..\He 6481 (2,2_3_0149.jpg",left,275,— Tettikover 1028.,11
"..\He 6481 (2,2_3_0149.jpg",left,275,— de Tiela 406.,12
"..\He 6481 (2,2_3_0149.jpg",left,275,— de Tyerna 1028.,13
"..\He 6481 (2,2_3_0149.jpg",left,275,— Tuinger 251.,14
"..\He 6481 (2,2_3_0149.jpg",left,275,— Turs 316.,15
"..\He 6481 (2,2_3_0149.jpg",left,275,— Wahsmut 318.,16
"..\He 6481 (2,2_3_0149.jpg",left,275,— baro de Walse (R. de Waltse) 131 1028.,17
"..\He 6481 (2,2_3_0149.jpg",left,275,— Werevelt 1225 1382.,18
"..\He 6481 (2,2_3_0149.jpg",left,275,— de Westersteten 1029.,19
"..\He 6481 (2,2_3_0149.jpg",left,275,— de Wetter 750.,20
"..\He 6481 (2,2_3_0149.jpg",left,275,— Wincennawer 1146.,21
"..\He 6481 (2,2_3_0149.jpg",left,275,— de Winczingerode 1020.,22
"..\He 6481 (2,2_3_0149.jpg",left,275,— ep. Zwerin. v. R. ep. Scaren.,23
"..\He 6481 (2,2_3_0149.jpg",left,275,Ruelinus Spanner 1029.,24
"..\He 6481 (2,2_3_0149.jpg",left,275,Rugerus v. Rutgerus.,25
"..\He 6481 (2,2_3_0149.jpg",left,275,Rulmannus (Roylmannus) d. Lampeter de Confluentia 686.,26
"..\He 6481 (2,2_3_0149.jpg",left,275,— Wisze 1111.,27
"..\He 6481 (2,2_3_0149.jpg",left,275,Ruolmannus d. Swarber 1293.,28
"..\He 6481 (2,2_3_0149.jpg",left,275,Ruotbrach 221.,29
"..\He 6481 (2,2_3_0149.jpg",left,275,"Rupertus (Robertus, Rubbertus, Ropertus) 430.",30
"..\He 6481 (2,2_3_0149.jpg",left,275,— 1030.,31
"..\He 6481 (2,2_3_0149.jpg",left,275,— antipapa (Clemens VII.) 323 426 506 519 638 692 921 1057 1121.,32
"..\He 6481 (2,2_3_0149.jpg",left,275,— Bavarie dux 256 1029.,33
"..\He 6481 (2,2_3_0149.jpg",left,275,— Bavarie dux et com. Palatinus Rheni 393.,34
"..\He 6481 (2,2_3_0149.jpg",left,275,"— Bavarie dux et com. Palatinus Rheni, Romanorum rex 170 247 249 252 393 622 727 1029 1123 1171 1207 1215 1265 1273 1309 1340 1345 1357 1381 1383 1421 1429.",35
"..\He 6481 (2,2_3_0149.jpg",left,275,— de Beltz 1350 1431.,36
"..\He 6481 (2,2_3_0149.jpg",left,275,— abb. mon. in Berne 360.,37
"..\He 6481 (2,2_3_0149.jpg",left,275,— Fogtlein 657.,38
"..\He 6481 (2,2_3_0149.jpg",left,275,— Frederici de Sassenhusen 1030.,39
"..\He 6481 (2,2_3_0149.jpg",left,275,— de Gwungis 718.,40
"..\He 6481 (2,2_3_0149.jpg",left,275,— de Hokelhem (Ribbertus de Hockelem) 278 1030.,41
"..\He 6481 (2,2_3_0149.jpg",right,276,Rupertus Hogeri 1030.,1
"..\He 6481 (2,2_3_0149.jpg",right,276,— Jacobi Grane 1420.,2
"..\He 6481 (2,2_3_0149.jpg",right,276,— Johannis de Rynensteyn 1030.,3
"..\He 6481 (2,2_3_0149.jpg",right,276,— Lavart de Conceyo 1030.,4
"..\He 6481 (2,2_3_0149.jpg",right,276,— ep. London. 792.,5
"..\He 6481 (2,2_3_0149.jpg",right,276,"— de Monte, el. Patav., ep. Padeburn. 8 26 594 608 1031 1257.",6
"..\He 6481 (2,2_3_0149.jpg",right,276,— Morpach 1030.,7
"..\He 6481 (2,2_3_0149.jpg",right,276,— de Norde (Nortlo) 712 949 1030.,8
"..\He 6481 (2,2_3_0149.jpg",right,276,— Pachmair 1031.,9
"..\He 6481 (2,2_3_0149.jpg",right,276,"— el. Patav., ep. Padeburn. v. R. de Monte.",10
"..\He 6481 (2,2_3_0149.jpg",right,276,— Romanorum rex v. R. Bavarie dux.,11
"..\He 6481 (2,2_3_0149.jpg",right,276,— Rulonis de Wetter 188 560 646 647 1031 1391.,12
"..\He 6481 (2,2_3_0149.jpg",right,276,— dux Slezie et dominus Legnic. 280 813 1031 1309.,13
"..\He 6481 (2,2_3_0149.jpg",right,276,— Sweller 213.,14
"..\He 6481 (2,2_3_0149.jpg",right,276,— archid. Trever. 987.,15
"..\He 6481 (2,2_3_0149.jpg",right,276,— Uberekker (Uberekhez) 1031.,16
"..\He 6481 (2,2_3_0149.jpg",right,276,— de Wels 693.,17
"..\He 6481 (2,2_3_0149.jpg",right,276,— de Wetter v. Rupertus Rulonis de W.,18
"..\He 6481 (2,2_3_0149.jpg",right,276,— Wilde 1032.,19
"..\He 6481 (2,2_3_0149.jpg",right,276,"— de Wische (Wesch, Wysch, Wissch) 89 990 991 1032 1154.",20
"..\He 6481 (2,2_3_0149.jpg",right,276,— de Zudendorf 1309.,21
"..\He 6481 (2,2_3_0149.jpg",right,276,"Rutgerus (Rudgerus, Rudegerus, Rudigerus, Rugherus, Rugerus, Ruckerus, Rotgherus, Rotherus, Rutherus) 962.",22
"..\He 6481 (2,2_3_0149.jpg",right,276,— v. R. Olhaffen de Turego.,23
"..\He 6481 (2,2_3_0149.jpg",right,276,— de Alhusen v. R. Olhaffen.,24
"..\He 6481 (2,2_3_0149.jpg",right,276,— de Aquis 1032.,25
"..\He 6481 (2,2_3_0149.jpg",right,276,— de Balhorn 55 87 90 114 207 209 399 491 678 740 741 762 797 809 851 886 930 932 963 1006 1022 1091 1157 1213 1231 1287 1291 1297 1318 1342 1409 1420 1432.,26
"..\He 6481 (2,2_3_0149.jpg",right,276,— de Biele 1032.,27
"..\He 6481 (2,2_3_0149.jpg",right,276,— de Boetseler 728.,28
"..\He 6481 (2,2_3_0149.jpg",right,276,— Bogel 1033.,29
"..\He 6481 (2,2_3_0149.jpg",right,276,"— de Brugenoy, ep. Curon. 1033 1224.",30
"..\He 6481 (2,2_3_0149.jpg",right,276,— Bruyt 1353.,31
"..\He 6481 (2,2_3_0149.jpg",right,276,— Busler 1033 1421.,32
"..\He 6481 (2,2_3_0149.jpg",right,276,— Chaldsdorfer 256.,33
"..\He 6481 (2,2_3_0149.jpg",right,276,— de Castro 1033.,34
"..\He 6481 (2,2_3_0149.jpg",right,276,— de Kelbra 1240.,35
"..\He 6481 (2,2_3_0149.jpg",right,276,— Knwt (Knut) de Novimagio 362 1033.,36
"..\He 6481 (2,2_3_0149.jpg",right,276,"— de Dijck (Dijk, Dijc, Dysch) 1033 1279 1309 1312 1421 1426.",37
"..\He 6481 (2,2_3_0149.jpg",right,276,— de Druenen (Drueven) 532 1033.,38
"..\He 6481 (2,2_3_0150.jpg",left,277,Rutgerus de Vlodorp 1034.,1
"..\He 6481 (2,2_3_0150.jpg",left,277,— d. Vorn (Worne) de Aldenhoven 1035.,2
"..\He 6481 (2,2_3_0150.jpg",left,277,— de Freynstat 1421.,3
"..\He 6481 (2,2_3_0150.jpg",left,277,— de Hekeren 1034.,4
"..\He 6481 (2,2_3_0150.jpg",left,277,— de Heydhusen (Heithusen) 463 652.,5
"..\He 6481 (2,2_3_0150.jpg",left,277,— abb. mon. in Heysterbach 1034.,6
"..\He 6481 (2,2_3_0150.jpg",left,277,— de Huesen v. R. Walrami de H.,7
"..\He 6481 (2,2_3_0150.jpg",left,277,— de Indagine 56 440 446 650.,8
"..\He 6481 (2,2_3_0150.jpg",left,277,— Johannis Fermentatoris de Werdena 1034.,9
"..\He 6481 (2,2_3_0150.jpg",left,277,— de Iserenhorst 631.,10
"..\He 6481 (2,2_3_0150.jpg",left,277,— de Lijsenkirghen 1335.,11
"..\He 6481 (2,2_3_0150.jpg",left,277,— Markel de Sevfelt 1034.,12
"..\He 6481 (2,2_3_0150.jpg",left,277,— d. Murspeck 870.,13
"..\He 6481 (2,2_3_0150.jpg",left,277,— Nossidelitz 981.,14
"..\He 6481 (2,2_3_0150.jpg",left,277,— Overhach de Tremonia 1034.,15
"..\He 6481 (2,2_3_0150.jpg",left,277,— Olhaffen (de Alhusen) de Turego 131 1034 1264.,16
"..\He 6481 (2,2_3_0150.jpg",left,277,— ep. Patav. 142.,17
"..\He 6481 (2,2_3_0150.jpg",left,277,— Pictoris al. Volmensteyn 349.,18
"..\He 6481 (2,2_3_0150.jpg",left,277,— Rudgeri de Lintz 1282.,19
"..\He 6481 (2,2_3_0150.jpg",left,277,— Rutgeri Trumpeler 1374.,20
"..\He 6481 (2,2_3_0150.jpg",left,277,— Scultheti 1035.,21
"..\He 6481 (2,2_3_0150.jpg",left,277,— Schunden 1035.,22
"..\He 6481 (2,2_3_0150.jpg",left,277,— Swansbote 3.,23
"..\He 6481 (2,2_3_0150.jpg",left,277,— de Talheim 1035.,24
"..\He 6481 (2,2_3_0150.jpg",left,277,— abb. mon. in Theris 1035.,25
"..\He 6481 (2,2_3_0150.jpg",left,277,— de Wabern al. de Gudensperg (Wakem de G.) 468 1018.,26
"..\He 6481 (2,2_3_0150.jpg",left,277,— de Waldorp (Waildorp) 88 99 1191.,27
"..\He 6481 (2,2_3_0150.jpg",left,277,— Walrami de Huessen (Huesen) 46 1035.,28
"..\He 6481 (2,2_3_0150.jpg",left,277,— de Wenge 1035.,29
"..\He 6481 (2,2_3_0150.jpg",left,277,— de Wenge 1035.,30
"..\He 6481 (2,2_3_0150.jpg",left,277,— Wilde 1255.,31
"..\He 6481 (2,2_3_0150.jpg",left,277,— de Wiler 204.,32
"..\He 6481 (2,2_3_0150.jpg",left,277,Saffentinus de Manderit 108 403 433 463 787 1036.,33
"..\He 6481 (2,2_3_0150.jpg",left,277,Salmannus de Maguntia d. Zaunlangenhofe 446.,34
"..\He 6481 (2,2_3_0150.jpg",left,277,Salomo abb. mon. in Esrom 1037.,35
"..\He 6481 (2,2_3_0150.jpg",left,277,Salvator Fischo 13.,36
"..\He 6481 (2,2_3_0150.jpg",left,277,Samuel de Wijc 1038.,37
"..\He 6481 (2,2_3_0150.jpg",left,277,Sanderus de Brunswic 780 1038.,38
"..\He 6481 (2,2_3_0150.jpg",left,277,— Visbeke 536 1038.,39
"..\He 6481 (2,2_3_0150.jpg",left,277,— Vogelsanc 498 667.,40
"..\He 6481 (2,2_3_0150.jpg",left,277,— de Geysmaria 250 1038.,41
"..\He 6481 (2,2_3_0150.jpg",left,277,— de Holtvelde 702 787.,42
"..\He 6481 (2,2_3_0150.jpg",left,277,— Jesche 896.,43
"..\He 6481 (2,2_3_0150.jpg",right,278,Sanderus de Molendino 1039.,1
"..\He 6481 (2,2_3_0150.jpg",right,278,— d. de Randenrode 1039.,2
"..\He 6481 (2,2_3_0150.jpg",right,278,"— Tygeken de Meppen (Meppin, Mesp en) 608 658 788 857 1039 1400.",3
"..\He 6481 (2,2_3_0150.jpg",right,278,Sandro Johannis 1039.,4
"..\He 6481 (2,2_3_0150.jpg",right,278,Sandziwogius Keltzonis 211.,5
"..\He 6481 (2,2_3_0150.jpg",right,278,— de Micoslavice (Micolaïowicze) 211 1061.,6
"..\He 6481 (2,2_3_0150.jpg",right,278,— palatinus Poznan. 1039.,7
"..\He 6481 (2,2_3_0150.jpg",right,278,— (Sandzyvogius) Swydna 1039.,8
"..\He 6481 (2,2_3_0150.jpg",right,278,Santor de Ogorzeltzyno 62.,9
"..\He 6481 (2,2_3_0150.jpg",right,278,Sardius de Moscellis 454.,10
"..\He 6481 (2,2_3_0150.jpg",right,278,Saska 1039 (v. Sandzyvogius palatinus Poznan.).,11
"..\He 6481 (2,2_3_0150.jpg",right,278,Sassinus Wischonis 919.,12
"..\He 6481 (2,2_3_0150.jpg",right,278,Savere Francisci de Savere de Perusio 1310.,13
"..\He 6481 (2,2_3_0150.jpg",right,278,Sbigneus de Rzesochko 1311.,14
"..\He 6481 (2,2_3_0150.jpg",right,278,— Sbignei de Gnoyno 1012.,15
"..\He 6481 (2,2_3_0150.jpg",right,278,— Sbignei de Slusow (Sluszowo) 45 1040 1311.,16
"..\He 6481 (2,2_3_0150.jpg",right,278,Sbilutus de Golantza 1040.,17
"..\He 6481 (2,2_3_0150.jpg",right,278,— de Trlang d. Wirtzikig al. Zelaznagacza 1067.,18
"..\He 6481 (2,2_3_0150.jpg",right,278,— ep. Wladislav. 309 542 1186.,19
"..\He 6481 (2,2_3_0150.jpg",right,278,Sbislaus de Turka (Turkow) 943 1040.,20
"..\He 6481 (2,2_3_0150.jpg",right,278,Schacko de Haghen 1253.,21
"..\He 6481 (2,2_3_0150.jpg",right,278,Schaffardus de Lyninghen 1040.,22
"..\He 6481 (2,2_3_0150.jpg",right,278,Scalmire 882 (v. Nicolaus de Bursalia).,23
"..\He 6481 (2,2_3_0150.jpg",right,278,Schasfridus de Lyningen v. Joffredus de L.,24
"..\He 6481 (2,2_3_0150.jpg",right,278,Schellepeper 1040.,25
"..\He 6481 (2,2_3_0150.jpg",right,278,Schnupho de Giltlinga 687.,26
"..\He 6481 (2,2_3_0150.jpg",right,278,Sebastianus de Tanne 1041.,27
"..\He 6481 (2,2_3_0150.jpg",right,278,— Thyem 1362.,28
"..\He 6481 (2,2_3_0150.jpg",right,278,Sebertus Snabel de Confluentia 1041.,29
"..\He 6481 (2,2_3_0150.jpg",right,278,Segebandus de Wittorpe 889 1258.,30
"..\He 6481 (2,2_3_0150.jpg",right,278,Segebodo (Zeghebodo) Berswort (Berswert) de Tremonia 1042 1280.,31
"..\He 6481 (2,2_3_0150.jpg",right,278,Segehardus Hatterman 1261 1267.,32
"..\He 6481 (2,2_3_0150.jpg",right,278,Segerus (Segherus) van der Braeck (Broec) al. d. Bitter 1042 1086 1315.,33
"..\He 6481 (2,2_3_0150.jpg",right,278,— de Welderen 1042.,34
"..\He 6481 (2,2_3_0150.jpg",right,278,Segnerus Derslai 24.,35
"..\He 6481 (2,2_3_0150.jpg",right,278,Seybottus prep. eccl. s. Margarete in Luding 118 312.,36
"..\He 6481 (2,2_3_0150.jpg",right,278,Seyfridus v. Sifridus.,37
"..\He 6481 (2,2_3_0150.jpg",right,278,Semovicus prior hosp. s. Johannis Jerusalem. in regno Polonie 26 875.,38
"..\He 6481 (2,2_3_0150.jpg",right,278,— (Sematzko) dux Matzovie et Cuiavie et Russie 65 943 1042.,39
"..\He 6481 (2,2_3_0150.jpg",right,278,Servatius Osterhilter 1043.,40
"..\He 6481 (2,2_3_0150.jpg",right,278,Sewardus Raenrats 1401.,41
"..\He 6481 (2,2_3_0151.jpg",left,279,Sybba Kenysne 1349 (v. Everardus Itzinge).,1
"..\He 6481 (2,2_3_0151.jpg",left,279,Sibertus de Volmolen 1043.,2
"..\He 6481 (2,2_3_0151.jpg",left,279,— d. Updenkelre 1043.,3
"..\He 6481 (2,2_3_0151.jpg",left,279,Sybodo d. Mouxhoern 146.,4
"..\He 6481 (2,2_3_0151.jpg",left,279,— prep. mon. Novioperis 388.,5
"..\He 6481 (2,2_3_0151.jpg",left,279,— ep. Spiren. 778.,6
"..\He 6481 (2,2_3_0151.jpg",left,279,Siboldus d. Leonis de Steynfurt 1043.,7
"..\He 6481 (2,2_3_0151.jpg",left,279,Sybrandus Reysghe 1043.,8
"..\He 6481 (2,2_3_0151.jpg",left,279,— Wynter 692.,9
"..\He 6481 (2,2_3_0151.jpg",left,279,Sydomannus de Swartzbach 171 172.,10
"..\He 6481 (2,2_3_0151.jpg",left,279,"Sifridus (Siffridus, Seifridus, Sigfridus) 179.",11
"..\He 6481 (2,2_3_0151.jpg",left,279,— 711.,12
"..\He 6481 (2,2_3_0151.jpg",left,279,— de Ameneburg 1043.,13
"..\He 6481 (2,2_3_0151.jpg",left,279,— de Basenhusen 176.,14
"..\He 6481 (2,2_3_0151.jpg",left,279,— Beyer 1240.,15
"..\He 6481 (2,2_3_0151.jpg",left,279,— de Brenken 1043.,16
"..\He 6481 (2,2_3_0151.jpg",left,279,— de Broela (Broil) 542.,17
"..\He 6481 (2,2_3_0151.jpg",left,279,— d. Keller 286.,18
"..\He 6481 (2,2_3_0151.jpg",left,279,— Kesselborn 1228 1229 1273.,19
"..\He 6481 (2,2_3_0151.jpg",left,279,— Cyrenberg 1038.,20
"..\He 6481 (2,2_3_0151.jpg",left,279,— Cristian 861 1044.,21
"..\He 6481 (2,2_3_0151.jpg",left,279,— Cursoris 1044.,22
"..\He 6481 (2,2_3_0151.jpg",left,279,— Eyeraman 1044.,23
"..\He 6481 (2,2_3_0151.jpg",left,279,— de Esfelt 1044.,24
"..\He 6481 (2,2_3_0151.jpg",left,279,— Espach 444.,25
"..\He 6481 (2,2_3_0151.jpg",left,279,— de Veninghen 1044 1082.,26
"..\He 6481 (2,2_3_0151.jpg",left,279,— de Verden 3.,27
"..\He 6481 (2,2_3_0151.jpg",left,279,— Vischer 870.,28
"..\He 6481 (2,2_3_0151.jpg",left,279,— abb. mon. s. Georgii de Borgelino 1044.,29
"..\He 6481 (2,2_3_0151.jpg",left,279,— Gerlacher 1044.,30
"..\He 6481 (2,2_3_0151.jpg",left,279,— Gerlein 1044.,31
"..\He 6481 (2,2_3_0151.jpg",left,279,— Gherwer de Hallis 1421.,32
"..\He 6481 (2,2_3_0151.jpg",left,279,— Groper de Luneborg 1044.,33
"..\He 6481 (2,2_3_0151.jpg",left,279,— Hanebom 1044.,34
"..\He 6481 (2,2_3_0151.jpg",left,279,— Hasenberch 168.,35
"..\He 6481 (2,2_3_0151.jpg",left,279,— de Hoym 1310.,36
"..\He 6481 (2,2_3_0151.jpg",left,279,— d. Holerschus 412 1045.,37
"..\He 6481 (2,2_3_0151.jpg",left,279,— ep. Ieropolitan. 1310.,38
"..\He 6481 (2,2_3_0151.jpg",left,279,— de Lapide 26 150 784.,39
"..\He 6481 (2,2_3_0151.jpg",left,279,— Loboyde 1045.,40
"..\He 6481 (2,2_3_0151.jpg",left,279,— Luyff van den Walde 1422.,41
"..\He 6481 (2,2_3_0151.jpg",left,279,— d. Mak 1045.,42
"..\He 6481 (2,2_3_0151.jpg",left,279,— abb. mon. Melic. 20 832.,43
"..\He 6481 (2,2_3_0151.jpg",left,279,— d. Mistelbekch 1060.,44
"..\He 6481 (2,2_3_0151.jpg",left,279,— Mulerth 1045.,45
"..\He 6481 (2,2_3_0151.jpg",left,279,— Nicolai de Rytendorf 195.,46
"..\He 6481 (2,2_3_0151.jpg",left,279,— Ochse 203.,47
"..\He 6481 (2,2_3_0151.jpg",left,279,— de Otting 1431.,48
"..\He 6481 (2,2_3_0151.jpg",left,279,— Puchperger de Novadomo 1045.,49
"..\He 6481 (2,2_3_0151.jpg",left,279,— de Rickendorf 798.,50
"..\He 6481 (2,2_3_0152.jpg",left,281,Simon Calshup 1287.,1
"..\He 6481 (2,2_3_0152.jpg",left,281,— de Kil 1048.,2
"..\He 6481 (2,2_3_0152.jpg",left,281,— ep. Comaclen. v. S. ep. Tergest.,3
"..\He 6481 (2,2_3_0152.jpg",left,281,— Conterer de Theonisvilla 1356.,4
"..\He 6481 (2,2_3_0152.jpg",left,281,— Korner 1422.,5
"..\He 6481 (2,2_3_0152.jpg",left,281,— com. in Dassele 360.,6
"..\He 6481 (2,2_3_0152.jpg",left,281,— Dorolf de Bopardia 1422.,7
"..\He 6481 (2,2_3_0152.jpg",left,281,— Flughus 1301.,8
"..\He 6481 (2,2_3_0152.jpg",left,281,— Gryntenberch 240.,9
"..\He 6481 (2,2_3_0152.jpg",left,281,— d. Han 882.,10
"..\He 6481 (2,2_3_0152.jpg",left,281,— Hauser 927.,11
"..\He 6481 (2,2_3_0152.jpg",left,281,— de Heynsbergh 620.,12
"..\He 6481 (2,2_3_0152.jpg",left,281,— Heitzonis de Bopardia 438.,13
"..\He 6481 (2,2_3_0152.jpg",left,281,— thes. Herbipol. 1140.,14
"..\He 6481 (2,2_3_0152.jpg",left,281,— Hering 895.,15
"..\He 6481 (2,2_3_0152.jpg",left,281,— de Jaffa (Jassa) 425 1048.,16
"..\He 6481 (2,2_3_0152.jpg",left,281,— Johannis de Wartînberg 1049.,17
"..\He 6481 (2,2_3_0152.jpg",left,281,— dominus de Lippia 397.,18
"..\He 6481 (2,2_3_0152.jpg",left,281,— Livini de Katz 1310.,19
"..\He 6481 (2,2_3_0152.jpg",left,281,— de Luterbergh (Luterborgh) 105 1049.,20
"..\He 6481 (2,2_3_0152.jpg",left,281,— de Maelsteden (van der Maelsteden) 1049 1310 1422.,21
"..\He 6481 (2,2_3_0152.jpg",left,281,— de Malkos (Malkros) 192 1299 1310.,22
"..\He 6481 (2,2_3_0152.jpg",left,281,— de Monte 126.,23
"..\He 6481 (2,2_3_0152.jpg",left,281,— Nicolai de Brunna 1049.,24
"..\He 6481 (2,2_3_0152.jpg",left,281,— Nicolai de Victorowo 1049.,25
"..\He 6481 (2,2_3_0152.jpg",left,281,— ep. Padeburn. 7 27 488.,26
"..\He 6481 (2,2_3_0152.jpg",left,281,— Perigmari de Ortenberkch 1049.,27
"..\He 6481 (2,2_3_0152.jpg",left,281,— Petri de Hirchenauwe (Hertzenuauwe) al. de Bopardia 1049.,28
"..\He 6481 (2,2_3_0152.jpg",left,281,— Petri de Stobincza 140 1050.,29
"..\He 6481 (2,2_3_0152.jpg",left,281,— de Prampergo 939.,30
"..\He 6481 (2,2_3_0152.jpg",left,281,— Reyneri 1410.,31
"..\He 6481 (2,2_3_0152.jpg",left,281,— de Rode 1424.,32
"..\He 6481 (2,2_3_0152.jpg",left,281,— d. Rudenawer 118.,33
"..\He 6481 (2,2_3_0152.jpg",left,281,— d. Rueghalm de Oetting 1050.,34
"..\He 6481 (2,2_3_0152.jpg",left,281,— de Sassolinis 1345.,35
"..\He 6481 (2,2_3_0152.jpg",left,281,— d. Segemund (Seghemundi) 1050 1395.,36
"..\He 6481 (2,2_3_0152.jpg",left,281,— Sighaimer 1050 1311.,37
"..\He 6481 (2,2_3_0152.jpg",left,281,— de Solmtze (Solmys) 322 326 556 627 639 818.,38
"..\He 6481 (2,2_3_0152.jpg",left,281,— com. de Spanheim 1050.,39
"..\He 6481 (2,2_3_0152.jpg",left,281,"— ep. Tergest., ep. Comaclen. 1048 1398.",40
"..\He 6481 (2,2_3_0152.jpg",left,281,— de Trebnitz v. S. Barckonis.,41
"..\He 6481 (2,2_3_0152.jpg",left,281,— de Wirbin 1050.,42
"..\He 6481 (2,2_3_0152.jpg",left,281,— d. Wisker 1050.,43
"..\He 6481 (2,2_3_0152.jpg",left,281,— Wolpach (Walpacher) 1050.,44
"..\He 6481 (2,2_3_0152.jpg",left,281,— de Zaffiro de Novaria 441.,45
"..\He 6481 (2,2_3_0152.jpg",left,281,Smelkinus de Selsyngehe 389.,46
"..\He 6481 (2,2_3_0145.jpg",left,267,Petrus Reylof 992.,1
"..\He 6481 (2,2_3_0145.jpg",left,267,— Reymanni de Wartenberg v. P. Riemanni.,2
"..\He 6481 (2,2_3_0145.jpg",left,267,— Reyn v. P. de Royn.,3
"..\He 6481 (2,2_3_0145.jpg",left,267,— de Remago 462 589.,4
"..\He 6481 (2,2_3_0145.jpg",left,267,— Remboldi 630.,5
"..\He 6481 (2,2_3_0145.jpg",left,267,— de Reno 672.,6
"..\He 6481 (2,2_3_0145.jpg",left,267,— Rimannide Warthimberg (Reymanni de Wartenberg) 634 992 1305 1318.,7
"..\He 6481 (2,2_3_0145.jpg",left,267,— el. Ripen. 1418.,8
"..\He 6481 (2,2_3_0145.jpg",left,267,— Rokolfinger de Pfarrkirchen 1305.,9
"..\He 6481 (2,2_3_0145.jpg",left,267,— Rode al. d. Lauwert 992.,10
"..\He 6481 (2,2_3_0145.jpg",left,267,— Roder 992.,11
"..\He 6481 (2,2_3_0145.jpg",left,267,— de Royn (Reyn) 895 992 1175.,12
"..\He 6481 (2,2_3_0145.jpg",left,267,— ep. Roskild. 992 1229.,13
"..\He 6481 (2,2_3_0145.jpg",left,267,— Rosental 992.,14
"..\He 6481 (2,2_3_0145.jpg",left,267,— d. Rosz de Haselach 993.,15
"..\He 6481 (2,2_3_0145.jpg",left,267,— Rottenpechk 993.,16
"..\He 6481 (2,2_3_0145.jpg",left,267,— Ruffi 993.,17
"..\He 6481 (2,2_3_0145.jpg",left,267,— Rungen 944.,18
"..\He 6481 (2,2_3_0145.jpg",left,267,— Rutling 993.,19
"..\He 6481 (2,2_3_0145.jpg",left,267,— Saltzkern 1235.,20
"..\He 6481 (2,2_3_0145.jpg",left,267,— Schakhanner 993.,21
"..\He 6481 (2,2_3_0145.jpg",left,267,— Scalpipe 1418.,22
"..\He 6481 (2,2_3_0145.jpg",left,267,— Schars 994.,23
"..\He 6481 (2,2_3_0145.jpg",left,267,— de Schastoltzheim 207.,24
"..\He 6481 (2,2_3_0145.jpg",left,267,— Scheyrer 994.,25
"..\He 6481 (2,2_3_0145.jpg",left,267,— Schellenberg 994.,26
"..\He 6481 (2,2_3_0145.jpg",left,267,— Scheltz de Pederszheim 1418.,27
"..\He 6481 (2,2_3_0145.jpg",left,267,— Schitz 944.,28
"..\He 6481 (2,2_3_0145.jpg",left,267,— de Scoenbrenck 1418.,29
"..\He 6481 (2,2_3_0145.jpg",left,267,— de Scholenburg 1418.,30
"..\He 6481 (2,2_3_0145.jpg",left,267,— Sconebecker al. Bollenfras (Bollenfros) 896 994.,31
"..\He 6481 (2,2_3_0145.jpg",left,267,— Schonenbeke 994.,32
"..\He 6481 (2,2_3_0145.jpg",left,267,— Schotman de Cassil 661 923.,33
"..\He 6481 (2,2_3_0145.jpg",left,267,— Schufeler 994.,34
"..\He 6481 (2,2_3_0145.jpg",left,267,— Schulteti de Ipscoven 994.,35
"..\He 6481 (2,2_3_0145.jpg",left,267,— Segensunde 168.,36
"..\He 6481 (2,2_3_0145.jpg",left,267,— Sellatoris 926.,37
"..\He 6481 (2,2_3_0145.jpg",left,267,— Senfteleben 994.,38
"..\He 6481 (2,2_3_0145.jpg",left,267,— Sybat 445.,39
"..\He 6481 (2,2_3_0145.jpg",left,267,— Sickonis 995.,40
"..\He 6481 (2,2_3_0145.jpg",left,267,— Symonis 995.,41
"..\He 6481 (2,2_3_0145.jpg",left,267,— monach. mon. in Sytich v. P. Croppel.,42
"..\He 6481 (2,2_3_0145.jpg",left,267,— Slich 995.,43
"..\He 6481 (2,2_3_0145.jpg",left,267,— de Sluptza 963.,44
"..\He 6481 (2,2_3_0145.jpg",left,267,— Sobernheim v. P. Jacobi de S.,45
"..\He 6481 (2,2_3_0145.jpg",left,267,— Spaler 995.,46
"..\He 6481 (2,2_3_0145.jpg",left,267,— Sparnow 157 1263 1305.,47
"..\He 6481 (2,2_3_0145.jpg",left,267,— Splinter de Amsterdam 995 1305 1350 1355.,48
"..\He 6481 (2,2_3_0145.jpg",left,267,— Staken (Stake) 175 316 826 974 1171.,49
"..\He 6481 (2,2_3_0144.jpg",right,266,Petrus Ostrowski 636.,1
"..\He 6481 (2,2_3_0144.jpg",right,266,— de Oudenwater v. P. Ponciani .de Oudewater.,2
"..\He 6481 (2,2_3_0144.jpg",right,266,— Oudet de Ynodio 987.,3
"..\He 6481 (2,2_3_0144.jpg",right,266,— de Paciis 987.,4
"..\He 6481 (2,2_3_0144.jpg",right,266,— Palm 987.,5
"..\He 6481 (2,2_3_0144.jpg",right,266,— baro de Parchwitz 252.,6
"..\He 6481 (2,2_3_0144.jpg",right,266,— Pauli 1416.,7
"..\He 6481 (2,2_3_0144.jpg",right,266,— Pauli de Fichow 987.,8
"..\He 6481 (2,2_3_0144.jpg",right,266,— Penre 1011.,9
"..\He 6481 (2,2_3_0144.jpg",right,266,— Peper 1102.,10
"..\He 6481 (2,2_3_0144.jpg",right,266,— Pernauwer 51.,11
"..\He 6481 (2,2_3_0144.jpg",right,266,— Petri 1417.,12
"..\He 6481 (2,2_3_0144.jpg",right,266,— Petri de Buckenheim 1303.,13
"..\He 6481 (2,2_3_0144.jpg",right,266,— Petri de Kulredail 987.,14
"..\He 6481 (2,2_3_0144.jpg",right,266,— Petride Epphiche (Eppiche) 291 987.,15
"..\He 6481 (2,2_3_0144.jpg",right,266,— Petri Scriptoris de Indagine 987.,16
"..\He 6481 (2,2_3_0144.jpg",right,266,— Petri de Wartinberg 988.,17
"..\He 6481 (2,2_3_0144.jpg",right,266,— Petri d. Wispeter de Confluentia 1417.,18
"..\He 6481 (2,2_3_0144.jpg",right,266,— Petri Wolfardi 988.,19
"..\He 6481 (2,2_3_0144.jpg",right,266,— Pettinger al. Pettawer 1115.,20
"..\He 6481 (2,2_3_0144.jpg",right,266,— d. Pigwis de Pirma 24.,21
"..\He 6481 (2,2_3_0144.jpg",right,266,— Pintzenawer (Pyntzenower) 988 1073 1075.,22
"..\He 6481 (2,2_3_0144.jpg",right,266,— de Pirna 1229 1273.,23
"..\He 6481 (2,2_3_0144.jpg",right,266,— Pisker 996.,24
"..\He 6481 (2,2_3_0144.jpg",right,266,— de Pisis 24 1018.,25
"..\He 6481 (2,2_3_0144.jpg",right,266,— Pistoris 1241 1303 1418.,26
"..\He 6481 (2,2_3_0144.jpg",right,266,— Pistoris de Durlaco 988.,27
"..\He 6481 (2,2_3_0144.jpg",right,266,— Pizrbsilai de Grodzina (Grodzna) 547 988.,28
"..\He 6481 (2,2_3_0144.jpg",right,266,— prep. mon. Plagen. 226 893 1306.,29
"..\He 6481 (2,2_3_0144.jpg",right,266,— Polacher 988.,30
"..\He 6481 (2,2_3_0144.jpg",right,266,"— Ponciani de Oudewater (Oudenwater, Odewater) 329 988 1101.",31
"..\He 6481 (2,2_3_0144.jpg",right,266,— Pont 1418.,32
"..\He 6481 (2,2_3_0144.jpg",right,266,— Post 103 531 593 988 1220 1303.,33
"..\He 6481 (2,2_3_0144.jpg",right,266,— Poszer de Wesalia 989.,34
"..\He 6481 (2,2_3_0144.jpg",right,266,— de Potensteyn 105.,35
"..\He 6481 (2,2_3_0144.jpg",right,266,— de Pozonia 989.,36
"..\He 6481 (2,2_3_0144.jpg",right,266,— Prentzlin 991.,37
"..\He 6481 (2,2_3_0144.jpg",right,266,— Pret 991.,38
"..\He 6481 (2,2_3_0144.jpg",right,266,— Puren 206.,39
"..\He 6481 (2,2_3_0144.jpg",right,266,— Quentini de Ortenberg (Quentin) 1304 1418.,40
"..\He 6481 (2,2_3_0144.jpg",right,266,— de Radolina 24 991.,41
"..\He 6481 (2,2_3_0144.jpg",right,266,— Raggelgoe 991.,42
"..\He 6481 (2,2_3_0144.jpg",right,266,— Raspe de Frediberg 991.,43
"..\He 6481 (2,2_3_0144.jpg",right,266,— Ratingen (Ratinc) de Berka 352 1304 1308.,44
"..\He 6481 (2,2_3_0144.jpg",right,266,— de Reddern (Redderen) 790 1264 1318.,45
"..\He 6481 (2,2_3_0153.jpg",left,283,Stanislaus Steynroker 1055.,1
"..\He 6481 (2,2_3_0153.jpg",left,283,— Swolonia 858.,2
"..\He 6481 (2,2_3_0153.jpg",left,283,— Wlodkonis 114.,3
"..\He 6481 (2,2_3_0153.jpg",left,283,— Woynoris 1055.,4
"..\He 6481 (2,2_3_0153.jpg",left,283,Starcwardus 185.,5
"..\He 6481 (2,2_3_0153.jpg",left,283,Statius de Mandeslo 397 1055.,6
"..\He 6481 (2,2_3_0153.jpg",left,283,— de Sparemberg (Sporemberg) 917 1055.,7
"..\He 6481 (2,2_3_0153.jpg",left,283,Stekelerus Bardun 1422.,8
"..\He 6481 (2,2_3_0153.jpg",left,283,Stephania abba mon. in Otmar sheim 1054.,9
"..\He 6481 (2,2_3_0153.jpg",left,283,Stephanus 73 1064.,10
"..\He 6481 (2,2_3_0153.jpg",left,283,— 154.,11
"..\He 6481 (2,2_3_0153.jpg",left,283,— 616.,12
"..\He 6481 (2,2_3_0153.jpg",left,283,— v. St. de Tirenstayn.,13
"..\He 6481 (2,2_3_0153.jpg",left,283,— Alrami de Vienna 736 1056 1311.,14
"..\He 6481 (2,2_3_0153.jpg",left,283,— Amman 1056.,15
"..\He 6481 (2,2_3_0153.jpg",left,283,— abb. mon. in Atel 1205.,16
"..\He 6481 (2,2_3_0153.jpg",left,283,— Bavarie dux 27 67 307 497 727 744 1056 1290 1423.,17
"..\He 6481 (2,2_3_0153.jpg",left,283,— de Beesde 1057.,18
"..\He 6481 (2,2_3_0153.jpg",left,283,— de Bienen 1098.,19
"..\He 6481 (2,2_3_0153.jpg",left,283,— de Boll 1311.,20
"..\He 6481 (2,2_3_0153.jpg",left,283,— de Brauchczyczze 1057.,21
"..\He 6481 (2,2_3_0153.jpg",left,283,— Brennem 1057.,22
"..\He 6481 (2,2_3_0153.jpg",left,283,— Burdon de Neapoli 705.,23
"..\He 6481 (2,2_3_0153.jpg",left,283,— Bust al. d. Bismarke 1057.,24
"..\He 6481 (2,2_3_0153.jpg",left,283,— de Butzulete 1057.,25
"..\He 6481 (2,2_3_0153.jpg",left,283,— de Karlebach 1057.,26
"..\He 6481 (2,2_3_0153.jpg",left,283,— Keltzonis de Swarzandz 1058.,27
"..\He 6481 (2,2_3_0153.jpg",left,283,— Degenber 1311.,28
"..\He 6481 (2,2_3_0153.jpg",left,283,— der Feitzstephan 1188.,29
"..\He 6481 (2,2_3_0153.jpg",left,283,— de Dubrawnyk 699.,30
"..\He 6481 (2,2_3_0153.jpg",left,283,— de Everdinghen 366 1058.,31
"..\He 6481 (2,2_3_0153.jpg",left,283,— de Entzendorf (Entzesdorf) 272 283 381 1058.,32
"..\He 6481 (2,2_3_0153.jpg",left,283,— Eppenhauser 1125.,33
"..\He 6481 (2,2_3_0153.jpg",left,283,— Erinhoven 1058.,34
"..\He 6481 (2,2_3_0153.jpg",left,283,— Fabri 1058.,35
"..\He 6481 (2,2_3_0153.jpg",left,283,— Pheffel 1202.,36
"..\He 6481 (2,2_3_0153.jpg",left,283,— Feichter 1058.,37
"..\He 6481 (2,2_3_0153.jpg",left,283,— de Velden 621.,38
"..\He 6481 (2,2_3_0153.jpg",left,283,— Flinspeck 1058.,39
"..\He 6481 (2,2_3_0153.jpg",left,283,— Voc 1059.,40
"..\He 6481 (2,2_3_0153.jpg",left,283,— Voet 121 524 1059 1107.,41
"..\He 6481 (2,2_3_0153.jpg",left,283,— de Vorden 1357.,42
"..\He 6481 (2,2_3_0153.jpg",left,283,— Frerr 784.,43
"..\He 6481 (2,2_3_0153.jpg",left,283,— Fretz (Frezz) 548 1032 1059.,44
"..\He 6481 (2,2_3_0153.jpg",left,283,— Glans d. Begorowe 1059.,45
"..\He 6481 (2,2_3_0153.jpg",left,283,— Goldner 66.,46
"..\He 6481 (2,2_3_0153.jpg",left,283,— Grebel 1311.,47
"..\He 6481 (2,2_3_0153.jpg",left,283,— Hackkel 69 1060.,48
"..\He 6481 (2,2_3_0153.jpg",left,283,— Heckel 916 1283.,49
"..\He 6481 (2,2_3_0151.jpg",right,280,Sifridus Sartoris de Wimpina 1045.,1
"..\He 6481 (2,2_3_0151.jpg",right,280,— Satzelli 689.,2
"..\He 6481 (2,2_3_0151.jpg",right,280,— Schaffus 1391.,3
"..\He 6481 (2,2_3_0151.jpg",right,280,— Scanssus de Warthenberg 455.,4
"..\He 6481 (2,2_3_0151.jpg",right,280,— Syfridi de Lorch 1045.,5
"..\He 6481 (2,2_3_0151.jpg",right,280,— Sigillem 457.,6
"..\He 6481 (2,2_3_0151.jpg",right,280,— de Soltow 1045.,7
"..\He 6481 (2,2_3_0151.jpg",right,280,— Staynfelder (Stainfelden) 1046 1169.,8
"..\He 6481 (2,2_3_0151.jpg",right,280,— Swyker 986.,9
"..\He 6481 (2,2_3_0151.jpg",right,280,— Tanhauser (Tanhewser) 183 1422.,10
"..\He 6481 (2,2_3_0151.jpg",right,280,— Tather (Tacher) 20 410 1046 1216 1317.,11
"..\He 6481 (2,2_3_0151.jpg",right,280,— Tobrisch 1046.,12
"..\He 6481 (2,2_3_0151.jpg",right,280,— Tramisdorffer 1046.,13
"..\He 6481 (2,2_3_0151.jpg",right,280,— de Urden 1046.,14
"..\He 6481 (2,2_3_0151.jpg",right,280,— Walpod de Bassenheim 1047.,15
"..\He 6481 (2,2_3_0151.jpg",right,280,— de Westerburg 197.,16
"..\He 6481 (2,2_3_0151.jpg",right,280,— de Zuilnhart 1047.,17
"..\He 6481 (2,2_3_0151.jpg",right,280,Sigboldus Muntzer 569.,18
"..\He 6481 (2,2_3_0151.jpg",right,280,Sigelinus 58.,19
"..\He 6481 (2,2_3_0151.jpg",right,280,— abb. mon. Hugeshoven. 218.,20
"..\He 6481 (2,2_3_0151.jpg",right,280,— Zoller 1310.,21
"..\He 6481 (2,2_3_0151.jpg",right,280,Sigerus de Novo Lapide 7 14 17 26 1047.,22
"..\He 6481 (2,2_3_0151.jpg",right,280,Sigfridus v. Sifridus.,23
"..\He 6481 (2,2_3_0151.jpg",right,280,Sighardus 1047.,24
"..\He 6481 (2,2_3_0151.jpg",right,280,— Aufhusen (Aufhauser) 300 1047.,25
"..\He 6481 (2,2_3_0151.jpg",right,280,Sigimarus Holnecker 548.,26
"..\He 6481 (2,2_3_0151.jpg",right,280,"Sigismundus (Sigimundus, Simundus) Alszonis 1047.",27
"..\He 6481 (2,2_3_0151.jpg",right,280,"— marchio Brandeburg., Ungarie rex, Rom. rex 27 205 329 614 637 1047 1148 1156 1190 1203 1310 1421.",28
"..\He 6481 (2,2_3_0151.jpg",right,280,— Kungk 1210.,29
"..\He 6481 (2,2_3_0151.jpg",right,280,— de Geroltzecke 30.,30
"..\He 6481 (2,2_3_0151.jpg",right,280,— Johannis Hartlebi 1047.,31
"..\He 6481 (2,2_3_0151.jpg",right,280,— baro de Lechowicz 943.,32
"..\He 6481 (2,2_3_0151.jpg",right,280,— Mathie de Lubs cow 1047.,33
"..\He 6481 (2,2_3_0151.jpg",right,280,— Pellificis 1310.,34
"..\He 6481 (2,2_3_0151.jpg",right,280,— Ungarie rex v. S. marchio Brandeburg.,35
"..\He 6481 (2,2_3_0151.jpg",right,280,— de Wintertur 1047.,36
"..\He 6481 (2,2_3_0151.jpg",right,280,— Czenkonis Dominik 1047.,37
"..\He 6481 (2,2_3_0151.jpg",right,280,Simeon de Perusio 1135.,38
"..\He 6481 (2,2_3_0151.jpg",right,280,Simon Amelii 1047.,39
"..\He 6481 (2,2_3_0151.jpg",right,280,— Barckonis de Tribinitz (Trebnitz) 1187 1264.,40
"..\He 6481 (2,2_3_0151.jpg",right,280,— de Berincastel 1275.,41
"..\He 6481 (2,2_3_0151.jpg",right,280,— Berlichingen 1235.,42
"..\He 6481 (2,2_3_0151.jpg",right,280,— Bilevelt 1048.,43
"..\He 6481 (2,2_3_0151.jpg",right,280,— de Borssen 1048.,44
"..\He 6481 (2,2_3_0151.jpg",right,280,— d. Kagenecke 1048.,45
"..\He 6481 (2,2_3_0153.jpg",right,284,Stephanus Heyginch v. St. d. Herzgint.,1
"..\He 6481 (2,2_3_0153.jpg",right,284,— de Helffenberg (Helfemberger) 1060 1188.,2
"..\He 6481 (2,2_3_0153.jpg",right,284,— d. Herzgint 1060 1086.,3
"..\He 6481 (2,2_3_0153.jpg",right,284,— de Hyppelstorf 1134.,4
"..\He 6481 (2,2_3_0153.jpg",right,284,— Jatez 832.,5
"..\He 6481 (2,2_3_0153.jpg",right,284,— de Jone 774.,6
"..\He 6481 (2,2_3_0153.jpg",right,284,— de Ysenacho 1060.,7
"..\He 6481 (2,2_3_0153.jpg",right,284,— de Lagsenburg 298.,8
"..\He 6481 (2,2_3_0153.jpg",right,284,— Lamp 1060.,9
"..\He 6481 (2,2_3_0153.jpg",right,284,— Lampeltzhaimer 1251.,10
"..\He 6481 (2,2_3_0153.jpg",right,284,— Langenekk (Langenekker) 402 1060 1123.,11
"..\He 6481 (2,2_3_0153.jpg",right,284,— de Luben 812 1060.,12
"..\He 6481 (2,2_3_0153.jpg",right,284,— tit. s. Marcelli presb. card. 144 648 649 806 968 1060 1074.,13
"..\He 6481 (2,2_3_0153.jpg",right,284,— Medinbergh 1323.,14
"..\He 6481 (2,2_3_0153.jpg",right,284,— Meyr de Ossatz 1061.,15
"..\He 6481 (2,2_3_0153.jpg",right,284,— de Mistelbach 1061.,16
"..\He 6481 (2,2_3_0153.jpg",right,284,— Moer 1423.,17
"..\He 6481 (2,2_3_0153.jpg",right,284,— de Monichhusen 891.,18
"..\He 6481 (2,2_3_0153.jpg",right,284,— de Nywenswald 1061.,19
"..\He 6481 (2,2_3_0153.jpg",right,284,— Nolten 201 825 1285.,20
"..\He 6481 (2,2_3_0153.jpg",right,284,— de Novoforo 296 781.,21
"..\He 6481 (2,2_3_0153.jpg",right,284,— de Oliva 1061.,22
"..\He 6481 (2,2_3_0153.jpg",right,284,— Opdemkelre de Wassenberg 1061.,23
"..\He 6481 (2,2_3_0153.jpg",right,284,— Ortolfi de Vornig 1061.,24
"..\He 6481 (2,2_3_0153.jpg",right,284,— com. Palatini Reni v. St. dux Bavarie.,25
"..\He 6481 (2,2_3_0153.jpg",right,284,— Pauli de Lanchowo 1061.,26
"..\He 6481 (2,2_3_0153.jpg",right,284,— de Pawlowcke 785.,27
"..\He 6481 (2,2_3_0153.jpg",right,284,— de Peyer 291.,28
"..\He 6481 (2,2_3_0153.jpg",right,284,— Petri de Loblyn 869.,29
"..\He 6481 (2,2_3_0153.jpg",right,284,— Petri de Zuglit 1061.,30
"..\He 6481 (2,2_3_0153.jpg",right,284,— Poll 74 753 1061.,31
"..\He 6481 (2,2_3_0153.jpg",right,284,— Purger 1423.,32
"..\He 6481 (2,2_3_0153.jpg",right,284,— Purolfinger 1061.,33
"..\He 6481 (2,2_3_0153.jpg",right,284,— de Respicz (Respitz) 78 1062.,34
"..\He 6481 (2,2_3_0153.jpg",right,284,— Ribeisen (Rybyisen) 1062.,35
"..\He 6481 (2,2_3_0153.jpg",right,284,— Rinwaden 1062.,36
"..\He 6481 (2,2_3_0153.jpg",right,284,— Rufferi (Rufferii) 969 1062.,37
"..\He 6481 (2,2_3_0153.jpg",right,284,— Rulini de Wisenstaig 1062.,38
"..\He 6481 (2,2_3_0153.jpg",right,284,— de Rutenberch 580.,39
"..\He 6481 (2,2_3_0153.jpg",right,284,— Schilwatz 492.,40
"..\He 6481 (2,2_3_0153.jpg",right,284,— de Sluptza 709.,41
"..\He 6481 (2,2_3_0153.jpg",right,284,— Snabel de Chunberg 78 1062.,42
"..\He 6481 (2,2_3_0153.jpg",right,284,— de Stankow 852 1063.,43
"..\He 6481 (2,2_3_0153.jpg",right,284,— Stephani Institoris 1063.,44
"..\He 6481 (2,2_3_0153.jpg",right,284,— Strail de Chechel 1063.,45
"..\He 6481 (2,2_3_0153.jpg",right,284,— Sunher 843.,46
"..\He 6481 (2,2_3_0153.jpg",right,284,— Swarczhofer 1423.,47
"..\He 6481 (2,2_3_0153.jpg",right,284,— de Tirenstayn 1058 1262.,48
"..\He 6481 (2,2_3_0153.jpg",right,284,— Treperger 896.,49
"..\He 6481 (2,2_3_0154.jpg",right,286,Swentoslaus 229.,1
"..\He 6481 (2,2_3_0154.jpg",right,286,Swikerus Nenden 1376.,2
"..\He 6481 (2,2_3_0154.jpg",right,286,Szandzwogius de Glynis 510.,3
"..\He 6481 (2,2_3_0154.jpg",right,286,Szantoslaus Alberti de Candzerma 1069.,4
"..\He 6481 (2,2_3_0154.jpg",right,286,Tammichino advocatus de Crapitz 1069.,5
"..\He 6481 (2,2_3_0154.jpg",right,286,Tammo de Buckinstorff 1069.,6
"..\He 6481 (2,2_3_0154.jpg",right,286,— de Haldeck 305.,7
"..\He 6481 (2,2_3_0154.jpg",right,286,Thateus Ocuy mi 1069.,8
"..\He 6481 (2,2_3_0154.jpg",right,286,Tela 1216 (v. Fredericus Rosenezwig).,9
"..\He 6481 (2,2_3_0154.jpg",right,286,Telerers de Fraunhoven 1251.,10
"..\He 6481 (2,2_3_0154.jpg",right,286,Thelmannus v. Tilmannus.,11
"..\He 6481 (2,2_3_0154.jpg",right,286,Themo (Themon) d. Rand 222 524.,12
"..\He 6481 (2,2_3_0154.jpg",right,286,Theobaldus Agstein 1424.,13
"..\He 6481 (2,2_3_0154.jpg",right,286,— de Brungesheim 1070.,14
"..\He 6481 (2,2_3_0154.jpg",right,286,"Theodericus (Dyethericus, Dietricus, Dietherus, Ditherus, Tedericus, Therricus, Tidericus, Thidericus, Thiedericus, Theudericus, Teodorius) v. Th. Sutoris.",15
"..\He 6481 (2,2_3_0154.jpg",right,286,— Adylholt 1111.,16
"..\He 6481 (2,2_3_0154.jpg",right,286,— Aynberg 1070.,17
"..\He 6481 (2,2_3_0154.jpg",right,286,— Alberti burggravii de Kirchberg 1070 1312.,18
"..\He 6481 (2,2_3_0154.jpg",right,286,— Alcoe p 1070.,19
"..\He 6481 (2,2_3_0154.jpg",right,286,— Aldendorff 1071.,20
"..\He 6481 (2,2_3_0154.jpg",right,286,— de Altoamore 165 1071 1317.,21
"..\He 6481 (2,2_3_0154.jpg",right,286,— de Ander ten 1071.,22
"..\He 6481 (2,2_3_0154.jpg",right,286,— de Angern 262 283 477 833 1071.,23
"..\He 6481 (2,2_3_0154.jpg",right,286,— Arnnevelde 1071.,24
"..\He 6481 (2,2_3_0154.jpg",right,286,— Arnoldi Teneylze 1071.,25
"..\He 6481 (2,2_3_0154.jpg",right,286,— de Arnstete v. Th. Bastheim.,26
"..\He 6481 (2,2_3_0154.jpg",right,286,— de Asborch 86.,27
"..\He 6481 (2,2_3_0154.jpg",right,286,— dom. loci de Asperen 1312.,28
"..\He 6481 (2,2_3_0154.jpg",right,286,— de Astfelde 1223.,29
"..\He 6481 (2,2_3_0154.jpg",right,286,— de Aw 1129.,30
"..\He 6481 (2,2_3_0154.jpg",right,286,— de Baer 952 953.,31
"..\He 6481 (2,2_3_0154.jpg",right,286,— de Bardewisch 1072.,32
"..\He 6481 (2,2_3_0154.jpg",right,286,— Bartholomei 167 877.,33
"..\He 6481 (2,2_3_0154.jpg",right,286,— Bastheim de Arnstete 182 354 674 690 1072 1099 1395.,34
"..\He 6481 (2,2_3_0154.jpg",right,286,— Becker 383 818 1072.,35
"..\He 6481 (2,2_3_0154.jpg",right,286,— de Bechlingen 1072.,36
"..\He 6481 (2,2_3_0154.jpg",right,286,— Beyer (Beyger) 283 299 1072.,37
"..\He 6481 (2,2_3_0154.jpg",right,286,— prep. mon. in Belheem 1072.,38
"..\He 6481 (2,2_3_0154.jpg",right,286,— de Bentheim (Bentem) 733 1072 1278 1312 1424.,39
"..\He 6481 (2,2_3_0154.jpg",right,286,— de Berchenkesen d. de Westphalia 369 643.,40
"..\He 6481 (2,2_3_0155.jpg",left,287,Theodericus Bernardi 1073.,1
"..\He 6481 (2,2_3_0155.jpg",left,287,— de Bernwalde 1073.,2
"..\He 6481 (2,2_3_0155.jpg",left,287,— Bernwalt 1073.,3
"..\He 6481 (2,2_3_0155.jpg",left,287,— Bertenkese v. Th. Berchenkesen.,4
"..\He 6481 (2,2_3_0155.jpg",left,287,— Bettener 1295.,5
"..\He 6481 (2,2_3_0155.jpg",left,287,— de Bickenback 1081.,6
"..\He 6481 (2,2_3_0155.jpg",left,287,— Byginchhof 1073.,7
"..\He 6481 (2,2_3_0155.jpg",left,287,— de Bleck 1073 1313 1424.,8
"..\He 6481 (2,2_3_0155.jpg",left,287,— Bloc 1073.,9
"..\He 6481 (2,2_3_0155.jpg",left,287,— Bokelken v. Th. Bukelken.,10
"..\He 6481 (2,2_3_0155.jpg",left,287,— Bochener 429.,11
"..\He 6481 (2,2_3_0155.jpg",left,287,— de Bocholte (Boecholt) 237 1074.,12
"..\He 6481 (2,2_3_0155.jpg",left,287,— Bode 1074.,13
"..\He 6481 (2,2_3_0155.jpg",left,287,— Bogel 47 301 313 383 495 533 1070 1074 1095 1211 1249 1351 1424.,14
"..\He 6481 (2,2_3_0155.jpg",left,287,— Boghel al. Cassel 1076.,15
"..\He 6481 (2,2_3_0155.jpg",left,287,— Boninc 1076 1174.,16
"..\He 6481 (2,2_3_0155.jpg",left,287,— Bont 1076.,17
"..\He 6481 (2,2_3_0155.jpg",left,287,— Borkaw 46.,18
"..\He 6481 (2,2_3_0155.jpg",left,287,— de Bossuto 1076.,19
"..\He 6481 (2,2_3_0155.jpg",left,287,— de Botmer 1313.,20
"..\He 6481 (2,2_3_0155.jpg",left,287,— de Braedbeke 1074.,21
"..\He 6481 (2,2_3_0155.jpg",left,287,— ep. Brandenburg. 116 394 577 710.,22
"..\He 6481 (2,2_3_0155.jpg",left,287,— de Brede 1076.,23
"..\He 6481 (2,2_3_0155.jpg",left,287,— Bryl 1076.,24
"..\He 6481 (2,2_3_0155.jpg",left,287,— de Brynen 1383.,25
"..\He 6481 (2,2_3_0155.jpg",left,287,— Broyger 1424.,26
"..\He 6481 (2,2_3_0155.jpg",left,287,— Bruckener 1076.,27
"..\He 6481 (2,2_3_0155.jpg",left,287,— Brughman 1076.,28
"..\He 6481 (2,2_3_0155.jpg",left,287,— Bruno 192 907 923 1076 1290.,29
"..\He 6481 (2,2_3_0155.jpg",left,287,— Brunonis 278.,30
"..\He 6481 (2,2_3_0155.jpg",left,287,— Bukelken 37 347 515.,31
"..\He 6481 (2,2_3_0155.jpg",left,287,— Buckinc 138 166 405 556 663 1077.,32
"..\He 6481 (2,2_3_0155.jpg",left,287,— Budconis 692.,33
"..\He 6481 (2,2_3_0155.jpg",left,287,— Buderich 1077.,34
"..\He 6481 (2,2_3_0155.jpg",left,287,— prep. eccl. Budissin. 58.,35
"..\He 6481 (2,2_3_0155.jpg",left,287,— Buening 1424.,36
"..\He 6481 (2,2_3_0155.jpg",left,287,— de Bula 1078.,37
"..\He 6481 (2,2_3_0155.jpg",left,287,— de Bulow 168.,38
"..\He 6481 (2,2_3_0155.jpg",left,287,— Buthing v. Th. Buckinc.,39
"..\He 6481 (2,2_3_0155.jpg",left,287,— Bux 837.,40
"..\He 6481 (2,2_3_0155.jpg",left,287,— Calm 460 1313.,41
"..\He 6481 (2,2_3_0155.jpg",left,287,— Kalmeyger 917.,42
"..\He 6481 (2,2_3_0155.jpg",left,287,— de Capellendorf 938 961.,43
"..\He 6481 (2,2_3_0155.jpg",left,287,— Capes v. Th. Copes.,44
"..\He 6481 (2,2_3_0155.jpg",left,287,— Karwen (Korwen) 1078.,45
"..\He 6481 (2,2_3_0155.jpg",left,287,— comes de Katzenelnbogen 1078.,46
"..\He 6481 (2,2_3_0155.jpg",left,287,— Check 1313.,47
"..\He 6481 (2,2_3_0155.jpg",left,287,— Keveler 1078.,48
"..\He 6481 (2,2_3_0155.jpg",left,287,— Kelner 1079.,49
"..\He 6481 (2,2_3_0155.jpg",left,287,— de Kempnitz 307 1133.,50
"..\He 6481 (2,2_3_0156.jpg",left,289,Theodericus de Engelsen 1314.,1
"..\He 6481 (2,2_3_0156.jpg",left,289,— de Ercklens 1103.,2
"..\He 6481 (2,2_3_0156.jpg",left,289,— de Exleibein de Northusen 292.,3
"..\He 6481 (2,2_3_0156.jpg",left,289,— Fabri 1082.,4
"..\He 6481 (2,2_3_0156.jpg",left,289,— Fabri 1082.,5
"..\He 6481 (2,2_3_0156.jpg",left,289,— Fabri 1425.,6
"..\He 6481 (2,2_3_0156.jpg",left,289,— Fabri de Clivis 1082.,7
"..\He 6481 (2,2_3_0156.jpg",left,289,— Fabri de Hofeheim 1314.,8
"..\He 6481 (2,2_3_0156.jpg",left,289,— Vandenberghe al. de Monte 653 1090.,9
"..\He 6481 (2,2_3_0156.jpg",left,289,— Vanderweyde (van der Weyden) 1104 1314 1427.,10
"..\He 6481 (2,2_3_0156.jpg",left,289,— van Hameren 1085.,11
"..\He 6481 (2,2_3_0156.jpg",left,289,— van Rydenhim 1427.,12
"..\He 6481 (2,2_3_0156.jpg",left,289,— Varwa 1082.,13
"..\He 6481 (2,2_3_0156.jpg",left,289,— Veereghen 1082.,14
"..\He 6481 (2,2_3_0156.jpg",left,289,— Velescap 1082.,15
"..\He 6481 (2,2_3_0156.jpg",left,289,— Veningen 1082.,16
"..\He 6481 (2,2_3_0156.jpg",left,289,— de Ferro 1082.,17
"..\He 6481 (2,2_3_0156.jpg",left,289,— Veten 1083.,18
"..\He 6481 (2,2_3_0156.jpg",left,289,— Vieckeschilt v. Th. Vleckschilt.,19
"..\He 6481 (2,2_3_0156.jpg",left,289,— Vink (Vincke) de Clivis 423 1083 1258.,20
"..\He 6481 (2,2_3_0156.jpg",left,289,— Fitzdum (Vitztum) 690 994.,21
"..\He 6481 (2,2_3_0156.jpg",left,289,— Vleckschilt 1314 1425.,22
"..\He 6481 (2,2_3_0156.jpg",left,289,— de Vlubach 1083.,23
"..\He 6481 (2,2_3_0156.jpg",left,289,— Voghet 852.,24
"..\He 6481 (2,2_3_0156.jpg",left,289,— Volquini 1083.,25
"..\He 6481 (2,2_3_0156.jpg",left,289,— de Fonhoven 1083.,26
"..\He 6481 (2,2_3_0156.jpg",left,289,— Fuchs 727.,27
"..\He 6481 (2,2_3_0156.jpg",left,289,— de Ganghelt 579.,28
"..\He 6481 (2,2_3_0156.jpg",left,289,— Gebardi 1425.,29
"..\He 6481 (2,2_3_0156.jpg",left,289,— Geynsen 525 715 1396.,30
"..\He 6481 (2,2_3_0156.jpg",left,289,— Georgii de Cratz 1083 1312.,31
"..\He 6481 (2,2_3_0156.jpg",left,289,— (Teodorus) de Gich 1312 1427.,32
"..\He 6481 (2,2_3_0156.jpg",left,289,— Gildebier de Lidinchusen 1083.,33
"..\He 6481 (2,2_3_0156.jpg",left,289,— Gildemester 1084.,34
"..\He 6481 (2,2_3_0156.jpg",left,289,— Ghir 1084.,35
"..\He 6481 (2,2_3_0156.jpg",left,289,— de Goch 377 420 1084.,36
"..\He 6481 (2,2_3_0156.jpg",left,289,— Gond 1189 1338.,37
"..\He 6481 (2,2_3_0156.jpg",left,289,— de Gotha 447 517.,38
"..\He 6481 (2,2_3_0156.jpg",left,289,— Gotfridi de Asperen 1084.,39
"..\He 6481 (2,2_3_0156.jpg",left,289,— de Gotzka 179.,40
"..\He 6481 (2,2_3_0156.jpg",left,289,— abb. mon. in Gras cap 483.,41
"..\He 6481 (2,2_3_0156.jpg",left,289,— Grassow 737 899.,42
"..\He 6481 (2,2_3_0156.jpg",left,289,— de Gudensberg v. Th. Kirchhoff.,43
"..\He 6481 (2,2_3_0156.jpg",left,289,— de Gulse 240.,44
"..\He 6481 (2,2_3_0156.jpg",left,289,— Ghus 1314.,45
"..\He 6481 (2,2_3_0156.jpg",left,289,— Habirman 696 915.,46
"..\He 6481 (2,2_3_0156.jpg",left,289,— Hake 1386.,47
"..\He 6481 (2,2_3_0156.jpg",left,289,— de Haeswyc 685.,48
"..\He 6481 (2,2_3_0156.jpg",left,289,— ep. Havelberg. 217.,49
"..\He 6481 (2,2_3_0156.jpg",left,289,— de Havert 570 612 1084.,50
"..\He 6481 (2,2_3_0156.jpg",right,290,Theodericus de Hammone 94.,1
"..\He 6481 (2,2_3_0156.jpg",right,290,— de Hanen 1085.,2
"..\He 6481 (2,2_3_0156.jpg",right,290,— de Hardenberg 425 450.,3
"..\He 6481 (2,2_3_0156.jpg",right,290,— Hartsceue 1085.,4
"..\He 6481 (2,2_3_0156.jpg",right,290,— abb. mon. in Hasungen 1194.,5
"..\He 6481 (2,2_3_0156.jpg",right,290,— de Heer 1085.,6
"..\He 6481 (2,2_3_0156.jpg",right,290,— Heym de Kempen 1085.,7
"..\He 6481 (2,2_3_0156.jpg",right,290,— Heymburge 204.,8
"..\He 6481 (2,2_3_0156.jpg",right,290,— Heynonis 1229 1273.,9
"..\He 6481 (2,2_3_0156.jpg",right,290,— de Helderinchusen 1086.,10
"..\He 6481 (2,2_3_0156.jpg",right,290,— de Helghenstat 1086.,11
"..\He 6481 (2,2_3_0156.jpg",right,290,— Hellingstede 1425.,12
"..\He 6481 (2,2_3_0156.jpg",right,290,— abb. mon. in Helmwerdishusen v. Th. abb. mon. Corbien.,13
"..\He 6481 (2,2_3_0156.jpg",right,290,— Hennekini 1314.,14
"..\He 6481 (2,2_3_0156.jpg",right,290,— Henrici Updenkelre 1086 1315.,15
"..\He 6481 (2,2_3_0156.jpg",right,290,— Hesse 1086.,16
"..\He 6481 (2,2_3_0156.jpg",right,290,— de Hetteken 282.,17
"..\He 6481 (2,2_3_0156.jpg",right,290,— Hocklen 484.,18
"..\He 6481 (2,2_3_0156.jpg",right,290,— Hoetzelim de Goch 1425.,19
"..\He 6481 (2,2_3_0156.jpg",right,290,— Hoghcherche 847.,20
"..\He 6481 (2,2_3_0156.jpg",right,290,— Hogheherte 1086.,21
"..\He 6481 (2,2_3_0156.jpg",right,290,— de Honnef d. de Rupeforti 103.,22
"..\He 6481 (2,2_3_0156.jpg",right,290,— de Hoppfgarten 1086 1425.,23
"..\He 6481 (2,2_3_0156.jpg",right,290,— Hukebille 1087.,24
"..\He 6481 (2,2_3_0156.jpg",right,290,— Hugonis 1087.,25
"..\He 6481 (2,2_3_0156.jpg",right,290,— Jacobi de Alcmaria 896.,26
"..\He 6481 (2,2_3_0156.jpg",right,290,— de Jaffa (Jassa) 409 1317.,27
"..\He 6481 (2,2_3_0156.jpg",right,290,— de Ymmendorp 464.,28
"..\He 6481 (2,2_3_0156.jpg",right,290,— Insel 853.,29
"..\He 6481 (2,2_3_0156.jpg",right,290,— Institoris de Vallewimpina 1087.,30
"..\He 6481 (2,2_3_0156.jpg",right,290,— Johannis de Elsetz 713 1087.,31
"..\He 6481 (2,2_3_0156.jpg",right,290,— Johannis Stibitz 1087.,32
"..\He 6481 (2,2_3_0156.jpg",right,290,— de Yselstein 653 1090.,33
"..\He 6481 (2,2_3_0156.jpg",right,290,— Israel de Geysmaria 1087 1425.,34
"..\He 6481 (2,2_3_0156.jpg",right,290,— Junge 1020.,35
"..\He 6481 (2,2_3_0156.jpg",right,290,— Lamberti Doren de s. Leodegario 1425.,36
"..\He 6481 (2,2_3_0156.jpg",right,290,— Lanchals 1087.,37
"..\He 6481 (2,2_3_0156.jpg",right,290,— Langleben 619 1087.,38
"..\He 6481 (2,2_3_0156.jpg",right,290,— de Lap 1230.,39
"..\He 6481 (2,2_3_0156.jpg",right,290,— de Lapide 1087 1271.,40
"..\He 6481 (2,2_3_0156.jpg",right,290,— Last 46 568.,41
"..\He 6481 (2,2_3_0156.jpg",right,290,— Lauter 1088.,42
"..\He 6481 (2,2_3_0156.jpg",right,290,— Lebherz 548.,43
"..\He 6481 (2,2_3_0156.jpg",right,290,— prep. eccl. s. Lebuini Daventrien. 221.,44
"..\He 6481 (2,2_3_0156.jpg",right,290,— d. Leinen al. d. Osterbord 1234.,45
"..\He 6481 (2,2_3_0156.jpg",right,290,— de Lemershusen 254.,46
"..\He 6481 (2,2_3_0156.jpg",right,290,— Leut 89.,47
"..\He 6481 (2,2_3_0156.jpg",right,290,— Lewchinger 128.,48
"..\He 6481 (2,2_3_0156.jpg",right,290,— Levoldi (Livoldi) de Luneborg 20 447 526 560 900 1088 1100 1355 1405 1407.,49
"..\He 6481 (2,2_3_0154.jpg",left,285,Stephanus Udonis de Wingarten 1063.,1
"..\He 6481 (2,2_3_0154.jpg",left,285,— Ulrici de Stertzing 1063.,2
"..\He 6481 (2,2_3_0154.jpg",left,285,— Valentini Zaporis 115.,3
"..\He 6481 (2,2_3_0154.jpg",left,285,— Waltram (Baltram) 1063.,4
"..\He 6481 (2,2_3_0154.jpg",left,285,— Weghener de Borgh 1063.,5
"..\He 6481 (2,2_3_0154.jpg",left,285,— Weyberinger 1064.,6
"..\He 6481 (2,2_3_0154.jpg",left,285,— Westerburger 1064.,7
"..\He 6481 (2,2_3_0154.jpg",left,285,— de Zueria 1311.,8
"..\He 6481 (2,2_3_0154.jpg",left,285,— Zuermont 1423.,9
"..\He 6481 (2,2_3_0154.jpg",left,285,Stelco Vrodelien 643.,10
"..\He 6481 (2,2_3_0154.jpg",left,285,Stenhardus Wackerveld 1422.,11
"..\He 6481 (2,2_3_0154.jpg",left,285,Stiborius Henrici 917.,12
"..\He 6481 (2,2_3_0154.jpg",left,285,— ep. Ploc. 538.,13
"..\He 6481 (2,2_3_0154.jpg",left,285,Styna 378 (v. Wilhelmus Scholer de Tuytio). 1064 (v. Heynemannus Pagenscort).,14
"..\He 6481 (2,2_3_0154.jpg",left,285,— 1018 (v. Ricardus Vaulndynchusen).,15
"..\He 6481 (2,2_3_0154.jpg",left,285,Strech (Strzech) 1149 1434.,16
"..\He 6481 (2,2_3_0154.jpg",left,285,Stresco Laurentii de Ulanow (Wlanowo) 1294 1311 1423.,17
"..\He 6481 (2,2_3_0154.jpg",left,285,Struszo de Leiboldes 1065.,18
"..\He 6481 (2,2_3_0154.jpg",left,285,Suederus v. Swederus.,19
"..\He 6481 (2,2_3_0154.jpg",left,285,Sunherus 1353.,20
"..\He 6481 (2,2_3_0154.jpg",left,285,Susanna Pernhardi de Lichtenstein 132.,21
"..\He 6481 (2,2_3_0154.jpg",left,285,Sutwelin de Munthestein 947.,22
"..\He 6481 (2,2_3_0154.jpg",left,285,Swanold 64 (v. Albertus Witboldi).,23
"..\He 6481 (2,2_3_0154.jpg",left,285,"Swantebur (Swanteboro,Swantoborus, Swantebarn) dux Stetin. 219 247 486 574 855 1065.",24
"..\He 6481 (2,2_3_0154.jpg",left,285,Swanteslaus Frederici 1065.,25
"..\He 6481 (2,2_3_0154.jpg",left,285,— Luce 1065.,26
"..\He 6481 (2,2_3_0154.jpg",left,285,Swantopolko 972.,27
"..\He 6481 (2,2_3_0154.jpg",left,285,Swatislaus Jaroslai 1066.,28
"..\He 6481 (2,2_3_0154.jpg",left,285,Swederus (Suederus) de Cruce 27 76 520 574 836 1066 1112 1312.,29
"..\He 6481 (2,2_3_0154.jpg",left,285,— de Culenborch 1384.,30
"..\He 6481 (2,2_3_0154.jpg",left,285,— de Dyenpenbroich 1066.,31
"..\He 6481 (2,2_3_0154.jpg",left,285,— Duyt 1067.,32
"..\He 6481 (2,2_3_0154.jpg",left,285,— Egggheman 886.,33
"..\He 6481 (2,2_3_0154.jpg",left,285,— de Friburg v. S. Swederi.,34
"..\He 6481 (2,2_3_0154.jpg",left,285,— Gaeden 1067.,35
"..\He 6481 (2,2_3_0154.jpg",left,285,— de Holte 1067.,36
"..\He 6481 (2,2_3_0154.jpg",left,285,— Hotman 1312.,37
"..\He 6481 (2,2_3_0154.jpg",left,285,— de Losser 248.,38
"..\He 6481 (2,2_3_0154.jpg",left,285,— de Molendino 530 806 1013.,39
"..\He 6481 (2,2_3_0154.jpg",left,285,— de Rietbach 1067.,40
"..\He 6481 (2,2_3_0154.jpg",left,285,— Rode 1067.,41
"..\He 6481 (2,2_3_0154.jpg",left,285,— Rodein 590.,42
"..\He 6481 (2,2_3_0154.jpg",left,285,— Swederi de Friburg 25 28 276.,43
"..\He 6481 (2,2_3_0154.jpg",left,285,Swencheslaus Gregorii v. Wenceslaus G.,44
"..\He 6481 (2,2_3_0154.jpg",left,285,— Thomislai de Golancza 1067.,45
"..\He 6481 (2,2_3_0154.jpg",left,285,Swenhildis 447 517 (v. Henricus Junghe).,46
"..\He 6481 (2,2_3_0155.jpg",right,288,Theodericus Kerkerinc 1079.,1
"..\He 6481 (2,2_3_0155.jpg",right,288,— Kirchoff (Kirchob) de Gudensberg (Gridensperg) 1079 1324.,2
"..\He 6481 (2,2_3_0155.jpg",right,288,— de Kirpen 270 606.,3
"..\He 6481 (2,2_3_0155.jpg",right,288,— Cleye 1079.,4
"..\He 6481 (2,2_3_0155.jpg",right,288,— Clemme 1079.,5
"..\He 6481 (2,2_3_0155.jpg",right,288,— Clueck 631.,6
"..\He 6481 (2,2_3_0155.jpg",right,288,— Knawr 442 1079.,7
"..\He 6481 (2,2_3_0155.jpg",right,288,— Knebil 185 880 1001 1080.,8
"..\He 6481 (2,2_3_0155.jpg",right,288,— Cholm (Calin) 1080.,9
"..\He 6481 (2,2_3_0155.jpg",right,288,— Colone 340.,10
"..\He 6481 (2,2_3_0155.jpg",right,288,— Copes 356 483 1080 1110.,11
"..\He 6481 (2,2_3_0155.jpg",right,288,"— abb. mon. Corbien., abb. mon. in Helmwerdishusen 90 1080 1086.",12
"..\He 6481 (2,2_3_0155.jpg",right,288,— de Coseym 8.,13
"..\He 6481 (2,2_3_0155.jpg",right,288,— d. Kot 224.,14
"..\He 6481 (2,2_3_0155.jpg",right,288,— Kotzkonis 1010.,15
"..\He 6481 (2,2_3_0155.jpg",right,288,— de Kouffungen 516 1314.,16
"..\He 6481 (2,2_3_0155.jpg",right,288,— Krae 1081.,17
"..\He 6481 (2,2_3_0155.jpg",right,288,— Cramme 51 351 641 849 1081.,18
"..\He 6481 (2,2_3_0155.jpg",right,288,— Cranichfelt 1081.,19
"..\He 6481 (2,2_3_0155.jpg",right,288,— de Crassow v. Th. Grassow.,20
"..\He 6481 (2,2_3_0155.jpg",right,288,— Kratz v. Th. Georgii.,21
"..\He 6481 (2,2_3_0155.jpg",right,288,— Crude 1081.,22
"..\He 6481 (2,2_3_0155.jpg",right,288,— de Culenburg de Bilant 1313.,23
"..\He 6481 (2,2_3_0155.jpg",right,288,— Kundighen 299.,24
"..\He 6481 (2,2_3_0155.jpg",right,288,— Kuneken 1081.,25
"..\He 6481 (2,2_3_0155.jpg",right,288,— Dalenborch 1081.,26
"..\He 6481 (2,2_3_0155.jpg",right,288,— de Dasle 464.,27
"..\He 6481 (2,2_3_0155.jpg",right,288,— de Daventria 255.,28
"..\He 6481 (2,2_3_0155.jpg",right,288,— Dey s 287.,29
"..\He 6481 (2,2_3_0155.jpg",right,288,— Dilgenson de superiori Heimbach 1081 1424.,30
"..\He 6481 (2,2_3_0155.jpg",right,288,— Dystel 1271.,31
"..\He 6481 (2,2_3_0155.jpg",right,288,— Dodo 355.,32
"..\He 6481 (2,2_3_0155.jpg",right,288,— de Domo 556 1028.,33
"..\He 6481 (2,2_3_0155.jpg",right,288,— Doring 1313.,34
"..\He 6481 (2,2_3_0155.jpg",right,288,"— de Dornensleve, ep. Berseben. 1081.",35
"..\He 6481 (2,2_3_0155.jpg",right,288,— Duber 1081.,36
"..\He 6481 (2,2_3_0155.jpg",right,288,— Duys (Duoys) al. de Loel 331 1042 1086 1315.,37
"..\He 6481 (2,2_3_0155.jpg",right,288,— Dummerstorp 1424.,38
"..\He 6481 (2,2_3_0155.jpg",right,288,— Eberardi Pincerne de Erpach 1425.,39
"..\He 6481 (2,2_3_0155.jpg",right,288,— Eberlinghen 1081.,40
"..\He 6481 (2,2_3_0155.jpg",right,288,— Egen v. Th. Eigen.,41
"..\He 6481 (2,2_3_0155.jpg",right,288,— Egidii le Didon de Franoy 1081.,42
"..\He 6481 (2,2_3_0155.jpg",right,288,— de Eholeibin 1100.,43
"..\He 6481 (2,2_3_0155.jpg",right,288,— Eigen (Egen) 416 1113.,44
"..\He 6481 (2,2_3_0155.jpg",right,288,— Eynoyghe al. de Clivis 62.,45
"..\He 6481 (2,2_3_0155.jpg",right,288,— de Eysenbach 1363.,46
"..\He 6481 (2,2_3_0155.jpg",right,288,— de Elen 827 1082 1403.,47
"..\He 6481 (2,2_3_0155.jpg",right,288,— de Elsetz v. Th. Johannis.,48
"..\He 6481 (2,2_3_0155.jpg",right,288,— Engelkini 641 771.,49
"..\He 6481 (2,2_3_0157.jpg",left,291,Theodericus Lyman 442.,1
"..\He 6481 (2,2_3_0157.jpg",left,291,— de Loel (Lole) 1088 1279.,2
"..\He 6481 (2,2_3_0157.jpg",left,291,— Loenching (Loenchinger) 1088.,3
"..\He 6481 (2,2_3_0157.jpg",left,291,— de Lote de Reys 11 68 729 1095 1100 1191.,4
"..\He 6481 (2,2_3_0157.jpg",left,291,— Lubich 1089.,5
"..\He 6481 (2,2_3_0157.jpg",left,291,— Lucynck 233.,6
"..\He 6481 (2,2_3_0157.jpg",left,291,— Lueff 1089.,7
"..\He 6481 (2,2_3_0157.jpg",left,291,— de Lutenberg 1089 1314 1426.,8
"..\He 6481 (2,2_3_0157.jpg",left,291,— Machtwitz 994.,9
"..\He 6481 (2,2_3_0157.jpg",left,291,— aep. Magdeburg. 1089.,10
"..\He 6481 (2,2_3_0157.jpg",left,291,— de Malborgh 1089.,11
"..\He 6481 (2,2_3_0157.jpg",left,291,— de Mandeslo 841 954 1089.,12
"..\He 6481 (2,2_3_0157.jpg",left,291,— abb. mon. b. Marie in Amorbach 1426.,13
"..\He 6481 (2,2_3_0157.jpg",left,291,— de Marnholte 1089.,14
"..\He 6481 (2,2_3_0157.jpg",left,291,— d. Marstat de Heinshem 1089.,15
"..\He 6481 (2,2_3_0157.jpg",left,291,— de Medeman 714.,16
"..\He 6481 (2,2_3_0157.jpg",left,291,— de Meyland 1090.,17
"..\He 6481 (2,2_3_0157.jpg",left,291,— Menghelyn 71 336.,18
"..\He 6481 (2,2_3_0157.jpg",left,291,— Myner 1090.,19
"..\He 6481 (2,2_3_0157.jpg",left,291,— Misdrage 342.,20
"..\He 6481 (2,2_3_0157.jpg",left,291,— de Moelen 1090.,21
"..\He 6481 (2,2_3_0157.jpg",left,291,— Monachi 949 1093.,22
"..\He 6481 (2,2_3_0157.jpg",left,291,— ep. Monast. 441.,23
"..\He 6481 (2,2_3_0157.jpg",left,291,— de Monasterio 1090.,24
"..\He 6481 (2,2_3_0157.jpg",left,291,— Monik 1362 1426.,25
"..\He 6481 (2,2_3_0157.jpg",left,291,— de Monte v. Th. Vandenberge.,26
"..\He 6481 (2,2_3_0157.jpg",left,291,— supra Montem 338.,27
"..\He 6481 (2,2_3_0157.jpg",left,291,— de Motern 596 974.,28
"..\He 6481 (2,2_3_0157.jpg",left,291,— de Muden 1090.,29
"..\He 6481 (2,2_3_0157.jpg",left,291,— Muglin 549.,30
"..\He 6481 (2,2_3_0157.jpg",left,291,— de Mulden 476.,31
"..\He 6481 (2,2_3_0157.jpg",left,291,— Nagel 1091.,32
"..\He 6481 (2,2_3_0157.jpg",left,291,— Nagghe 1426.,33
"..\He 6481 (2,2_3_0157.jpg",left,291,— Netzel 1091.,34
"..\He 6481 (2,2_3_0157.jpg",left,291,— de Neuburga 1091.,35
"..\He 6481 (2,2_3_0157.jpg",left,291,"— Nyem de Brakele, el. Verden. 111 179 194 202 731 765 770 807 889 927 949 954 966 1017 1031 1053 1080 1091 1140 1426.",36
"..\He 6481 (2,2_3_0157.jpg",left,291,— de Nyenkerken 510.,37
"..\He 6481 (2,2_3_0157.jpg",left,291,— Nordinc 510.,38
"..\He 6481 (2,2_3_0157.jpg",left,291,— Norman 1093.,39
"..\He 6481 (2,2_3_0157.jpg",left,291,— de Ole 322.,40
"..\He 6481 (2,2_3_0157.jpg",left,291,— Olificis 448 460 1080 1313.,41
"..\He 6481 (2,2_3_0157.jpg",left,291,— Oslevesen 1093.,42
"..\He 6481 (2,2_3_0157.jpg",left,291,— ep. Osnaburg. 119 441 630 703 787 1094 1243 1299 1342 1413.,43
"..\He 6481 (2,2_3_0157.jpg",left,291,— Pannificis 1094.,44
"..\He 6481 (2,2_3_0157.jpg",left,291,— Pappelen 845 1094.,45
"..\He 6481 (2,2_3_0157.jpg",left,291,— de Pattensen 1094.,46
"..\He 6481 (2,2_3_0157.jpg",left,291,— cantor eccl. s. Pauli WORMAT. 810.,47
"..\He 6481 (2,2_3_0158.jpg",left,293,Theodericus de Sezen 1099.,1
"..\He 6481 (2,2_3_0158.jpg",left,293,— de Sloet 214.,2
"..\He 6481 (2,2_3_0158.jpg",left,293,— Sloyer 339.,3
"..\He 6481 (2,2_3_0158.jpg",left,293,— Sloren 609.,4
"..\He 6481 (2,2_3_0158.jpg",left,293,— Smyt 1100.,5
"..\He 6481 (2,2_3_0158.jpg",left,293,— Somerfelt 384.,6
"..\He 6481 (2,2_3_0158.jpg",left,293,— Spezhardi 566.,7
"..\He 6481 (2,2_3_0158.jpg",left,293,— de Stabolis 684.,8
"..\He 6481 (2,2_3_0158.jpg",left,293,— Stael 833.,9
"..\He 6481 (2,2_3_0158.jpg",left,293,— Stanghe 1149 1434.,10
"..\He 6481 (2,2_3_0158.jpg",left,293,— Stassow 1293.,11
"..\He 6481 (2,2_3_0158.jpg",left,293,— Steynbach 1100.,12
"..\He 6481 (2,2_3_0158.jpg",left,293,— de Steynen 1100.,13
"..\He 6481 (2,2_3_0158.jpg",left,293,— Stidum 1100.,14
"..\He 6481 (2,2_3_0158.jpg",left,293,— de Stoikem 144.,15
"..\He 6481 (2,2_3_0158.jpg",left,293,— Storing 1315.,16
"..\He 6481 (2,2_3_0158.jpg",left,293,— de Stralen 409.,17
"..\He 6481 (2,2_3_0158.jpg",left,293,— d. Strider 700.,18
"..\He 6481 (2,2_3_0158.jpg",left,293,— Stuke 1100.,19
"..\He 6481 (2,2_3_0158.jpg",left,293,— Stuten 1100.,20
"..\He 6481 (2,2_3_0158.jpg",left,293,— Sutoris 62 403.,21
"..\He 6481 (2,2_3_0158.jpg",left,293,— Swepeke 1101.,22
"..\He 6481 (2,2_3_0158.jpg",left,293,— Swerting 1101.,23
"..\He 6481 (2,2_3_0158.jpg",left,293,— Swideri 1101.,24
"..\He 6481 (2,2_3_0158.jpg",left,293,— Swysow 1101.,25
"..\He 6481 (2,2_3_0158.jpg",left,293,— de Talhem 1034.,26
"..\He 6481 (2,2_3_0158.jpg",left,293,— ep. Tarbat. 27 117 286 491 57 757 758 1046 1216.,27
"..\He 6481 (2,2_3_0158.jpg",left,293,— Thembroke de Dottinchem 14,28
"..\He 6481 (2,2_3_0158.jpg",left,293,— Tengnaghel 656 1101.,29
"..\He 6481 (2,2_3_0158.jpg",left,293,— Tewfel 1102.,30
"..\He 6481 (2,2_3_0158.jpg",left,293,— Thewus 1102.,31
"..\He 6481 (2,2_3_0158.jpg",left,293,— Thymnen 222.,32
"..\He 6481 (2,2_3_0158.jpg",left,293,"— Tholke, ep. Reval. in Livonia 1268.",33
"..\He 6481 (2,2_3_0158.jpg",left,293,— de Tost (Tust) 1102 1411.,34
"..\He 6481 (2,2_3_0158.jpg",left,293,— Tresken 621.,35
"..\He 6481 (2,2_3_0158.jpg",left,293,— d. Tuckezuert 1398.,36
"..\He 6481 (2,2_3_0158.jpg",left,293,— de Tust v. Th. de Tost.,37
"..\He 6481 (2,2_3_0158.jpg",left,293,— de Tutlexen 1102.,38
"..\He 6481 (2,2_3_0158.jpg",left,293,— de Tzellenstede 1073.,39
"..\He 6481 (2,2_3_0158.jpg",left,293,— de Ubach 599 1103.,40
"..\He 6481 (2,2_3_0158.jpg",left,293,— de Ul sen 1103.,41
"..\He 6481 (2,2_3_0158.jpg",left,293,— Updenkelre v. Th. Henrici.,42
"..\He 6481 (2,2_3_0158.jpg",left,293,— de Urley 854.,43
"..\He 6481 (2,2_3_0158.jpg",left,293,— Wal 618.,44
"..\He 6481 (2,2_3_0158.jpg",left,293,— de Walkerswiler 1.,45
"..\He 6481 (2,2_3_0158.jpg",left,293,— Waltheri 49.,46
"..\He 6481 (2,2_3_0158.jpg",left,293,— Wassaghen 731.,47
"..\He 6481 (2,2_3_0158.jpg",left,293,— de Wederaw 1239.,48
"..\He 6481 (2,2_3_0158.jpg",left,293,— Welle 1104.,49
"..\He 6481 (2,2_3_0158.jpg",left,293,— de Wels 1096.,50
"..\He 6481 (2,2_3_0158.jpg",left,293,— Wend 1104.,51
"..\He 6481 (2,2_3_0152.jpg",right,282,Smylo baro de Bolehradicz al. de Chunstatt 943.,1
"..\He 6481 (2,2_3_0152.jpg",right,282,— de Lichtenburg baro de Vechovia 1053.,2
"..\He 6481 (2,2_3_0152.jpg",right,282,Smohel Abrahee d. Sprincz 1432.,3
"..\He 6481 (2,2_3_0152.jpg",right,282,Sophia (Soffia) abba mon. in Kytzingen 1053.,4
"..\He 6481 (2,2_3_0152.jpg",right,282,— comitissa de Dassele 360.,5
"..\He 6481 (2,2_3_0152.jpg",right,282,— 234 (v. Eberhardus baro de Kappeln).,6
"..\He 6481 (2,2_3_0152.jpg",right,282,— abba. sec. eccl. Gandersem. 1053.,7
"..\He 6481 (2,2_3_0152.jpg",right,282,— 343 (v. Gobellinus Busschoff).,8
"..\He 6481 (2,2_3_0152.jpg",right,282,— 409 (v. Henricus dux in Brunswik et in Lunenburg).,9
"..\He 6481 (2,2_3_0152.jpg",right,282,— 1053 (v. Henricus Martyns).,10
"..\He 6481 (2,2_3_0152.jpg",right,282,— priorissa mon. in Hildewordeshusen 1053.,11
"..\He 6481 (2,2_3_0152.jpg",right,282,— de Hohenberg 392.,12
"..\He 6481 (2,2_3_0152.jpg",right,282,— abba mon. Inferiorismon. Ratispon. 814.,13
"..\He 6481 (2,2_3_0152.jpg",right,282,— 1053 (v. Johannes de Almlo).,14
"..\He 6481 (2,2_3_0152.jpg",right,282,— 157 833 (v. Ludovicus com. de Oting).,15
"..\He 6481 (2,2_3_0152.jpg",right,282,— abba mon. b. Marie in Strigovia 1053.,16
"..\He 6481 (2,2_3_0152.jpg",right,282,"— Rom. regina 171 1146 (v. Wenceslaus Romanorum et Boemie rex, Johannes Bavarie dux).",17
"..\He 6481 (2,2_3_0152.jpg",right,282,— 1040 (v. Sbislaus de Turka).,18
"..\He 6481 (2,2_3_0152.jpg",right,282,— de Scouenborg 1053.,19
"..\He 6481 (2,2_3_0152.jpg",right,282,— comitissa de Truhendingen 804.,20
"..\He 6481 (2,2_3_0152.jpg",right,282,Soladamor 1053 (v. Nicolaus de La-villa).,21
"..\He 6481 (2,2_3_0152.jpg",right,282,Spaen d. Friso 1053.,22
"..\He 6481 (2,2_3_0152.jpg",right,282,Stanioł de Ysabitzko 573.,23
"..\He 6481 (2,2_3_0152.jpg",right,282,Stanislaus 406.,24
"..\He 6481 (2,2_3_0152.jpg",right,282,— 710.,25
"..\He 6481 (2,2_3_0152.jpg",right,282,— 1055.,26
"..\He 6481 (2,2_3_0152.jpg",right,282,— Bartholomei Przibicha de Prusnitz 1054.,27
"..\He 6481 (2,2_3_0152.jpg",right,282,— Falconis 571.,28
"..\He 6481 (2,2_3_0152.jpg",right,282,— Ham de Legnitz 1133.,29
"..\He 6481 (2,2_3_0152.jpg",right,282,— Jasczoldi de Miszewo 1054.,30
"..\He 6481 (2,2_3_0152.jpg",right,282,— de Liszko 969.,31
"..\He 6481 (2,2_3_0152.jpg",right,282,— Marci de Crosna 1054.,32
"..\He 6481 (2,2_3_0152.jpg",right,282,— Michaelis 1311.,33
"..\He 6481 (2,2_3_0152.jpg",right,282,— Michaelis de Nymansdorf 1422.,34
"..\He 6481 (2,2_3_0152.jpg",right,282,— Nicolai de Lesnitz 1055.,35
"..\He 6481 (2,2_3_0152.jpg",right,282,— Petri de Sazadek (Sadek) 1311 1422.,36
"..\He 6481 (2,2_3_0152.jpg",right,282,— Prus 27.,37
"..\He 6481 (2,2_3_0152.jpg",right,282,— Stanisłai Bochner 906 1055.,38
"..\He 6481 (2,2_3_0152.jpg",right,282,— Stanisłai de Wislicia 1055.,39
"..\He 6481 (2,2_3_0157.jpg",right,292,Theodericus Pellificis 1094.,1
"..\He 6481 (2,2_3_0157.jpg",right,292,— d. Persenaw 888.,2
"..\He 6481 (2,2_3_0157.jpg",right,292,— Pistoris de Culenborch 1094.,3
"..\He 6481 (2,2_3_0157.jpg",right,292,— Platz de Somardo (Somerde) 183 1094.,4
"..\He 6481 (2,2_3_0157.jpg",right,292,— Popenperger 1094 1315.,5
"..\He 6481 (2,2_3_0157.jpg",right,292,— Predicatoris de Arnstete 1094.,6
"..\He 6481 (2,2_3_0157.jpg",right,292,— Priem 1095.,7
"..\He 6481 (2,2_3_0157.jpg",right,292,— Prumer 1095.,8
"..\He 6481 (2,2_3_0157.jpg",right,292,— Prutzen 1426.,9
"..\He 6481 (2,2_3_0157.jpg",right,292,— Purkaw 1095.,10
"..\He 6481 (2,2_3_0157.jpg",right,292,— de Puteo 27 343 570.,11
"..\He 6481 (2,2_3_0157.jpg",right,292,— Quernem 1095.,12
"..\He 6481 (2,2_3_0157.jpg",right,292,— Rasoris de Asmestet 178 566.,13
"..\He 6481 (2,2_3_0157.jpg",right,292,— Rede 216.,14
"..\He 6481 (2,2_3_0157.jpg",right,292,— Reese (Rezen) 876.,15
"..\He 6481 (2,2_3_0157.jpg",right,292,— de Reis v. Th. Lote de R.,16
"..\He 6481 (2,2_3_0157.jpg",right,292,— Renoldi Elstreberg 1315.,17
"..\He 6481 (2,2_3_0157.jpg",right,292,— Rensyng 1096.,18
"..\He 6481 (2,2_3_0157.jpg",right,292,— Requini de Goch 1096.,19
"..\He 6481 (2,2_3_0157.jpg",right,292,— Reseler de Northum 58 1096 1427,20
"..\He 6481 (2,2_3_0157.jpg",right,292,— Riccildi 803.,21
"..\He 6481 (2,2_3_0157.jpg",right,292,— abb. mon. in Rynartzborn 1095 1351.,22
"..\He 6481 (2,2_3_0157.jpg",right,292,— Ry senbeke 1427.,23
"..\He 6481 (2,2_3_0157.jpg",right,292,— Rode 963.,24
"..\He 6481 (2,2_3_0157.jpg",right,292,— de Rodevelt 1097.,25
"..\He 6481 (2,2_3_0157.jpg",right,292,— Roden 1097.,26
"..\He 6481 (2,2_3_0157.jpg",right,292,— Rost 655 903 1097 1195.,27
"..\He 6481 (2,2_3_0157.jpg",right,292,— Rost de Bronchorst 1098.,28
"..\He 6481 (2,2_3_0157.jpg",right,292,— Rostuscher 150.,29
"..\He 6481 (2,2_3_0157.jpg",right,292,— Rothener 1098.,30
"..\He 6481 (2,2_3_0157.jpg",right,292,— de Rotinghen 1098.,31
"..\He 6481 (2,2_3_0157.jpg",right,292,— Rudolphi de Mosbach 1098.,32
"..\He 6481 (2,2_3_0157.jpg",right,292,— Runsche 863.,33
"..\He 6481 (2,2_3_0157.jpg",right,292,— Runst 1098.,34
"..\He 6481 (2,2_3_0157.jpg",right,292,— Rwsch 1315.,35
"..\He 6481 (2,2_3_0157.jpg",right,292,— ep. Ruthin. 666.,36
"..\He 6481 (2,2_3_0157.jpg",right,292,— Sachtelevent 1098.,37
"..\He 6481 (2,2_3_0157.jpg",right,292,— Sampach v. Th. de Sempach.,38
"..\He 6481 (2,2_3_0157.jpg",right,292,— de Sanctogoare 1098.,39
"..\He 6481 (2,2_3_0157.jpg",right,292,— Schade 1098.,40
"..\He 6481 (2,2_3_0157.jpg",right,292,— Schael 1057 1098.,41
"..\He 6481 (2,2_3_0157.jpg",right,292,"— Schenk, el. Naturen. 1099.",42
"..\He 6481 (2,2_3_0157.jpg",right,292,— Schenken 773.,43
"..\He 6481 (2,2_3_0157.jpg",right,292,— Schilling 1099.,44
"..\He 6481 (2,2_3_0157.jpg",right,292,— Schribir 417.,45
"..\He 6481 (2,2_3_0157.jpg",right,292,— Scriptoris de Franker 1315.,46
"..\He 6481 (2,2_3_0157.jpg",right,292,— Schutte 1099.,47
"..\He 6481 (2,2_3_0157.jpg",right,292,— de Seynsen 1099.,48
"..\He 6481 (2,2_3_0157.jpg",right,292,— de Sempach 392 477.,49
"..\He 6481 (2,2_3_0157.jpg",right,292,— Senstede 1099.,50
"..\He 6481 (2,2_3_0157.jpg",right,292,— de Septemfontibus de Hopscheit 6 444 484 749 1099.,51
"..\He 6481 (2,2_3_0160.jpg",left,297,[...] Toclestorfer 613.,1
"..\He 6481 (2,2_3_0160.jpg",left,297,Thomas 614.,2
"..\He 6481 (2,2_3_0160.jpg",left,297,— 915.,3
"..\He 6481 (2,2_3_0160.jpg",left,297,— ep. Agrien. 1211.,4
"..\He 6481 (2,2_3_0160.jpg",left,297,— Alberti de Slachtow 1114.,5
"..\He 6481 (2,2_3_0160.jpg",left,297,— Altveil 1114.,6
"..\He 6481 (2,2_3_0160.jpg",left,297,— Anewin de Menkemmer 1428.,7
"..\He 6481 (2,2_3_0160.jpg",left,297,— Baygrer de Langenaw 1114.,8
"..\He 6481 (2,2_3_0160.jpg",left,297,— Blauwaert 1115.,9
"..\He 6481 (2,2_3_0160.jpg",left,297,— ep. Brixien. 422.,10
"..\He 6481 (2,2_3_0160.jpg",left,297,— de Bulcow 1114.,11
"..\He 6481 (2,2_3_0160.jpg",left,297,— Bumsted 1115.,12
"..\He 6481 (2,2_3_0160.jpg",left,297,— Cancelberg 1115.,13
"..\He 6481 (2,2_3_0160.jpg",left,297,— Caucis 8.,14
"..\He 6481 (2,2_3_0160.jpg",left,297,— Chlutenmaister 782.,15
"..\He 6481 (2,2_3_0160.jpg",left,297,— Conradi de Voit 1115.,16
"..\He 6481 (2,2_3_0160.jpg",left,297,— Crutzek de Colo 1115.,17
"..\He 6481 (2,2_3_0160.jpg",left,297,— de Dalen 348.,18
"..\He 6481 (2,2_3_0160.jpg",left,297,— Deydenhusen de Medebach 1317.,19
"..\He 6481 (2,2_3_0160.jpg",left,297,— Drille 1115.,20
"..\He 6481 (2,2_3_0160.jpg",left,297,— de Duren 1115.,21
"..\He 6481 (2,2_3_0160.jpg",left,297,— Fabri de Beyerewt 1115.,22
"..\He 6481 (2,2_3_0160.jpg",left,297,"— Vandenleyenhuss (van den Leyenhuyss, in den Leyenhuss) 60 952 1088.",23
"..\He 6481 (2,2_3_0160.jpg",left,297,— Phauvelder 1130.,24
"..\He 6481 (2,2_3_0160.jpg",left,297,— de Ficechio 28 500 948 1035.,25
"..\He 6481 (2,2_3_0160.jpg",left,297,— Fippers 27.,26
"..\He 6481 (2,2_3_0160.jpg",left,297,— Fischo 13.,27
"..\He 6481 (2,2_3_0160.jpg",left,297,— d. Vos 356.,28
"..\He 6481 (2,2_3_0160.jpg",left,297,— Fuchs 1283.,29
"..\He 6481 (2,2_3_0160.jpg",left,297,— Geythan (Geyton) v. Th. Martini.,30
"..\He 6481 (2,2_3_0160.jpg",left,297,— Goltberch 1105.,31
"..\He 6481 (2,2_3_0160.jpg",left,297,— Grebinger 1428.,32
"..\He 6481 (2,2_3_0160.jpg",left,297,— Grimhartzhover 997.,33
"..\He 6481 (2,2_3_0160.jpg",left,297,— Haselberc 1115.,34
"..\He 6481 (2,2_3_0160.jpg",left,297,— Henrici de Offinghen 1115.,35
"..\He 6481 (2,2_3_0160.jpg",left,297,— de Herbesteyn 439 481 482.,36
"..\He 6481 (2,2_3_0160.jpg",left,297,— Ylschawe 1116.,37
"..\He 6481 (2,2_3_0160.jpg",left,297,— in den Leyenhuss v. Th. Vandenleyenhuss.,38
"..\He 6481 (2,2_3_0160.jpg",left,297,— Johannis 1116.,39
"..\He 6481 (2,2_3_0160.jpg",left,297,— de Irworth 1116.,40
"..\He 6481 (2,2_3_0160.jpg",left,297,— de Lapide 202.,41
"..\He 6481 (2,2_3_0160.jpg",left,297,— Lenigre 1318.,42
"..\He 6481 (2,2_3_0160.jpg",left,297,— Lewppel 779.,43
"..\He 6481 (2,2_3_0160.jpg",left,297,— Lohel 1116.,44
"..\He 6481 (2,2_3_0160.jpg",left,297,— tit. s. Marie in Dompnica diac. card. 78 1010 1031.,45
"..\He 6481 (2,2_3_0160.jpg",left,297,— Martini Geytan de Legenitz 862 972 1264 1318.,46
"..\He 6481 (2,2_3_0160.jpg",left,297,— Mas 1116 1274 1318.,47
"..\He 6481 (2,2_3_0160.jpg",left,297,— de Monteferrio 915.,48
"..\He 6481 (2,2_3_0159.jpg",right,296,Tilmannus el. Meten. 343 484 673 903 909 1340.,1
"..\He 6481 (2,2_3_0159.jpg",right,296,— de Michelnbach 432.,2
"..\He 6481 (2,2_3_0159.jpg",right,296,— de Monte s. Walburgis 632.,3
"..\He 6481 (2,2_3_0159.jpg",right,296,— Optende v. Tidemannus O.,4
"..\He 6481 (2,2_3_0159.jpg",right,296,— Raemsdorp 228.,5
"..\He 6481 (2,2_3_0159.jpg",right,296,— de Remiche 394.,6
"..\He 6481 (2,2_3_0159.jpg",right,296,— Ritter 1317.,7
"..\He 6481 (2,2_3_0159.jpg",right,296,— de Salcza 56 1211.,8
"..\He 6481 (2,2_3_0159.jpg",right,296,— de Scheprayt de Endenich (Eyn-denich) 342 1110 1111.,9
"..\He 6481 (2,2_3_0159.jpg",right,296,— Schnitzel (Schurzel) de Duysborch 408 520 1110 1112.,10
"..\He 6481 (2,2_3_0159.jpg",right,296,— Scriptoris de Heymersdorff 834.,11
"..\He 6481 (2,2_3_0159.jpg",right,296,— Sculteti 1427.,12
"..\He 6481 (2,2_3_0159.jpg",right,296,— de Smalenborch (Smaleberch) 82 119 177 215 267 332 462 827 863 1112.,13
"..\He 6481 (2,2_3_0159.jpg",right,296,— Stultzgin de Euskirchen 1427.,14
"..\He 6481 (2,2_3_0159.jpg",right,296,— Sturme (Storm) de Oppenheim 1113.,15
"..\He 6481 (2,2_3_0159.jpg",right,296,— Torman de Elrich 1113 1240 1317.,16
"..\He 6481 (2,2_3_0159.jpg",right,296,— de Tulpeto 237 1109.,17
"..\He 6481 (2,2_3_0159.jpg",right,296,— Upmehoyve 768.,18
"..\He 6481 (2,2_3_0159.jpg",right,296,— Wacker de Sanctogoare 1428.,19
"..\He 6481 (2,2_3_0159.jpg",right,296,— de Waldecke 594.,20
"..\He 6481 (2,2_3_0159.jpg",right,296,— de Wicke 282.,21
"..\He 6481 (2,2_3_0159.jpg",right,296,— Worst 1317.,22
"..\He 6481 (2,2_3_0159.jpg",right,296,— Zedeler de Tremonia 233.,23
"..\He 6481 (2,2_3_0159.jpg",right,296,— Tzender 1113.,24
"..\He 6481 (2,2_3_0159.jpg",right,296,— de Tzwivel 27.,25
"..\He 6481 (2,2_3_0159.jpg",right,296,Tilo Berner 1023.,26
"..\He 6481 (2,2_3_0159.jpg",right,296,— Katti v. Tilmannus K.,27
"..\He 6481 (2,2_3_0159.jpg",right,296,— Elrich iun. v. Tilmannus E.,28
"..\He 6481 (2,2_3_0159.jpg",right,296,— de Gotha 696.,29
"..\He 6481 (2,2_3_0159.jpg",right,296,— ep. Sambien. 11 17 474.,30
"..\He 6481 (2,2_3_0159.jpg",right,296,— Tettenborn 595.,31
"..\He 6481 (2,2_3_0159.jpg",right,296,— cust. eccl. Warmien. 811.,32
"..\He 6481 (2,2_3_0159.jpg",right,296,— Wulf 955.,33
"..\He 6481 (2,2_3_0159.jpg",right,296,Thyemmo 221.,34
"..\He 6481 (2,2_3_0159.jpg",right,296,"Thimo (Tymmo, Timmon, Thymon) 1114.",35
"..\He 6481 (2,2_3_0159.jpg",right,296,"— de Kolditz, ep. Misn. 640 701 759 1114 1145 1226 1236 1317 1428.",36
"..\He 6481 (2,2_3_0159.jpg",right,296,— Vlemyngh 338 1219.,37
"..\He 6481 (2,2_3_0159.jpg",right,296,— de Herde 1144.,38
"..\He 6481 (2,2_3_0159.jpg",right,296,— de Lapide 256.,39
"..\He 6481 (2,2_3_0159.jpg",right,296,— de Seghebergh 1114.,40
"..\He 6481 (2,2_3_0159.jpg",right,296,— Thimonis de Eschenwege 1428.,41
"..\He 6481 (2,2_3_0159.jpg",right,296,Tymotheus Johannis 1114.,42
"..\He 6481 (2,2_3_0159.jpg",right,296,Tipelo de Volkardinghusen 1317.,43
"..\He 6481 (2,2_3_0159.jpg",right,296,Tyrolffus de Habach 256.,44
"..\He 6481 (2,2_3_0159.jpg",right,296,Titzko Bartholomeus de Lobeda 406.,45
"..\He 6481 (2,2_3_0158.jpg",right,294,Theodericus de Werbete 1104.,1
"..\He 6481 (2,2_3_0158.jpg",right,294,— Werdemann 1104.,2
"..\He 6481 (2,2_3_0158.jpg",right,294,— Wernsnik al. Storle 506.,3
"..\He 6481 (2,2_3_0158.jpg",right,294,— de Westfalia v. Th. Berchenkesen.,4
"..\He 6481 (2,2_3_0158.jpg",right,294,— de Wy 728.,5
"..\He 6481 (2,2_3_0158.jpg",right,294,— de Wilborch 1104.,6
"..\He 6481 (2,2_3_0158.jpg",right,294,— dec. eccl. s. Willehadi Bremen. 1361.,7
"..\He 6481 (2,2_3_0158.jpg",right,294,— de Wylre (Wilre) al. de Duobus Montibus 693 694.,8
"..\He 6481 (2,2_3_0158.jpg",right,294,— de Windek 580.,9
"..\He 6481 (2,2_3_0158.jpg",right,294,— de Wische 1104.,10
"..\He 6481 (2,2_3_0158.jpg",right,294,— Witgin 91.,11
"..\He 6481 (2,2_3_0158.jpg",right,294,— Witte 41 603 664 1104 1138.,12
"..\He 6481 (2,2_3_0158.jpg",right,294,— Witte 1076.,13
"..\He 6481 (2,2_3_0158.jpg",right,294,— Vulpis de Gebertzan 1105.,14
"..\He 6481 (2,2_3_0158.jpg",right,294,— prep. Wratislav. 999.,15
"..\He 6481 (2,2_3_0158.jpg",right,294,— Czadras 1105.,16
"..\He 6481 (2,2_3_0158.jpg",right,294,— Zelleke al. d. Bakmester 1105.,17
"..\He 6481 (2,2_3_0158.jpg",right,294,— Zybbinc 1077 1285.,18
"..\He 6481 (2,2_3_0158.jpg",right,294,— Zöllner 1106.,19
"..\He 6481 (2,2_3_0158.jpg",right,294,— Zurn 290.,20
"..\He 6481 (2,2_3_0158.jpg",right,294,— Zutemund 876.,21
"..\He 6481 (2,2_3_0158.jpg",right,294,Teodorus v. Theodericus.,22
"..\He 6481 (2,2_3_0158.jpg",right,294,Theofilippus Martini 24.,23
"..\He 6481 (2,2_3_0158.jpg",right,294,Theophilus Petri Armknecht de Opol 1106 1300 1315.,24
"..\He 6481 (2,2_3_0158.jpg",right,294,Tepoldus de Benrod 1106.,25
"..\He 6481 (2,2_3_0158.jpg",right,294,Terlingus Ockonis 39.,26
"..\He 6481 (2,2_3_0158.jpg",right,294,Therricus v. Theodericus.,27
"..\He 6481 (2,2_3_0158.jpg",right,294,Tetbernus 709.,28
"..\He 6481 (2,2_3_0158.jpg",right,294,Thyallinifus Frederici 1107.,29
"..\He 6481 (2,2_3_0158.jpg",right,294,Tyboldus Ffloyt 1315.,30
"..\He 6481 (2,2_3_0158.jpg",right,294,Tidemannus 1316.,31
"..\He 6481 (2,2_3_0158.jpg",right,294,— Becker de Tremonia 1107.,32
"..\He 6481 (2,2_3_0158.jpg",right,294,— Coninc 1107.,33
"..\He 6481 (2,2_3_0158.jpg",right,294,— (Tilmannus) Herbordi (Herboert) 48 90 354 661 687 793 1107.,34
"..\He 6481 (2,2_3_0158.jpg",right,294,— de Hirkin (Tilemannus Herken) 740 741 1107.,35
"..\He 6481 (2,2_3_0158.jpg",right,294,— Lange 1107.,36
"..\He 6481 (2,2_3_0158.jpg",right,294,— Malchow 1107.,37
"..\He 6481 (2,2_3_0158.jpg",right,294,— Optende 990 1107.,38
"..\He 6481 (2,2_3_0158.jpg",right,294,Thidericus v. Theodericus.,39
"..\He 6481 (2,2_3_0158.jpg",right,294,"Tilmannus (Tilemannus, Tielmannus, Thelmannus, Tolmannus) Bruynstein 1108.",40
"..\He 6481 (2,2_3_0158.jpg",right,294,— Brunshorn al. de Hex 1108.,41
"..\He 6481 (2,2_3_0158.jpg",right,294,— Bruwer 1108.,42
"..\He 6481 (2,2_3_0158.jpg",right,294,— Kalp 1427.,43
"..\He 6481 (2,2_3_0158.jpg",right,294,— (Tilo) Katti 817 1108.,44
"..\He 6481 (2,2_3_0158.jpg",right,294,— Kelner 709.,45
"..\He 6481 (2,2_3_0158.jpg",right,294,— de Kerne 1108.,46
"..\He 6481 (2,2_3_0158.jpg",right,294,— de Cerulo 570.,47
"..\He 6481 (2,2_3_0159.jpg",left,295,Tilmannus Kirchayn 1161.,1
"..\He 6481 (2,2_3_0159.jpg",left,295,— Kirchob 1108.,2
"..\He 6481 (2,2_3_0159.jpg",left,295,— de Culpito v. T. de Tulpeto.,3
"..\He 6481 (2,2_3_0159.jpg",left,295,— de Dyrtenhusen 1407.,4
"..\He 6481 (2,2_3_0159.jpg",left,295,— de Drinhusen 335 373 818 1109 1231 1271.,5
"..\He 6481 (2,2_3_0159.jpg",left,295,"— Duvel (Dovel, Dwel) 236 565 984 1108 1266.",6
"..\He 6481 (2,2_3_0159.jpg",left,295,— de Duysborch v. T. Schnitzel.,7
"..\He 6481 (2,2_3_0159.jpg",left,295,— Eghrani 1109.,8
"..\He 6481 (2,2_3_0159.jpg",left,295,— Eichart (Eyckardi) de Attendarn 237 353 1109 1223 1316.,9
"..\He 6481 (2,2_3_0159.jpg",left,295,— de Eyndenich v. T. Scheprayt.,10
"..\He 6481 (2,2_3_0159.jpg",left,295,— de Eldingen 249.,11
"..\He 6481 (2,2_3_0159.jpg",left,295,— de Elingen 1109.,12
"..\He 6481 (2,2_3_0159.jpg",left,295,— de Ellm (Elbyn) 1109.,13
"..\He 6481 (2,2_3_0159.jpg",left,295,— Elrich iun. 1113 1244 1316 1369 (cf. T. Torman).,14
"..\He 6481 (2,2_3_0159.jpg",left,295,— de Elvervelde 1110.,15
"..\He 6481 (2,2_3_0159.jpg",left,295,— de Endenich v. T. Scheprayt.,16
"..\He 6481 (2,2_3_0159.jpg",left,295,— de Erpel 329.,17
"..\He 6481 (2,2_3_0159.jpg",left,295,— de Esche 1316.,18
"..\He 6481 (2,2_3_0159.jpg",left,295,— van der Steghen 325 1113.,19
"..\He 6481 (2,2_3_0159.jpg",left,295,— de Vassenacht 1110.,20
"..\He 6481 (2,2_3_0159.jpg",left,295,— Vynck 1316.,21
"..\He 6481 (2,2_3_0159.jpg",left,295,— de Vynhusen 1110.,22
"..\He 6481 (2,2_3_0159.jpg",left,295,— Vorne 1110.,23
"..\He 6481 (2,2_3_0159.jpg",left,295,— de Frankenberg 419.,24
"..\He 6481 (2,2_3_0159.jpg",left,295,— Vulgrave 1110.,25
"..\He 6481 (2,2_3_0159.jpg",left,295,— de Garda 645.,26
"..\He 6481 (2,2_3_0159.jpg",left,295,— Glogaw 1318.,27
"..\He 6481 (2,2_3_0159.jpg",left,295,— de Greyfrade 566.,28
"..\He 6481 (2,2_3_0159.jpg",left,295,— de Grenderich 343.,29
"..\He 6481 (2,2_3_0159.jpg",left,295,— Haghemeyster 1427.,30
"..\He 6481 (2,2_3_0159.jpg",left,295,— Heymborge al. Sulkerad 1111.,31
"..\He 6481 (2,2_3_0159.jpg",left,295,— Herboert v. Tidemannus.,32
"..\He 6481 (2,2_3_0159.jpg",left,295,— de Herken v. Tidemannus de Hirkin.,33
"..\He 6481 (2,2_3_0159.jpg",left,295,— Hermanni 1111.,34
"..\He 6481 (2,2_3_0159.jpg",left,295,— Herwici 1111 1390.,35
"..\He 6481 (2,2_3_0159.jpg",left,295,— de Hoemberg 268 472.,36
"..\He 6481 (2,2_3_0159.jpg",left,295,— Holkese (Hollese) 391 1260 1268 1317.,37
"..\He 6481 (2,2_3_0159.jpg",left,295,— Johannis de Stochem 1111.,38
"..\He 6481 (2,2_3_0159.jpg",left,295,— Lachardi de Lanck al. d. Morighin (Moirchen) 371 1108.,39
"..\He 6481 (2,2_3_0159.jpg",left,295,— de Limpurg 959.,40
"..\He 6481 (2,2_3_0159.jpg",left,295,— de Lucenborg 692.,41
"..\He 6481 (2,2_3_0159.jpg",left,295,— de Luttera 1111.,42
"..\He 6481 (2,2_3_0159.jpg",left,295,— abb. mon. b. Marie Luczemburg. 790.,43
"..\He 6481 (2,2_3_0159.jpg",left,295,— de Marpurc 1111.,44
"..\He 6481 (2,2_3_0159.jpg",left,295,— Medden 1111 1317.,45
"..\He 6481 (2,2_3_0159.jpg",left,295,— de Mersenich 347.,46
"..\He 6481 (2,2_3_0161.jpg",left,299,"Ulricus (Udalricus, Udelricus, Olricus) 924 1283.",1
"..\He 6481 (2,2_3_0161.jpg",left,299,— v. U. Hiltel.,2
"..\He 6481 (2,2_3_0161.jpg",left,299,— Abmatt 1123.,3
"..\He 6481 (2,2_3_0161.jpg",left,299,— Ackendorp 1123.,4
"..\He 6481 (2,2_3_0161.jpg",left,299,— de Albeck 133 1123 1287 1319.,5
"..\He 6481 (2,2_3_0161.jpg",left,299,— de Aquisgranis 1124.,6
"..\He 6481 (2,2_3_0161.jpg",left,299,— Auwerin 1126.,7
"..\He 6481 (2,2_3_0161.jpg",left,299,— prep. mon. B[erchtesgaden.],8
"..\He 6481 (2,2_3_0161.jpg",left,299,— Besz 561.,9
"..\He 6481 (2,2_3_0161.jpg",left,299,— de Bisel 188 1124.,10
"..\He 6481 (2,2_3_0161.jpg",left,299,— Blarrer 1124 1195.,11
"..\He 6481 (2,2_3_0161.jpg",left,299,— Blucher 820.,12
"..\He 6481 (2,2_3_0161.jpg",left,299,— Bog al. d. Kleinuolrich 1124.,13
"..\He 6481 (2,2_3_0161.jpg",left,299,— Brotbek 1366.,14
"..\He 6481 (2,2_3_0161.jpg",left,299,— Bruen 1124.,15
"..\He 6481 (2,2_3_0161.jpg",left,299,— de Bunde 1124.,16
"..\He 6481 (2,2_3_0161.jpg",left,299,— Burggrave 307 1321.,17
"..\He 6481 (2,2_3_0161.jpg",left,299,— Burgower 683.,18
"..\He 6481 (2,2_3_0161.jpg",left,299,— Camrer 1319.,19
"..\He 6481 (2,2_3_0161.jpg",left,299,— Carnificis 1429.,20
"..\He 6481 (2,2_3_0161.jpg",left,299,— Keckonis 1124.,21
"..\He 6481 (2,2_3_0161.jpg",left,299,— Kelner 1124.,22
"..\He 6481 (2,2_3_0161.jpg",left,299,— de Kersenbroke 1125.,23
"..\He 6481 (2,2_3_0161.jpg",left,299,— de Chirchperg 1125.,24
"..\He 6481 (2,2_3_0161.jpg",left,299,— de Clagenfurt 1125.,25
"..\He 6481 (2,2_3_0161.jpg",left,299,— Conradi de Pleystayn 1125.,26
"..\He 6481 (2,2_3_0161.jpg",left,299,— Kortelanghe 1017.,27
"..\He 6481 (2,2_3_0161.jpg",left,299,— abb. mon. in Cotwico 733.,28
"..\He 6481 (2,2_3_0161.jpg",left,299,— Kotz 1125.,29
"..\He 6481 (2,2_3_0161.jpg",left,299,— Creser 1125.,30
"..\He 6481 (2,2_3_0161.jpg",left,299,— Cultellifabri de Urach 1125.,31
"..\He 6481 (2,2_3_0161.jpg",left,299,— Kunig 867 1125.,32
"..\He 6481 (2,2_3_0161.jpg",left,299,— Dasperger 75.,33
"..\He 6481 (2,2_3_0161.jpg",left,299,— der Velber 1126.,34
"..\He 6481 (2,2_3_0161.jpg",left,299,— Edelmann 870.,35
"..\He 6481 (2,2_3_0161.jpg",left,299,— prep. mon. in Eldena 581.,36
"..\He 6481 (2,2_3_0161.jpg",left,299,— d. Erlewin 1125.,37
"..\He 6481 (2,2_3_0161.jpg",left,299,— Essich 763.,38
"..\He 6481 (2,2_3_0161.jpg",left,299,— Evezelsberger 1319.,39
"..\He 6481 (2,2_3_0161.jpg",left,299,— de Feltkirchen 1126.,40
"..\He 6481 (2,2_3_0161.jpg",left,299,— ep. Verden. 1374 1381 1384 1414 1429.,41
"..\He 6481 (2,2_3_0161.jpg",left,299,— de Vestenberch 1319.,42
"..\He 6481 (2,2_3_0161.jpg",left,299,— Vetter 482.,43
"..\He 6481 (2,2_3_0161.jpg",left,299,— de Feuht v. U. Meckenloher.,44
"..\He 6481 (2,2_3_0161.jpg",left,299,— de Vilanders 1126 1246 1319.,45
"..\He 6481 (2,2_3_0161.jpg",left,299,— Philippi 1416.,46
"..\He 6481 (2,2_3_0161.jpg",left,299,— Finck 1126.,47
"..\He 6481 (2,2_3_0161.jpg",left,299,— Voyt 895.,48
"..\He 6481 (2,2_3_0161.jpg",left,299,— Frye 1126.,49
"..\He 6481 (2,2_3_0161.jpg",left,299,— Fundam 1271.,50
"..\He 6481 (2,2_3_0160.jpg",right,298,Thomas Nicolai de Paulow 685 1116.,1
"..\He 6481 (2,2_3_0160.jpg",right,298,— Pascacis (Paschacis) 1116.,2
"..\He 6481 (2,2_3_0160.jpg",right,298,— Petra 1116.,3
"..\He 6481 (2,2_3_0160.jpg",right,298,— Pleintinger 1117 1428.,4
"..\He 6481 (2,2_3_0160.jpg",right,298,— d. Rad 1117.,5
"..\He 6481 (2,2_3_0160.jpg",right,298,— Reysz 1318.,6
"..\He 6481 (2,2_3_0160.jpg",right,298,— d. Rothenhain 1117.,7
"..\He 6481 (2,2_3_0160.jpg",right,298,— Rudolphi al. Hering 1428.,8
"..\He 6481 (2,2_3_0160.jpg",right,298,— Saltzmann 1297.,9
"..\He 6481 (2,2_3_0160.jpg",right,298,— Sydenswans 279.,10
"..\He 6481 (2,2_3_0160.jpg",right,298,— Slade 1117.,11
"..\He 6481 (2,2_3_0160.jpg",right,298,— Sweche 1117.,12
"..\He 6481 (2,2_3_0160.jpg",right,298,— ep. Tricaricen. 23.,13
"..\He 6481 (2,2_3_0160.jpg",right,298,— Ulrici de Heilginstad 1117.,14
"..\He 6481 (2,2_3_0160.jpg",right,298,— Ulrici de Welebrod 1117.,15
"..\He 6481 (2,2_3_0160.jpg",right,298,— d. Vadenbiessen 673.,16
"..\He 6481 (2,2_3_0160.jpg",right,298,— de Weder de Olzen d. Kunst 487.,17
"..\He 6481 (2,2_3_0160.jpg",right,298,— Werder 1249 1269.,18
"..\He 6481 (2,2_3_0160.jpg",right,298,— Wrede de Kempen 348 1117.,19
"..\He 6481 (2,2_3_0160.jpg",right,298,Thomassinus Wilhelmi 1117.,20
"..\He 6481 (2,2_3_0160.jpg",right,298,Thomassius de Foco 1117.,21
"..\He 6481 (2,2_3_0160.jpg",right,298,Thomislaus de Buczokovice 1165.,22
"..\He 6481 (2,2_3_0160.jpg",right,298,Thordo ep. Strengin. 97.,23
"..\He 6481 (2,2_3_0160.jpg",right,298,Thorstanus ep. Scaren. 1117.,24
"..\He 6481 (2,2_3_0160.jpg",right,298,Trabatus de Tanne 1118.,25
"..\He 6481 (2,2_3_0160.jpg",right,298,Trabert 221.,26
"..\He 6481 (2,2_3_0160.jpg",right,298,Trewtel 173 (v. Conradus d. Eysteter).,27
"..\He 6481 (2,2_3_0160.jpg",right,298,Troyanus prep. Poznan. 999.,28
"..\He 6481 (2,2_3_0160.jpg",right,298,Tronetus de Thortziphilon 531 665.,29
"..\He 6481 (2,2_3_0160.jpg",right,298,— de Troneto de Bergnitz (Berginser) 419 420 666 1120.,30
"..\He 6481 (2,2_3_0160.jpg",right,298,Truda 1269 (v. Johannes Rabit).,31
"..\He 6481 (2,2_3_0160.jpg",right,298,— Wigeri de Novimagio 372.,32
"..\He 6481 (2,2_3_0160.jpg",right,298,Truimon Bok 486.,33
"..\He 6481 (2,2_3_0160.jpg",right,298,Truttwinus abb. mon. Schonagen. 112.,34
"..\He 6481 (2,2_3_0160.jpg",right,298,Tschirba Nakotofsky 1148 1433.,35
"..\He 6481 (2,2_3_0160.jpg",right,298,Turiginus de Ramsteyn 20.,36
"..\He 6481 (2,2_3_0160.jpg",right,298,Turingus Petrimanni 786.,37
"..\He 6481 (2,2_3_0160.jpg",right,298,Thusink Thodel 1121.,38
"..\He 6481 (2,2_3_0160.jpg",right,298,"Ubal dinus Cambii de Florentia, el. Corton., el. Turritan. 685 1121 1146.",39
"..\He 6481 (2,2_3_0160.jpg",right,298,Ubislaus Drogomiri de Mkolino 1428.,40
"..\He 6481 (2,2_3_0160.jpg",right,298,Udalricus v. Ulricus.,41
"..\He 6481 (2,2_3_0160.jpg",right,298,Udula 1034 (v. Ruthgerus de Hekeren).,42
"..\He 6481 (2,2_3_0160.jpg",right,298,Ulinus Dyener 870.,43
"..\He 6481 (2,2_3_0160.jpg",right,298,Ulmannus (Phylmannus) de Meysenhem 129.,44
"..\He 6481 (2,2_3_0160.jpg",right,298,— Seghelitz 1122.,45
"..\He 6481 (2,2_3_0162.jpg",right,302,Ulricus prep. Seccov. 537 1132 1320.,1
"..\He 6481 (2,2_3_0162.jpg",right,302,— de Sehaym 1132.,2
"..\He 6481 (2,2_3_0162.jpg",right,302,— Seyfridi 1132.,3
"..\He 6481 (2,2_3_0162.jpg",right,302,— abb. mon. in Selse 1132.,4
"..\He 6481 (2,2_3_0162.jpg",right,302,— de Spira 1133 1309.,5
"..\He 6481 (2,2_3_0162.jpg",right,302,— Stallenberg 1366.,6
"..\He 6481 (2,2_3_0162.jpg",right,302,— de Stockarten 180.,7
"..\He 6481 (2,2_3_0162.jpg",right,302,— de Stockharn 1133.,8
"..\He 6481 (2,2_3_0162.jpg",right,302,— Stoibe 1133.,9
"..\He 6481 (2,2_3_0162.jpg",right,302,— Strasser 1133.,10
"..\He 6481 (2,2_3_0162.jpg",right,302,— Stukenberg 1133.,11
"..\He 6481 (2,2_3_0162.jpg",right,302,— Sundan 1133.,12
"..\He 6481 (2,2_3_0162.jpg",right,302,— de Swanberg 544.,13
"..\He 6481 (2,2_3_0162.jpg",right,302,— Sweblein 1025.,14
"..\He 6481 (2,2_3_0162.jpg",right,302,— de Sweighusen 1133.,15
"..\He 6481 (2,2_3_0162.jpg",right,302,"— Sweinbart (Swinwarter, Swinwartir, Swinworter) 1 28 314 841 1052.",16
"..\He 6481 (2,2_3_0162.jpg",right,302,— Swem 1412.,17
"..\He 6481 (2,2_3_0162.jpg",right,302,— de Talewitz 1133.,18
"..\He 6481 (2,2_3_0162.jpg",right,302,— de Teckendorf 300.,19
"..\He 6481 (2,2_3_0162.jpg",right,302,— Tondorffer (Thunderorffer) 814 1133 1283.,20
"..\He 6481 (2,2_3_0162.jpg",right,302,— Treutenberger 256.,21
"..\He 6481 (2,2_3_0162.jpg",right,302,— Tutinch 148.,22
"..\He 6481 (2,2_3_0162.jpg",right,302,— Uff 570.,23
"..\He 6481 (2,2_3_0162.jpg",right,302,— Ullein 1188.,24
"..\He 6481 (2,2_3_0162.jpg",right,302,— Ulrici Frei de Abensberg 1321.,25
"..\He 6481 (2,2_3_0162.jpg",right,302,— Ulrici de Winkchel 1134.,26
"..\He 6481 (2,2_3_0162.jpg",right,302,— abb. mon. in Wagenhusen 28.,27
"..\He 6481 (2,2_3_0162.jpg",right,302,— d. Walkner 1129.,28
"..\He 6481 (2,2_3_0162.jpg",right,302,— de Waszeneck v. U. Mayger.,29
"..\He 6481 (2,2_3_0162.jpg",right,302,— d. Weygk 1051.,30
"..\He 6481 (2,2_3_0162.jpg",right,302,— de Weverenling 464.,31
"..\He 6481 (2,2_3_0162.jpg",right,302,— Wernheri 1429.,32
"..\He 6481 (2,2_3_0162.jpg",right,302,— Widman 976.,33
"..\He 6481 (2,2_3_0162.jpg",right,302,— Widmeri 1127.,34
"..\He 6481 (2,2_3_0162.jpg",right,302,"— de Wyenna, ep. Brixin. 37 241 313 492 815 1134 1278 1283 1310.",35
"..\He 6481 (2,2_3_0162.jpg",right,302,— de Wilberg 1134 1201 1252.,36
"..\He 6481 (2,2_3_0162.jpg",right,302,— abb. mon. in Wiltzburg 1321.,37
"..\He 6481 (2,2_3_0162.jpg",right,302,— Winkel 1134 1227 1321.,38
"..\He 6481 (2,2_3_0162.jpg",right,302,— de Wynolfsheim 974.,39
"..\He 6481 (2,2_3_0162.jpg",right,302,— com. de Wirtenberg 1016.,40
"..\He 6481 (2,2_3_0162.jpg",right,302,"— de Wolffperg, proc. Rubeimontis 727.",41
"..\He 6481 (2,2_3_0162.jpg",right,302,— Zing 1429.,42
"..\He 6481 (2,2_3_0162.jpg",right,302,— Zingerlein 1429.,43
"..\He 6481 (2,2_3_0162.jpg",right,302,— Zuitzerly 1135.,44
"..\He 6481 (2,2_3_0162.jpg",right,302,Urbanus papa VI. 1—1178 passim.,45
"..\He 6481 (2,2_3_0162.jpg",right,302,— Burner 1135.,46
"..\He 6481 (2,2_3_0162.jpg",right,302,— de Cruthusen 1325 1430 1432.,47
"..\He 6481 (2,2_3_0162.jpg",right,302,Ursula Ekkerum 1430.,48
"..\He 6481 (2,2_3_0162.jpg",right,302,— 1299 (v. Oswaldus Torringer).,49
"..\He 6481 (2,2_3_0163.jpg",left,303,Waborius de Gudesberg 1394.,1
"..\He 6481 (2,2_3_0163.jpg",left,303,Walburg 296 (v. Fredericus com. Moersen).,2
"..\He 6481 (2,2_3_0163.jpg",left,303,Walburga 1168 (v. Wolde marus de Hauckesforden).,3
"..\He 6481 (2,2_3_0163.jpg",left,303,Walchunus Haderer 1135.,4
"..\He 6481 (2,2_3_0163.jpg",left,303,Valentinus Jeskonis de Dobroslavitz,5
"..\He 6481 (2,2_3_0163.jpg",left,303,— de Mekow 1136. [1136.,6
"..\He 6481 (2,2_3_0163.jpg",left,303,— tit. s. Sabine presb. card. 445 742.,7
"..\He 6481 (2,2_3_0163.jpg",left,303,Walramus de Blonstraten 913.,8
"..\He 6481 (2,2_3_0163.jpg",left,303,— de Lapide 1137.,9
"..\He 6481 (2,2_3_0163.jpg",left,303,— de Sleyda 339.,10
"..\He 6481 (2,2_3_0163.jpg",left,303,— de Treveri 610.,11
"..\He 6481 (2,2_3_0163.jpg",left,303,Waltaerdus Reynaldi 1137.,12
"..\He 6481 (2,2_3_0163.jpg",left,303,Waltardus 1137.,13
"..\He 6481 (2,2_3_0163.jpg",left,303,"Walterus (Wolterus, Gualterus) de Argentina (de Mundrachingen al. de A.) 3 20 25 29 83 279 285 317 1025 1139 1321.",14
"..\He 6481 (2,2_3_0163.jpg",left,303,— de Beynem 1138.,15
"..\He 6481 (2,2_3_0163.jpg",left,303,— de Belle 276.,16
"..\He 6481 (2,2_3_0163.jpg",left,303,— de Biel 1138.,17
"..\He 6481 (2,2_3_0163.jpg",left,303,— de Boshem 843.,18
"..\He 6481 (2,2_3_0163.jpg",left,303,— de Bruchsella al. de Vinea 706 1006 1138.,19
"..\He 6481 (2,2_3_0163.jpg",left,303,— de Buchorn 1028.,20
"..\He 6481 (2,2_3_0163.jpg",left,303,— Carentarii de Waychingen 1140.,21
"..\He 6481 (2,2_3_0163.jpg",left,303,— de Cassel 694.,22
"..\He 6481 (2,2_3_0163.jpg",left,303,— de Kokeritz 57 58 277 788 1138.,23
"..\He 6481 (2,2_3_0163.jpg",left,303,— Colardi (Calardi) de Castellione 1138.,24
"..\He 6481 (2,2_3_0163.jpg",left,303,— Coman 787.,25
"..\He 6481 (2,2_3_0163.jpg",left,303,— Kuchel 1139.,26
"..\He 6481 (2,2_3_0163.jpg",left,303,— de Delft 284.,27
"..\He 6481 (2,2_3_0163.jpg",left,303,— Draylshagen 366.,28
"..\He 6481 (2,2_3_0163.jpg",left,303,— archid. in Elze in eccl. Hildesem. 61.,29
"..\He 6481 (2,2_3_0163.jpg",left,303,— Fayt v. W. Foyt.,30
"..\He 6481 (2,2_3_0163.jpg",left,303,— van der Weyden 772 1141.,31
"..\He 6481 (2,2_3_0163.jpg",left,303,— Velwer 767.,32
"..\He 6481 (2,2_3_0163.jpg",left,303,"— Foyt (Fayt, Voyt) 428 1139 1430.",33
"..\He 6481 (2,2_3_0163.jpg",left,303,— Fulhin 743.,34
"..\He 6481 (2,2_3_0163.jpg",left,303,— de Gamundia 1322.,35
"..\He 6481 (2,2_3_0163.jpg",left,303,— de Giesen 1139.,36
"..\He 6481 (2,2_3_0163.jpg",left,303,— Graw 1139.,37
"..\He 6481 (2,2_3_0163.jpg",left,303,— Grienbach (Grembach) 1322 1333.,38
"..\He 6481 (2,2_3_0163.jpg",left,303,— Grienbach (sen.) de Wy senstege 550 1322.,39
"..\He 6481 (2,2_3_0163.jpg",left,303,— de Heydensbach 1139.,40
"..\He 6481 (2,2_3_0163.jpg",left,303,— Himelreicher 1139.,41
"..\He 6481 (2,2_3_0163.jpg",left,303,— de Hoghenfels 1196.,42
"..\He 6481 (2,2_3_0163.jpg",left,303,— Johannis Hohenrayner 1140.,43
"..\He 6481 (2,2_3_0163.jpg",left,303,— Johannis de Oesterum 1140 1322.,44
"..\He 6481 (2,2_3_0162.jpg",left,301,Ulricus Meckenloher al. d. de Feucht 604 1130 1429.,1
"..\He 6481 (2,2_3_0162.jpg",left,301,— Meyer 631.,2
"..\He 6481 (2,2_3_0162.jpg",left,301,"— de Messaw de Austria, baro de Messow 965.",3
"..\He 6481 (2,2_3_0162.jpg",left,301,— Meusel 261.,4
"..\He 6481 (2,2_3_0162.jpg",left,301,— abb. mon. s. Michaelis in Luneborch 1258.,5
"..\He 6481 (2,2_3_0162.jpg",left,301,— Muchinger 256.,6
"..\He 6481 (2,2_3_0162.jpg",left,301,— d. Muerhart 1161.,7
"..\He 6481 (2,2_3_0162.jpg",left,301,— de Mulhusen 149.,8
"..\He 6481 (2,2_3_0162.jpg",left,301,— Naslos 572.,9
"..\He 6481 (2,2_3_0162.jpg",left,301,— Neydekker 42.,10
"..\He 6481 (2,2_3_0162.jpg",left,301,— dec. eccl. s. Nicolai Magdeburg. 175.,11
"..\He 6481 (2,2_3_0162.jpg",left,301,— Nusdorffer 1130.,12
"..\He 6481 (2,2_3_0162.jpg",left,301,— Nusperger 235 1131.,13
"..\He 6481 (2,2_3_0162.jpg",left,301,— de Obergurg 1277.,14
"..\He 6481 (2,2_3_0162.jpg",left,301,— de Onelspach 1429.,15
"..\He 6481 (2,2_3_0162.jpg",left,301,— Ortolfi 988.,16
"..\He 6481 (2,2_3_0162.jpg",left,301,— abb. mon. de Ossyach 1131.,17
"..\He 6481 (2,2_3_0162.jpg",left,301,— Payrstorffer 1320.,18
"..\He 6481 (2,2_3_0162.jpg",left,301,— de Patavia 28.,19
"..\He 6481 (2,2_3_0162.jpg",left,301,— Paulini de Oberndorf 1131.,20
"..\He 6481 (2,2_3_0162.jpg",left,301,— de Petridomo 1131.,21
"..\He 6481 (2,2_3_0162.jpg",left,301,— Pettendorf (Pettendorfer) 1125 1131 1429.,22
"..\He 6481 (2,2_3_0162.jpg",left,301,— Pol[o]chlin 1131.,23
"..\He 6481 (2,2_3_0162.jpg",left,301,— de Ponfling 1131.,24
"..\He 6481 (2,2_3_0162.jpg",left,301,— Poss 77.,25
"..\He 6481 (2,2_3_0162.jpg",left,301,— Prantner 1131 1320.,26
"..\He 6481 (2,2_3_0162.jpg",left,301,— Pretzil 992.,27
"..\He 6481 (2,2_3_0162.jpg",left,301,— Prisinger 1131.,28
"..\He 6481 (2,2_3_0162.jpg",left,301,— Puchvelder 1124.,29
"..\He 6481 (2,2_3_0162.jpg",left,301,— de Raithnaw 1131.,30
"..\He 6481 (2,2_3_0162.jpg",left,301,— Reimer 1252.,31
"..\He 6481 (2,2_3_0162.jpg",left,301,— Reysner 1132.,32
"..\He 6481 (2,2_3_0162.jpg",left,301,— Renner 1376.,33
"..\He 6481 (2,2_3_0162.jpg",left,301,— de Ringingen 1320 1322.,34
"..\He 6481 (2,2_3_0162.jpg",left,301,— Ry sen 727.,35
"..\He 6481 (2,2_3_0162.jpg",left,301,"— de Rodevelt, ep. Nuemburg. 58 146 175 377 382 637 805 890 955 1130.",36
"..\He 6481 (2,2_3_0162.jpg",left,301,— Rudigeri de Sultzpach 280.,37
"..\He 6481 (2,2_3_0162.jpg",left,301,— de Rudincken 1251.,38
"..\He 6481 (2,2_3_0162.jpg",left,301,— Sabow 1373.,39
"..\He 6481 (2,2_3_0162.jpg",left,301,— Salher 1320.,40
"..\He 6481 (2,2_3_0162.jpg",left,301,— Sammer 1132.,41
"..\He 6481 (2,2_3_0162.jpg",left,301,— de Sanctoegidio 1125.,42
"..\He 6481 (2,2_3_0162.jpg",left,301,— com. de Schawnberg 1132.,43
"..\He 6481 (2,2_3_0162.jpg",left,301,— de Schellenberg 1022.,44
"..\He 6481 (2,2_3_0162.jpg",left,301,— Schewensteyner 769.,45
"..\He 6481 (2,2_3_0162.jpg",left,301,— Scriptoris 1347.,46
"..\He 6481 (2,2_3_0161.jpg",right,300,Ulricus Gaysschelm de Chotzing 1126.,1
"..\He 6481 (2,2_3_0161.jpg",right,300,— de Gebveis 1126.,2
"..\He 6481 (2,2_3_0161.jpg",right,300,— Gerardi de Kulseim 28.,3
"..\He 6481 (2,2_3_0161.jpg",right,300,— Gessler (Gezzler) 488 1126.,4
"..\He 6481 (2,2_3_0161.jpg",right,300,— Ginteley 1127.,5
"..\He 6481 (2,2_3_0161.jpg",right,300,— Gotschalci 1127.,6
"..\He 6481 (2,2_3_0161.jpg",right,300,— Gramlich 1196 1238.,7
"..\He 6481 (2,2_3_0161.jpg",right,300,— Grisman 1127.,8
"..\He 6481 (2,2_3_0161.jpg",right,300,— Gros 250.,9
"..\He 6481 (2,2_3_0161.jpg",right,300,— Guigelli 1127.,10
"..\He 6481 (2,2_3_0161.jpg",right,300,— Gusman 207 1206.,11
"..\He 6481 (2,2_3_0161.jpg",right,300,— Gutnawer 1127.,12
"..\He 6481 (2,2_3_0161.jpg",right,300,— Habersetzer 260 686 1127,13
"..\He 6481 (2,2_3_0161.jpg",right,300,— Hadrer 1127.,14
"..\He 6481 (2,2_3_0161.jpg",right,300,— Haeler 200.,15
"..\He 6481 (2,2_3_0161.jpg",right,300,— Hagenawer 1127.,16
"..\He 6481 (2,2_3_0161.jpg",right,300,— Harlatawer 1319.,17
"..\He 6481 (2,2_3_0161.jpg",right,300,— Hautzenberger 1320.,18
"..\He 6481 (2,2_3_0161.jpg",right,300,— Hawsenner 1320.,19
"..\He 6481 (2,2_3_0161.jpg",right,300,— Heylonis 1128.,20
"..\He 6481 (2,2_3_0161.jpg",right,300,— de Heimbic 354.,21
"..\He 6481 (2,2_3_0161.jpg",right,300,— Herbestorfer 1058 1128 1221.,22
"..\He 6481 (2,2_3_0161.jpg",right,300,— Hiller 190 1128.,23
"..\He 6481 (2,2_3_0161.jpg",right,300,— Hiltel 303 1128.,24
"..\He 6481 (2,2_3_0161.jpg",right,300,— de Hoenfels (Hohenfels) 28 1129.,25
"..\He 6481 (2,2_3_0161.jpg",right,300,— de Hoensteyn 1020.,26
"..\He 6481 (2,2_3_0161.jpg",right,300,— de Hoensten (Hoyenstein) 696 1129.,27
"..\He 6481 (2,2_3_0161.jpg",right,300,— Hoeslein 1128.,28
"..\He 6481 (2,2_3_0161.jpg",right,300,— Hofsteter 1129.,29
"..\He 6481 (2,2_3_0161.jpg",right,300,— de Hohenloch 193.,30
"..\He 6481 (2,2_3_0161.jpg",right,300,— baro de Hohenloch 1115.,31
"..\He 6481 (2,2_3_0161.jpg",right,300,— com. de Hohenstein 1129.,32
"..\He 6481 (2,2_3_0161.jpg",right,300,— Hohenwarter 1175.,33
"..\He 6481 (2,2_3_0161.jpg",right,300,— Hoslini de Hofa 386.,34
"..\He 6481 (2,2_3_0161.jpg",right,300,— Hospitis de Longingen 1320.,35
"..\He 6481 (2,2_3_0161.jpg",right,300,— Huber 1129.,36
"..\He 6481 (2,2_3_0161.jpg",right,300,— Hulcengot 1379.,37
"..\He 6481 (2,2_3_0161.jpg",right,300,— ep. Laventin. 1349 1429.,38
"..\He 6481 (2,2_3_0161.jpg",right,300,— de Lybun 943.,39
"..\He 6481 (2,2_3_0161.jpg",right,300,— Lichtenekker (de Lichtenechg) 1129 1320.,40
"..\He 6481 (2,2_3_0161.jpg",right,300,— com. de Lindow 1129.,41
"..\He 6481 (2,2_3_0161.jpg",right,300,— Lobel 28 540.,42
"..\He 6481 (2,2_3_0161.jpg",right,300,— Lochner 374 481 867.,43
"..\He 6481 (2,2_3_0161.jpg",right,300,— Lurzen 1122.,44
"..\He 6481 (2,2_3_0161.jpg",right,300,— Macken 726.,45
"..\He 6481 (2,2_3_0161.jpg",right,300,— dux Magnopol. 824 1129.,46
"..\He 6481 (2,2_3_0161.jpg",right,300,— Mayger (Mayer) de Wasseneegg 241 346 1129.,47
"..\He 6481 (2,2_3_0161.jpg",right,300,— Mair de Limpach 1130.,48
"..\He 6481 (2,2_3_0161.jpg",right,300,— Marquardi 1412.,49
"..\He 6481 (2,2_3_0164.jpg",right,306,Wenmarus ep. Symbalien. 1323.,1
"..\He 6481 (2,2_3_0164.jpg",right,306,— de Tulpeto 1166.,2
"..\He 6481 (2,2_3_0164.jpg",right,306,Wentzo de Donyn 908.,3
"..\He 6481 (2,2_3_0164.jpg",right,306,— de Hexheim 834.,4
"..\He 6481 (2,2_3_0164.jpg",right,306,— de Narhem 1149.,5
"..\He 6481 (2,2_3_0164.jpg",right,306,Werenhardus al. d. Kilian 1059 1151.,6
"..\He 6481 (2,2_3_0164.jpg",right,306,Werentho de Praytenstein 1431.,7
"..\He 6481 (2,2_3_0164.jpg",right,306,Werinboldus Johannis 45 98 792 1150.,8
"..\He 6481 (2,2_3_0164.jpg",right,306,Werlinus Carentarii 1198 1246.,9
"..\He 6481 (2,2_3_0164.jpg",right,306,Wernhardus 305.,10
"..\He 6481 (2,2_3_0164.jpg",right,306,— Wyels 1151.,11
"..\He 6481 (2,2_3_0164.jpg",right,306,Wernhardus v. Bernhardus.,12
"..\He 6481 (2,2_3_0164.jpg",right,306,"Wernherus (Wernerus, Vernerus) 178.",13
"..\He 6481 (2,2_3_0164.jpg",right,306,— 784.,14
"..\He 6481 (2,2_3_0164.jpg",right,306,— 1245.,15
"..\He 6481 (2,2_3_0164.jpg",right,306,"— de [ . . .] 30 (cf. W. de Lewenstein, W. Spagel).",16
"..\He 6481 (2,2_3_0164.jpg",right,306,— [ . . .] 1153 v. W. de Gurtzenich.,17
"..\He 6481 (2,2_3_0164.jpg",right,306,— abb. mon. s. Albani in Monte s. Albani e. m. Magunt. 169 1151.,18
"..\He 6481 (2,2_3_0164.jpg",right,306,— de Alnhusen 184.,19
"..\He 6481 (2,2_3_0164.jpg",right,306,— (Bernherus) de Altwis 195 401 1133 1151.,20
"..\He 6481 (2,2_3_0164.jpg",right,306,— Aufleger 1151.,21
"..\He 6481 (2,2_3_0164.jpg",right,306,— abb. mon. Augiemaioris 30 305 627 1151 1365.,22
"..\He 6481 (2,2_3_0164.jpg",right,306,— Bacheym 396.,23
"..\He 6481 (2,2_3_0164.jpg",right,306,— de Bacheraco 603.,24
"..\He 6481 (2,2_3_0164.jpg",right,306,— de Belderschusen 1152.,25
"..\He 6481 (2,2_3_0164.jpg",right,306,— Bertoldi 1431.,26
"..\He 6481 (2,2_3_0164.jpg",right,306,— Bokwinkel 516.,27
"..\He 6481 (2,2_3_0164.jpg",right,306,— Boldewini 1152.,28
"..\He 6481 (2,2_3_0164.jpg",right,306,— de Bredow 1152.,29
"..\He 6481 (2,2_3_0164.jpg",right,306,— Brewberger 459.,30
"..\He 6481 (2,2_3_0164.jpg",right,306,— Bruggenkote 1152 1323.,31
"..\He 6481 (2,2_3_0164.jpg",right,306,— Kalven (Calvis) 737 738 1152.,32
"..\He 6481 (2,2_3_0164.jpg",right,306,— Carentarii 1152 1323.,33
"..\He 6481 (2,2_3_0164.jpg",right,306,— de Castorff 879.,34
"..\He 6481 (2,2_3_0164.jpg",right,306,— abb. mon. Cladrün. 1152.,35
"..\He 6481 (2,2_3_0164.jpg",right,306,— Knebil (Knebel) 186 1152.,36
"..\He 6481 (2,2_3_0164.jpg",right,306,— Dyem 938.,37
"..\He 6481 (2,2_3_0164.jpg",right,306,— Domesdach 583.,38
"..\He 6481 (2,2_3_0164.jpg",right,306,— Drosele 1153.,39
"..\He 6481 (2,2_3_0164.jpg",right,306,— Duden 1153.,40
"..\He 6481 (2,2_3_0164.jpg",right,306,— Dudhem de superiori Heymbach 1139 1153.,41
"..\He 6481 (2,2_3_0164.jpg",right,306,— Ernesti 1190.,42
"..\He 6481 (2,2_3_0164.jpg",right,306,— de Esschebergh 946.,43
"..\He 6481 (2,2_3_0164.jpg",right,306,— Fabri 1153.,44
"..\He 6481 (2,2_3_0164.jpg",right,306,— de Vechta 682.,45
"..\He 6481 (2,2_3_0164.jpg",right,306,— de Vlac cen 1153.,46
"..\He 6481 (2,2_3_0164.jpg",right,306,— Freymann 825.,47
"..\He 6481 (2,2_3_0164.jpg",right,306,— vic. ep. Frising. 197.,48
"..\He 6481 (2,2_3_0165.jpg",left,307,Wernherus Gherbode 1154.,1
"..\He 6481 (2,2_3_0165.jpg",left,307,— Glasmaker 1154 1323.,2
"..\He 6481 (2,2_3_0165.jpg",left,307,— Gons 441.,3
"..\He 6481 (2,2_3_0165.jpg",left,307,— d. Grasser 1154.,4
"..\He 6481 (2,2_3_0165.jpg",left,307,— de Griesham 1127.,5
"..\He 6481 (2,2_3_0165.jpg",left,307,— Grym 655.,6
"..\He 6481 (2,2_3_0165.jpg",left,307,— Grost (Groyst) 259 1211.,7
"..\He 6481 (2,2_3_0165.jpg",left,307,— de Gurtzenich 394 1153.,8
"..\He 6481 (2,2_3_0165.jpg",left,307,— de Hanstede 504 695 1154.,9
"..\He 6481 (2,2_3_0165.jpg",left,307,— de superiori Heymbach v. W. Dudhem.,10
"..\He 6481 (2,2_3_0165.jpg",left,307,— Hug de Fritzlaria 1154.,11
"..\He 6481 (2,2_3_0165.jpg",left,307,— Inghelve 1323.,12
"..\He 6481 (2,2_3_0165.jpg",left,307,— Johannis d. Spatzanger (Spatzinger) 1154 1431.,13
"..\He 6481 (2,2_3_0165.jpg",left,307,— Labbus 1324.,14
"..\He 6481 (2,2_3_0165.jpg",left,307,— de Lewenstein 1233.,15
"..\He 6481 (2,2_3_0165.jpg",left,307,— de Liche 427.,16
"..\He 6481 (2,2_3_0165.jpg",left,307,— de Lichtenberg 1324.,17
"..\He 6481 (2,2_3_0165.jpg",left,307,— de Lochorst 809 1154.,18
"..\He 6481 (2,2_3_0165.jpg",left,307,— Lupi 400.,19
"..\He 6481 (2,2_3_0165.jpg",left,307,— de Luten 1154.,20
"..\He 6481 (2,2_3_0165.jpg",left,307,— Mad 1155.,21
"..\He 6481 (2,2_3_0165.jpg",left,307,"— Magern (Mageren, Magery, Magneyr, Mairier) de Telsperg (Telsberg) 789 948 1155 1424.",22
"..\He 6481 (2,2_3_0165.jpg",left,307,— abb. mon. s. Martini Colon. 1155.,23
"..\He 6481 (2,2_3_0165.jpg",left,307,— de Merode 94.,24
"..\He 6481 (2,2_3_0165.jpg",left,307,— d. Miles 528 630 631 899.,25
"..\He 6481 (2,2_3_0165.jpg",left,307,— Morung al. d. Steynbol de Cassel 692.,26
"..\He 6481 (2,2_3_0165.jpg",left,307,— Mosheimer (Moshaymer) 1155 1321.,27
"..\He 6481 (2,2_3_0165.jpg",left,307,— Mus 316.,28
"..\He 6481 (2,2_3_0165.jpg",left,307,— de Ousleve 1124.,29
"..\He 6481 (2,2_3_0165.jpg",left,307,— de Oppenheim 1228.,30
"..\He 6481 (2,2_3_0165.jpg",left,307,— de Oss 589 1073 1155.,31
"..\He 6481 (2,2_3_0165.jpg",left,307,— Pachmair (Pachmayr) 411 544 1079 1155.,32
"..\He 6481 (2,2_3_0165.jpg",left,307,— ep. Patav. 155.,33
"..\He 6481 (2,2_3_0165.jpg",left,307,— de Puteo (Tenputte) 1004 1418.,34
"..\He 6481 (2,2_3_0165.jpg",left,307,— de Ramsperg 545.,35
"..\He 6481 (2,2_3_0165.jpg",left,307,— Rode 1431.,36
"..\He 6481 (2,2_3_0165.jpg",left,307,— Rode al. Dryhus 1156.,37
"..\He 6481 (2,2_3_0165.jpg",left,307,— de Rotenfels 1156.,38
"..\He 6481 (2,2_3_0165.jpg",left,307,— Runst 834.,39
"..\He 6481 (2,2_3_0165.jpg",left,307,— Sartoris 225.,40
"..\He 6481 (2,2_3_0165.jpg",left,307,— Schalarn 982.,41
"..\He 6481 (2,2_3_0165.jpg",left,307,— Schaup al. Wille 697.,42
"..\He 6481 (2,2_3_0165.jpg",left,307,— Schovel 1156.,43
"..\He 6481 (2,2_3_0165.jpg",left,307,— de Schulenborch 520 1156.,44
"..\He 6481 (2,2_3_0165.jpg",left,307,— Seybersdorffer 1156.,45
"..\He 6481 (2,2_3_0165.jpg",left,307,— Sifridi de Wytzehusen 499 1295.,46
"..\He 6481 (2,2_3_0165.jpg",left,307,— de Slidose 1157.,47
"..\He 6481 (2,2_3_0163.jpg",right,304,Walterus Lob de Stadegon 1139.,1
"..\He 6481 (2,2_3_0163.jpg",right,304,— Longi 1140.,2
"..\He 6481 (2,2_3_0163.jpg",right,304,— vicedominus Magdeburg. 608.,3
"..\He 6481 (2,2_3_0163.jpg",right,304,— Meye 1140.,4
"..\He 6481 (2,2_3_0163.jpg",right,304,— el. Merseburg. 1335 1352 1392 1430.,5
"..\He 6481 (2,2_3_0163.jpg",right,304,— prep. eccl. s. Michaelis Rinagen. 127.,6
"..\He 6481 (2,2_3_0163.jpg",right,304,— de Mynden 1072.,7
"..\He 6481 (2,2_3_0163.jpg",right,304,— de Monialia 1092 1140.,8
"..\He 6481 (2,2_3_0163.jpg",right,304,— Muer 1140.,9
"..\He 6481 (2,2_3_0163.jpg",right,304,— de Mulnheim 519 887 993.,10
"..\He 6481 (2,2_3_0163.jpg",right,304,— de Mundrachingen v. W. de Argentina.,11
"..\He 6481 (2,2_3_0163.jpg",right,304,— de Obbernhusen 576.,12
"..\He 6481 (2,2_3_0163.jpg",right,304,— de Owe 1140.,13
"..\He 6481 (2,2_3_0163.jpg",right,304,— de Renen 93 119 284 543 593 962,14
"..\He 6481 (2,2_3_0163.jpg",right,304,— Rod de Gamundia 1140. [1226.,15
"..\He 6481 (2,2_3_0163.jpg",right,304,— Schubei 200 289 776 1115 1141.,16
"..\He 6481 (2,2_3_0163.jpg",right,304,— de Sekkendorff 353.,17
"..\He 6481 (2,2_3_0163.jpg",right,304,— Seng 1141.,18
"..\He 6481 (2,2_3_0163.jpg",right,304,— Spangenbergcr 870.,19
"..\He 6481 (2,2_3_0163.jpg",right,304,— Teees 1141.,20
"..\He 6481 (2,2_3_0163.jpg",right,304,— Uhus 868.,21
"..\He 6481 (2,2_3_0163.jpg",right,304,— de Ulm 1141.,22
"..\He 6481 (2,2_3_0163.jpg",right,304,— de Ulsten (Wlsten) 683.,23
"..\He 6481 (2,2_3_0163.jpg",right,304,— Wal 1141.,24
"..\He 6481 (2,2_3_0163.jpg",right,304,— Walcken de Meygerinchusen 1141.,25
"..\He 6481 (2,2_3_0163.jpg",right,304,— Walteri de Wetter 473 1141.,26
"..\He 6481 (2,2_3_0163.jpg",right,304,— Werionni de Mogres 1021 1142.,27
"..\He 6481 (2,2_3_0163.jpg",right,304,— Wickenbroet 1207.,28
"..\He 6481 (2,2_3_0163.jpg",right,304,— de Wlsten v. W. de Ulsten.,29
"..\He 6481 (2,2_3_0163.jpg",right,304,— d. Zinsmeister 1142.,30
"..\He 6481 (2,2_3_0163.jpg",right,304,Wanko baro de Bozkowicz al. de Czruahora 943.,31
"..\He 6481 (2,2_3_0163.jpg",right,304,— baro de Duba 943.,32
"..\He 6481 (2,2_3_0163.jpg",right,304,Wartislaus v. Wratislaus.,33
"..\He 6481 (2,2_3_0163.jpg",right,304,Vasaldus v. Vasoldus.,34
"..\He 6481 (2,2_3_0163.jpg",right,304,Vasmarus Vasmarl 1143.,35
"..\He 6481 (2,2_3_0163.jpg",right,304,Wasmodus Tilinges 1223.,36
"..\He 6481 (2,2_3_0163.jpg",right,304,Wasmundus de Homberg 1322.,37
"..\He 6481 (2,2_3_0163.jpg",right,304,Vasoldus (Vasaldus) de Dolach 736 846 856 861 1052 1056 1142 1311.,38
"..\He 6481 (2,2_3_0163.jpg",right,304,— de Vlech 363.,39
"..\He 6481 (2,2_3_0163.jpg",right,304,Wedekindus (Widekindus) Hedber de Bruns wyk 1371 1427 1430.,40
"..\He 6481 (2,2_3_0163.jpg",right,304,— Lust 827.,41
"..\He 6481 (2,2_3_0163.jpg",right,304,— ep. Minden. 758.,42
"..\He 6481 (2,2_3_0163.jpg",right,304,— Saltzman (Salzman) 406 434 486 735 1143 1427 1430.,43
"..\He 6481 (2,2_3_0163.jpg",right,304,Wedekinus Spcgel (Speygel) 1020 1144.,44
"..\He 6481 (2,2_3_0163.jpg",right,304,Wedcge Buggenhagen 1430.,45
"..\He 6481 (2,2_3_0163.jpg",right,304,Wedego Gorslaff 216.,46
"..\He 6481 (2,2_3_0163.jpg",right,304,Weykardus 811.,47
"..\He 6481 (2,2_3_0163.jpg",right,304,— Hering 895.,48
"..\He 6481 (2,2_3_0164.jpg",left,305,Weyneken de Rode de Thorun 337.,1
"..\He 6481 (2,2_3_0164.jpg",left,305,Weyss Gewicz 944.,2
"..\He 6481 (2,2_3_0164.jpg",left,305,Weller mus v. Guilelmus.,3
"..\He 6481 (2,2_3_0164.jpg",left,305,"Wenceslaus (Wenzeslaus, Wenczeslaus) 910.",4
"..\He 6481 (2,2_3_0164.jpg",left,305,— patr. Antiochen. 1145 1227.,5
"..\He 6481 (2,2_3_0164.jpg",left,305,— Boemie rex v. W. Romanorum rex.,6
"..\He 6481 (2,2_3_0164.jpg",left,305,— marchio Brandenburg. v. W. Romanorum rex.,7
"..\He 6481 (2,2_3_0164.jpg",left,305,— d. Cancer 1145.,8
"..\He 6481 (2,2_3_0164.jpg",left,305,— Cnoblach 1145.,9
"..\He 6481 (2,2_3_0164.jpg",left,305,— Conradi de Nicolspurga 1145.,10
"..\He 6481 (2,2_3_0164.jpg",left,305,— Gregorii 27 29.,11
"..\He 6481 (2,2_3_0164.jpg",left,305,— Heylneyden 1322 1431.,12
"..\He 6481 (2,2_3_0164.jpg",left,305,— Jacobi de Horzowitz 140.,13
"..\He 6481 (2,2_3_0164.jpg",left,305,"— (Venceslaus) ep. Lubuc., ep. Wratislav. 20 29 279 342 358 572 573 656 685 698 710 811 812 851 906 925 1047 1055 1060 1148 1172 1193 1217 1272 1299 1301 1309 1315 1389 1407 1431 1433.",14
"..\He 6481 (2,2_3_0164.jpg",left,305,— de Luthemuschil 811.,15
"..\He 6481 (2,2_3_0164.jpg",left,305,— de Misa 1145.,16
"..\He 6481 (2,2_3_0164.jpg",left,305,— d. dux de Moravia 1146.,17
"..\He 6481 (2,2_3_0164.jpg",left,305,— d. Orlinheupt de Sauwenheim (W. de Sauwelnheim) 1146 1322.,18
"..\He 6481 (2,2_3_0164.jpg",left,305,— Romanorum et Boemiae rex et marchio Brandenburg. 7 26 29 107 139 151 153 241 275 277 518 538 678 684 685 710 727 839 851 852 916 919 931 1000 1029 1121 1145 1146 1148 1175.,19
"..\He 6481 (2,2_3_0164.jpg",left,305,— de Schelmenhusen 1146.,20
"..\He 6481 (2,2_3_0164.jpg",left,305,— de Spemberg (Spembergh) 693 1208,21
"..\He 6481 (2,2_3_0164.jpg",left,305,— Swisikow 1146.,22
"..\He 6481 (2,2_3_0164.jpg",left,305,"— Thiem (Tym, Thyem, Tyem) de Nicolspurga 74 181 272 381 539 788 796 810 846 868 903 1034 1147 1279 1323 1350 1431.",23
"..\He 6481 (2,2_3_0164.jpg",left,305,— al. Wentzlaw (Waczlaw) 1149 1434.,24
"..\He 6481 (2,2_3_0164.jpg",left,305,— d. Wolek de Jencensteyn (W. d. Wolck) 724 919 998.,25
"..\He 6481 (2,2_3_0164.jpg",left,305,— ep. Wratislav. v. W. ep. Lubuc.,26
"..\He 6481 (2,2_3_0164.jpg",left,305,— Zachynkyrche 1149.,27
"..\He 6481 (2,2_3_0164.jpg",left,305,Wendelinus Betzelen de Wissenloch 1431.,28
"..\He 6481 (2,2_3_0164.jpg",left,305,"Wenmarus (Wenemarus, Wennemarus, Winmarus) Braxatoris de Essendia 1145.",29
"..\He 6481 (2,2_3_0164.jpg",left,305,— Vrent (Vrund) 1144 1383.,30
"..\He 6481 (2,2_3_0164.jpg",left,305,— de Gymnich 1166.,31
"..\He 6481 (2,2_3_0164.jpg",left,305,— domorum hosp. b. Marie Theuton. in Jerusalem in partibus Livonie mag. 1144.,32
"..\He 6481 (2,2_3_0166.jpg",right,310,Wynandus de Castro 1164.,1
"..\He 6481 (2,2_3_0166.jpg",right,310,— Clinytzen 434.,2
"..\He 6481 (2,2_3_0166.jpg",right,310,— de Esch 319 320.,3
"..\He 6481 (2,2_3_0166.jpg",right,310,— Velit de Arnhem 1164.,4
"..\He 6481 (2,2_3_0166.jpg",right,310,— de Montford 1273.,5
"..\He 6481 (2,2_3_0166.jpg",right,310,— Ort de Stega 283 1164 1325 1373.,6
"..\He 6481 (2,2_3_0166.jpg",right,310,— de Twytlo 1165.,7
"..\He 6481 (2,2_3_0166.jpg",right,310,— de Ventimola 43.,8
"..\He 6481 (2,2_3_0166.jpg",right,310,Vincentius Angelini Velucii 637.,9
"..\He 6481 (2,2_3_0166.jpg",right,310,— de Brega 930.,10
"..\He 6481 (2,2_3_0166.jpg",right,310,— Holk (Holck) 732 1165 1294 1432.,11
"..\He 6481 (2,2_3_0166.jpg",right,310,— de Martzincow 963.,12
"..\He 6481 (2,2_3_0166.jpg",right,310,— Nicolai 1432.,13
"..\He 6481 (2,2_3_0166.jpg",right,310,— prep. Poznan. 635.,14
"..\He 6481 (2,2_3_0166.jpg",right,310,— Ridler 1165.,15
"..\He 6481 (2,2_3_0166.jpg",right,310,— Thome 114.,16
"..\He 6481 (2,2_3_0166.jpg",right,310,— Thomislai de Szirochowo 1165.,17
"..\He 6481 (2,2_3_0166.jpg",right,310,— Wiltzkonis (Wilczkonis) 211 1165.,18
"..\He 6481 (2,2_3_0166.jpg",right,310,— Wynne de Mintzenberg 1165.,19
"..\He 6481 (2,2_3_0166.jpg",right,310,— Wislai de Tuvenecz 1166.,20
"..\He 6481 (2,2_3_0166.jpg",right,310,Vinceslaus v. Wenceslaus.,21
"..\He 6481 (2,2_3_0166.jpg",right,310,Wyndela 162 (v. Conratus de Alen).,22
"..\He 6481 (2,2_3_0166.jpg",right,310,Windoldus 767.,23
"..\He 6481 (2,2_3_0166.jpg",right,310,Winemarus v. Wenmarus.,24
"..\He 6481 (2,2_3_0166.jpg",right,310,Wynhardus Gumperti 615.,25
"..\He 6481 (2,2_3_0166.jpg",right,310,Winricus de Eukirken 734.,26
"..\He 6481 (2,2_3_0166.jpg",right,310,— de Mosa 1166.,27
"..\He 6481 (2,2_3_0166.jpg",right,310,— ep. Osilien. 30 448 1167 1216 1325.,28
"..\He 6481 (2,2_3_0166.jpg",right,310,Wyntherus de Ryffenberg 1167.,29
"..\He 6481 (2,2_3_0166.jpg",right,310,— abb. mon. in Selgenstad 457.,30
"..\He 6481 (2,2_3_0166.jpg",right,310,"Wipertus (Vipertus) de Domneck, Dorneck) 231 285 1090 1167.",31
"..\He 6481 (2,2_3_0166.jpg",right,310,— de Hagenow 1106.,32
"..\He 6481 (2,2_3_0166.jpg",right,310,— de Monthabur 1432.,33
"..\He 6481 (2,2_3_0166.jpg",right,310,— ep. Razeburg. 224.,34
"..\He 6481 (2,2_3_0166.jpg",right,310,Virgilius Sappel (Sapel) 952 1167.,35
"..\He 6481 (2,2_3_0166.jpg",right,310,— Zawws 298.,36
"..\He 6481 (2,2_3_0166.jpg",right,310,— Zupot 1325.,37
"..\He 6481 (2,2_3_0166.jpg",right,310,Wyricho de Truchtelingen 1307.,38
"..\He 6481 (2,2_3_0166.jpg",right,310,Wiricus abb. mon. s. Willibrordi Epternac. 999.,39
"..\He 6481 (2,2_3_0166.jpg",right,310,Viridiana 665 (v. Johannes in Holtz).,40
"..\He 6481 (2,2_3_0166.jpg",right,310,Wirzebentha Strous 998.,41
"..\He 6481 (2,2_3_0166.jpg",right,310,Wyssso (Wisso) Nicolai 12 13 371 980.,42
"..\He 6481 (2,2_3_0166.jpg",right,310,— Petri 1168.,43
"..\He 6481 (2,2_3_0166.jpg",right,310,Viticus ep. Nuemburg. 1130.,44
"..\He 6481 (2,2_3_0166.jpg",right,310,Wytoslawus de Lessau 944.,45
"..\He 6481 (2,2_3_0166.jpg",right,310,Wittigo de Czwigow 950.,46
"..\He 6481 (2,2_3_0166.jpg",right,310,Wittigus de Cocheberg 956.,47
"..\He 6481 (2,2_3_0166.jpg",right,310,Witto Wilhelmi de Aggeres sanctimartini 1168.,48
"..\He 6481 (2,2_3_0166.jpg",right,310,— Reppelin 240.,49
"..\He 6481 (2,2_3_0166.jpg",right,310,Vivianus baro de Simberch 1168.,50
"..\He 6481 (2,2_3_0167.jpg",right,312,Wolframus Teppner 1170.,1
"..\He 6481 (2,2_3_0167.jpg",right,312,— Wineren 1241.,2
"..\He 6481 (2,2_3_0167.jpg",right,312,Wolmarus v. Volmarus.,3
"..\He 6481 (2,2_3_0167.jpg",right,312,Wolquinus v. Volquinus.,4
"..\He 6481 (2,2_3_0167.jpg",right,312,Wolterus v. Walterus.,5
"..\He 6481 (2,2_3_0167.jpg",right,312,Wortwinus Hewslin (Heroslini) 1345 1433.,6
"..\He 6481 (2,2_3_0167.jpg",right,312,— Meckmuln 1171.,7
"..\He 6481 (2,2_3_0167.jpg",right,312,"Wratislaus (Wratislavus, Wartislaus) sen. dux Stetin., Pomeranie Rugie- que princeps 240.",8
"..\He 6481 (2,2_3_0167.jpg",right,312,— Wartislai sen. ducis Stetin. 907.,9
"..\He 6481 (2,2_3_0167.jpg",right,312,"Wubrandus, Wulbrandus v. Wilbrandus.",10
"..\He 6481 (2,2_3_0167.jpg",right,312,Wulfhardus 1170.,11
"..\He 6481 (2,2_3_0167.jpg",right,312,— abb. mon. Syberg. 25.,12
"..\He 6481 (2,2_3_0167.jpg",right,312,— Esel de Stiria 1310.,13
"..\He 6481 (2,2_3_0167.jpg",right,312,— de Levenstein 216.,14
"..\He 6481 (2,2_3_0167.jpg",right,312,Wulvelinus Wulflein 1173.,15
"..\He 6481 (2,2_3_0167.jpg",right,312,Wulfferus de Mera 1173.,16
"..\He 6481 (2,2_3_0167.jpg",right,312,Wulfgherus Arnoldi de Boninc de Ede (W. Boninc) 325 543 904 1174 1278 1326.,17
"..\He 6481 (2,2_3_0167.jpg",right,312,— de Bilaer 1175.,18
"..\He 6481 (2,2_3_0167.jpg",right,312,Wulfingus (Vulfingus) Planken- stayner 1175.,19
"..\He 6481 (2,2_3_0167.jpg",right,312,— Pokchel 1175.,20
"..\He 6481 (2,2_3_0167.jpg",right,312,— Sifridi de Grez d. Muntzmeister 450.,21
"..\He 6481 (2,2_3_0167.jpg",right,312,— de Swanberg 670.,22
"..\He 6481 (2,2_3_0167.jpg",right,312,Wunibaldus Romer 1432.,23
"..\He 6481 (2,2_3_0167.jpg",right,312,Zacharias de Previslavia 1175.,24
"..\He 6481 (2,2_3_0167.jpg",right,312,— Zacharie 945.,25
"..\He 6481 (2,2_3_0167.jpg",right,312,Zanissius Poragii de Dobrossulowc 1175.,26
"..\He 6481 (2,2_3_0167.jpg",right,312,Zawr 944.,27
"..\He 6481 (2,2_3_0167.jpg",right,312,Zebaldus Reynaldi 1176.,28
"..\He 6481 (2,2_3_0167.jpg",right,312,Zeghebodo v. Segebodo.,29
"..\He 6481 (2,2_3_0167.jpg",right,312,Zeghebrandus Stor 1176.,30
"..\He 6481 (2,2_3_0167.jpg",right,312,Zeybotus v. Seybottus.,31
"..\He 6481 (2,2_3_0167.jpg",right,312,Czensko (Cenko) 1149 1434.,32
"..\He 6481 (2,2_3_0167.jpg",right,312,Czeslaus Clementis de Bucowe 1176.,33
"..\He 6481 (2,2_3_0167.jpg",right,312,Czine 258 (v. Erhardus Breitenbech).,34
"..\He 6481 (2,2_3_0167.jpg",right,312,Czuecho de Hornberg 1258.,35
"..\He 6481 (2,2_3_0167.jpg",right,312,Zwentislaus d. Seliga 69.,36
"..\He 6481 (2,2_3_0167.jpg",left,311,Wladislaus Polonie rex 875 1168 1171 1253 1294 1326.,1
"..\He 6481 (2,2_3_0167.jpg",left,311,Wlmarus de Dijke v. Volmarus de D.,2
"..\He 6481 (2,2_3_0167.jpg",left,311,Wlzekinus Schonenberg 1223.,3
"..\He 6481 (2,2_3_0167.jpg",left,311,Wobbeke Hoyeres 938 (v. Nicolaus Zeghenrit).,4
"..\He 6481 (2,2_3_0167.jpg",left,311,Wocco baro de Holsteyn 943.,5
"..\He 6481 (2,2_3_0167.jpg",left,311,Woldemarus de Hauckesforden v. Volmarus de H.,6
"..\He 6481 (2,2_3_0167.jpg",left,311,— de Resis 768.,7
"..\He 6481 (2,2_3_0167.jpg",left,311,Wolfgangus (Wulffangus) Ekhardi (Eckardi) 77 1169.,8
"..\He 6481 (2,2_3_0167.jpg",left,311,— Pfalspewnter 1129.,9
"..\He 6481 (2,2_3_0167.jpg",left,311,— Humelfrieder 1169.,10
"..\He 6481 (2,2_3_0167.jpg",left,311,— de Payrsgreez 641.,11
"..\He 6481 (2,2_3_0167.jpg",left,311,"Wolfhardus (Wolfardus, Wolffardus) 996.",12
"..\He 6481 (2,2_3_0167.jpg",left,311,— de Alben 1169.,13
"..\He 6481 (2,2_3_0167.jpg",left,311,— de Aufnange 550.,14
"..\He 6481 (2,2_3_0167.jpg",left,311,— de Baden v. W. de Paden.,15
"..\He 6481 (2,2_3_0167.jpg",left,311,— de Barsalia 1169.,16
"..\He 6481 (2,2_3_0167.jpg",left,311,— (Wolhardus) Bernardi de Cedelitz 1047 1171.,17
"..\He 6481 (2,2_3_0167.jpg",left,311,— Dornick 277.,18
"..\He 6481 (2,2_3_0167.jpg",left,311,— Ebner de Pleystain 1169.,19
"..\He 6481 (2,2_3_0167.jpg",left,311,— de Erenfels (Ernvcls) 1169.,20
"..\He 6481 (2,2_3_0167.jpg",left,311,— Florentii de Veno 1170.,21
"..\He 6481 (2,2_3_0167.jpg",left,311,— Lantz 165 1170.,22
"..\He 6481 (2,2_3_0167.jpg",left,311,— de Paden 307 931 1169 1217 1298.,23
"..\He 6481 (2,2_3_0167.jpg",left,311,— Saltzman 402.,24
"..\He 6481 (2,2_3_0167.jpg",left,311,— Schenkch 1170.,25
"..\He 6481 (2,2_3_0167.jpg",left,311,— (Volhardus) Senger (Czenger) 968 1300.,26
"..\He 6481 (2,2_3_0167.jpg",left,311,— de Trauenach 1170.,27
"..\He 6481 (2,2_3_0167.jpg",left,311,— Tuntz 1170.,28
"..\He 6481 (2,2_3_0167.jpg",left,311,— Wolfel 1433.,29
"..\He 6481 (2,2_3_0167.jpg",left,311,— de Czedlitz v. W. Bernardi.,30
"..\He 6481 (2,2_3_0167.jpg",left,311,— Czenger v. W. Senger.,31
"..\He 6481 (2,2_3_0167.jpg",left,311,Wolflinus Mayser (Moiser) 175.,32
"..\He 6481 (2,2_3_0167.jpg",left,311,"Wolframus (Wolframnus, Wolramus) Alberti 53.",33
"..\He 6481 (2,2_3_0167.jpg",left,311,— de Birkenbach 134.,34
"..\He 6481 (2,2_3_0167.jpg",left,311,— Dure 53 454 1170.,35
"..\He 6481 (2,2_3_0167.jpg",left,311,— de Egloffstein 1321.,36
"..\He 6481 (2,2_3_0167.jpg",left,311,— Veichter 175.,37
"..\He 6481 (2,2_3_0167.jpg",left,311,— Henrici de Swalbach 1170.,38
"..\He 6481 (2,2_3_0167.jpg",left,311,— Randert (Randenrot) 1171.,39
"..\He 6481 (2,2_3_0167.jpg",left,311,— Stange de Nuwenbeynburg 1170.,40
"..\He 6481 (2,2_3_0166.jpg",left,309,Wigandus de Derenbach 1161.,1
"..\He 6481 (2,2_3_0166.jpg",left,309,— Eschener 978.,2
"..\He 6481 (2,2_3_0166.jpg",left,309,— d. Velder 12.,3
"..\He 6481 (2,2_3_0166.jpg",left,309,— d. Vigk 1161.,4
"..\He 6481 (2,2_3_0166.jpg",left,309,— Hentzel de Gridel 1359.,5
"..\He 6481 (2,2_3_0166.jpg",left,309,— Hilger al. Lechelmunt 831.,6
"..\He 6481 (2,2_3_0166.jpg",left,309,— Hun 1161.,7
"..\He 6481 (2,2_3_0166.jpg",left,309,— Institoris 1161.,8
"..\He 6481 (2,2_3_0166.jpg",left,309,— Musczebok 446.,9
"..\He 6481 (2,2_3_0166.jpg",left,309,— de Novacivitate 590.,10
"..\He 6481 (2,2_3_0166.jpg",left,309,— Offstorffer v. W. Uffstoyszer.,11
"..\He 6481 (2,2_3_0166.jpg",left,309,— Schijt 1238 1324.,12
"..\He 6481 (2,2_3_0166.jpg",left,309,— Stalberg de Rodenberg 348.,13
"..\He 6481 (2,2_3_0166.jpg",left,309,"— Uffstoyszer (Ufstotzer, Offstorffer) de Frideberg 167 427 1161.",14
"..\He 6481 (2,2_3_0166.jpg",left,309,— de Urse 653.,15
"..\He 6481 (2,2_3_0166.jpg",left,309,— Welfholt 1161.,16
"..\He 6481 (2,2_3_0166.jpg",left,309,— Windling 1161.,17
"..\He 6481 (2,2_3_0166.jpg",left,309,Wighardus 221.,18
"..\He 6481 (2,2_3_0166.jpg",left,309,— de Mont [...] al. de Vorch [...] 1161.,19
"..\He 6481 (2,2_3_0166.jpg",left,309,— de Roggo 823.,20
"..\He 6481 (2,2_3_0166.jpg",left,309,Wigboldus ep. Culm. 888.,21
"..\He 6481 (2,2_3_0166.jpg",left,309,Wiggerus abb. mon. s. Marie Migdelburg. 1324.,22
"..\He 6481 (2,2_3_0166.jpg",left,309,Vigilius Dominici 1167.,23
"..\He 6481 (2,2_3_0166.jpg",left,309,Wylandus (Wilandus) de Cruthusen 1325 1430 1432.,24
"..\He 6481 (2,2_3_0166.jpg",left,309,Wilbertus de Sladis 1020.,25
"..\He 6481 (2,2_3_0166.jpg",left,309,Wilbrandus (Wulbrandus) Bante 1162.,26
"..\He 6481 (2,2_3_0166.jpg",left,309,— de Hallermont (Hallerpunt) 956 1162.,27
"..\He 6481 (2,2_3_0166.jpg",left,309,— el. Minden. 1434.,28
"..\He 6481 (2,2_3_0166.jpg",left,309,— de Reden 1340.,29
"..\He 6481 (2,2_3_0166.jpg",left,309,"Wilkinus (Willekinus, Willikinus) Buesssche (Buschen) 1159 1162.",30
"..\He 6481 (2,2_3_0166.jpg",left,309,— de Leden 1162.,31
"..\He 6481 (2,2_3_0166.jpg",left,309,— Magultzhoven 130.,32
"..\He 6481 (2,2_3_0166.jpg",left,309,— de Niemborch 1162.,33
"..\He 6481 (2,2_3_0166.jpg",left,309,— Schacht 1162.,34
"..\He 6481 (2,2_3_0166.jpg",left,309,— Zure 1163.,35
"..\He 6481 (2,2_3_0166.jpg",left,309,Wildericus de Mitra 25 28.,36
"..\He 6481 (2,2_3_0166.jpg",left,309,"Wilhelmus, Wilielmus, Willermus v. Guilelmus.",37
"..\He 6481 (2,2_3_0166.jpg",left,309,Wilherus Besseler 956.,38
"..\He 6481 (2,2_3_0166.jpg",left,309,Wilibaldus Romer 1432.,39
"..\He 6481 (2,2_3_0166.jpg",left,309,Wilmod 1325 (v. Gerwinus Cleppinges).,40
"..\He 6481 (2,2_3_0166.jpg",left,309,— de Hovele 1221.,41
"..\He 6481 (2,2_3_0166.jpg",left,309,Wynandus v. W. Ort de Stega.,42
"..\He 6481 (2,2_3_0166.jpg",left,309,— de Averstorp 340.,43
"..\He 6481 (2,2_3_0166.jpg",left,309,— de Amb 1163.,44
"..\He 6481 (2,2_3_0166.jpg",left,309,— de Arnhem 1163.,45
"..\He 6481 (2,2_3_0166.jpg",left,309,— de Askentres 284.,46
"..\He 6481 (2,2_3_0166.jpg",left,309,— de Bramoelen (Boemelen) 373 1164.,47
"..\He 6481 (2,2_3_0165.jpg",right,308,Wernherus Spagel 1233.,1
"..\He 6481 (2,2_3_0165.jpg",right,308,— Spekker 1037.,2
"..\He 6481 (2,2_3_0165.jpg",right,308,— Stephani de Sczepicze 1157.,3
"..\He 6481 (2,2_3_0165.jpg",right,308,— Tenputte v. W. de Puteo.,4
"..\He 6481 (2,2_3_0165.jpg",right,308,— de Thettingen 1157.,5
"..\He 6481 (2,2_3_0165.jpg",right,308,— Thorner 1417.,6
"..\He 6481 (2,2_3_0165.jpg",right,308,— aep. Trever. 88 212 284 290 356 394 416 444 452 458 489 536 540 541 543 633 656 673 695 697 726 880 909 938 977 986 1020 1120 1157 1198 1247 1269 1303 1306 1308 1335 1338 1344 1361 1367 1395 1414 1431.,7
"..\He 6481 (2,2_3_0165.jpg",right,308,— de Ursleve 873.,8
"..\He 6481 (2,2_3_0165.jpg",right,308,— Wernekens 1324.,9
"..\He 6481 (2,2_3_0165.jpg",right,308,— Werneri Bertolfi 1157.,10
"..\He 6481 (2,2_3_0165.jpg",right,308,— Wernheri de Pedernaco 1157.,11
"..\He 6481 (2,2_3_0165.jpg",right,308,— dominus de Westerburg 1157.,12
"..\He 6481 (2,2_3_0165.jpg",right,308,— Wilustem 1207.,13
"..\He 6481 (2,2_3_0165.jpg",right,308,— Winter (Wynter) 1157 1351.,14
"..\He 6481 (2,2_3_0165.jpg",right,308,— Zange 478.,15
"..\He 6481 (2,2_3_0165.jpg",right,308,Wernlinus Koechlin de Bustwilre 1157.,16
"..\He 6481 (2,2_3_0165.jpg",right,308,Veronica 879 (v. Nicolaus de Boleslavia).,17
"..\He 6481 (2,2_3_0165.jpg",right,308,Wesselus van den Hale 1158.,18
"..\He 6481 (2,2_3_0165.jpg",right,308,— d. Vos 159.,19
"..\He 6481 (2,2_3_0165.jpg",right,308,"— (Wescelus, Westelus) Losen (Lczen) 658 788.",20
"..\He 6481 (2,2_3_0165.jpg",right,308,— Rodeneve de Halteren 1324.,21
"..\He 6481 (2,2_3_0165.jpg",right,308,— de Wingarden 1030.,22
"..\He 6481 (2,2_3_0165.jpg",right,308,Wetego Vesper 1158.,23
"..\He 6481 (2,2_3_0165.jpg",right,308,Wiardus Tunonis 40.,24
"..\He 6481 (2,2_3_0165.jpg",right,308,Wibertus Nicolai de Lunden 1158.,25
"..\He 6481 (2,2_3_0165.jpg",right,308,Wichardus de Rochow 1159.,26
"..\He 6481 (2,2_3_0165.jpg",right,308,Wicboldus ep. Pharen. 1159.,27
"..\He 6481 (2,2_3_0165.jpg",right,308,Wyke 1315 (v. Theodericus Scriptoris de Franker).,28
"..\He 6481 (2,2_3_0165.jpg",right,308,Wichertus de Pattensen 1159.,29
"..\He 6481 (2,2_3_0165.jpg",right,308,Wykerus Vomsale de Francfurdia 1159.,30
"..\He 6481 (2,2_3_0165.jpg",right,308,— Nicolai de Strigovia 595.,31
"..\He 6481 (2,2_3_0165.jpg",right,308,Wichmannus Crede 615 1159.,32
"..\He 6481 (2,2_3_0165.jpg",right,308,Widekindus v. Wedekindus.,33
"..\He 6481 (2,2_3_0165.jpg",right,308,Widolo 221.,34
"..\He 6481 (2,2_3_0165.jpg",right,308,Wigandus (Vigandus) 807.,35
"..\He 6481 (2,2_3_0165.jpg",right,308,— 1295.,36
"..\He 6481 (2,2_3_0165.jpg",right,308,— Andemfelde 202 1160.,37
"..\He 6481 (2,2_3_0165.jpg",right,308,— de Assenheim 582.,38
"..\He 6481 (2,2_3_0165.jpg",right,308,— de Byenbach 183.,39
"..\He 6481 (2,2_3_0165.jpg",right,308,— Blentze de Lymburg 1160.,40
"..\He 6481 (2,2_3_0165.jpg",right,308,— de Buches 1160.,41
"..\He 6481 (2,2_3_0165.jpg",right,308,— Burrusz de Echzil 1160.,42
"..\He 6481 (2,2_3_0165.jpg",right,308,— de Kassel 59.,43
"..\He 6481 (2,2_3_0165.jpg",right,308,— Kesselryng (Keszeling) 420 1161.,44
